ISO-10303-21;
HEADER;
/* Generated by software containing ST-Developer
 * from STEP Tools, Inc. (www.steptools.com) 
 */

FILE_DESCRIPTION(
/* description */ (''),
/* implementation_level */ '2;1');

FILE_NAME(
/* name */ 'case-bottom.step',
/* time_stamp */ '2026-09-11T23:24:51+03:00',
/* author */ (''),
/* organization */ (''),
/* preprocessor_version */ 'ST-DEVELOPER v20.1',
/* originating_system */ 'Autodesk Translation Framework v15.8.0.0',
/* authorisation */ '');

FILE_SCHEMA (('AUTOMOTIVE_DESIGN { 1 0 10303 214 3 1 1 }'));
ENDSEC;

DATA;
#10=MECHANICAL_DESIGN_GEOMETRIC_PRESENTATION_REPRESENTATION('',(#13),#5056);
#11=SHAPE_REPRESENTATION_RELATIONSHIP('SRR','None',#5063,#12);
#12=ADVANCED_BREP_SHAPE_REPRESENTATION('',(#14),#5055);
#13=STYLED_ITEM('',(#5073),#14);
#14=MANIFOLD_SOLID_BREP('case-bottom',#3158);
#15=CIRCLE('',#3221,3.68000055801322);
#16=CIRCLE('',#3222,3.68000055801322);
#17=CIRCLE('',#3224,3.68000145573137);
#18=CIRCLE('',#3225,3.68000145573137);
#19=CIRCLE('',#3228,3.68000055801321);
#20=CIRCLE('',#3229,3.68000055801321);
#21=CIRCLE('',#3232,3.68000145573135);
#22=CIRCLE('',#3233,3.68000145573135);
#23=CIRCLE('',#3236,1.4);
#24=CIRCLE('',#3237,1.40000000000001);
#25=CIRCLE('',#3238,1.39999999999997);
#26=CIRCLE('',#3239,1.4);
#27=CIRCLE('',#3240,1.4);
#28=CIRCLE('',#3241,1.40000000000001);
#29=CIRCLE('',#3242,1.39999999999997);
#30=CIRCLE('',#3243,1.39999999999999);
#31=CIRCLE('',#3244,1.40000000000001);
#32=CIRCLE('',#3246,1.40000000000001);
#33=CIRCLE('',#3249,1.39999999999999);
#34=CIRCLE('',#3252,1.39999999999997);
#35=CIRCLE('',#3255,1.40000000000001);
#36=CIRCLE('',#3258,1.4);
#37=CIRCLE('',#3261,1.4);
#38=CIRCLE('',#3264,1.39999999999997);
#39=CIRCLE('',#3267,1.40000000000001);
#40=CIRCLE('',#3270,1.4);
#41=CYLINDRICAL_SURFACE('',#3220,3.6799994468936);
#42=CYLINDRICAL_SURFACE('',#3223,3.68000034461147);
#43=CYLINDRICAL_SURFACE('',#3227,3.67999944689358);
#44=CYLINDRICAL_SURFACE('',#3231,3.68000034461146);
#45=CYLINDRICAL_SURFACE('',#3247,1.40000000000001);
#46=CYLINDRICAL_SURFACE('',#3250,1.39999999999999);
#47=CYLINDRICAL_SURFACE('',#3253,1.39999999999997);
#48=CYLINDRICAL_SURFACE('',#3256,1.40000000000001);
#49=CYLINDRICAL_SURFACE('',#3259,1.4);
#50=CYLINDRICAL_SURFACE('',#3262,1.4);
#51=CYLINDRICAL_SURFACE('',#3265,1.39999999999997);
#52=CYLINDRICAL_SURFACE('',#3268,1.40000000000001);
#53=CYLINDRICAL_SURFACE('',#3271,1.4);
#54=FACE_BOUND('',#233,.T.);
#55=FACE_BOUND('',#287,.T.);
#56=FACE_BOUND('',#288,.T.);
#57=FACE_BOUND('',#289,.T.);
#58=FACE_BOUND('',#290,.T.);
#59=FACE_BOUND('',#291,.T.);
#60=FACE_BOUND('',#292,.T.);
#61=FACE_BOUND('',#293,.T.);
#62=FACE_BOUND('',#294,.T.);
#63=FACE_BOUND('',#295,.T.);
#64=FACE_OUTER_BOUND('',#230,.T.);
#65=FACE_OUTER_BOUND('',#231,.T.);
#66=FACE_OUTER_BOUND('',#232,.T.);
#67=FACE_OUTER_BOUND('',#234,.T.);
#68=FACE_OUTER_BOUND('',#235,.T.);
#69=FACE_OUTER_BOUND('',#236,.T.);
#70=FACE_OUTER_BOUND('',#237,.T.);
#71=FACE_OUTER_BOUND('',#238,.T.);
#72=FACE_OUTER_BOUND('',#239,.T.);
#73=FACE_OUTER_BOUND('',#240,.T.);
#74=FACE_OUTER_BOUND('',#241,.T.);
#75=FACE_OUTER_BOUND('',#242,.T.);
#76=FACE_OUTER_BOUND('',#243,.T.);
#77=FACE_OUTER_BOUND('',#244,.T.);
#78=FACE_OUTER_BOUND('',#245,.T.);
#79=FACE_OUTER_BOUND('',#246,.T.);
#80=FACE_OUTER_BOUND('',#247,.T.);
#81=FACE_OUTER_BOUND('',#248,.T.);
#82=FACE_OUTER_BOUND('',#249,.T.);
#83=FACE_OUTER_BOUND('',#250,.T.);
#84=FACE_OUTER_BOUND('',#251,.T.);
#85=FACE_OUTER_BOUND('',#252,.T.);
#86=FACE_OUTER_BOUND('',#253,.T.);
#87=FACE_OUTER_BOUND('',#254,.T.);
#88=FACE_OUTER_BOUND('',#255,.T.);
#89=FACE_OUTER_BOUND('',#256,.T.);
#90=FACE_OUTER_BOUND('',#257,.T.);
#91=FACE_OUTER_BOUND('',#258,.T.);
#92=FACE_OUTER_BOUND('',#259,.T.);
#93=FACE_OUTER_BOUND('',#260,.T.);
#94=FACE_OUTER_BOUND('',#261,.T.);
#95=FACE_OUTER_BOUND('',#262,.T.);
#96=FACE_OUTER_BOUND('',#263,.T.);
#97=FACE_OUTER_BOUND('',#264,.T.);
#98=FACE_OUTER_BOUND('',#265,.T.);
#99=FACE_OUTER_BOUND('',#266,.T.);
#100=FACE_OUTER_BOUND('',#267,.T.);
#101=FACE_OUTER_BOUND('',#268,.T.);
#102=FACE_OUTER_BOUND('',#269,.T.);
#103=FACE_OUTER_BOUND('',#270,.T.);
#104=FACE_OUTER_BOUND('',#271,.T.);
#105=FACE_OUTER_BOUND('',#272,.T.);
#106=FACE_OUTER_BOUND('',#273,.T.);
#107=FACE_OUTER_BOUND('',#274,.T.);
#108=FACE_OUTER_BOUND('',#275,.T.);
#109=FACE_OUTER_BOUND('',#276,.T.);
#110=FACE_OUTER_BOUND('',#277,.T.);
#111=FACE_OUTER_BOUND('',#278,.T.);
#112=FACE_OUTER_BOUND('',#279,.T.);
#113=FACE_OUTER_BOUND('',#280,.T.);
#114=FACE_OUTER_BOUND('',#281,.T.);
#115=FACE_OUTER_BOUND('',#282,.T.);
#116=FACE_OUTER_BOUND('',#283,.T.);
#117=FACE_OUTER_BOUND('',#284,.T.);
#118=FACE_OUTER_BOUND('',#285,.T.);
#119=FACE_OUTER_BOUND('',#286,.T.);
#120=FACE_OUTER_BOUND('',#296,.T.);
#121=FACE_OUTER_BOUND('',#297,.T.);
#122=FACE_OUTER_BOUND('',#298,.T.);
#123=FACE_OUTER_BOUND('',#299,.T.);
#124=FACE_OUTER_BOUND('',#300,.T.);
#125=FACE_OUTER_BOUND('',#301,.T.);
#126=FACE_OUTER_BOUND('',#302,.T.);
#127=FACE_OUTER_BOUND('',#303,.T.);
#128=FACE_OUTER_BOUND('',#304,.T.);
#129=FACE_OUTER_BOUND('',#305,.T.);
#130=FACE_OUTER_BOUND('',#306,.T.);
#131=FACE_OUTER_BOUND('',#307,.T.);
#132=FACE_OUTER_BOUND('',#308,.T.);
#133=FACE_OUTER_BOUND('',#309,.T.);
#134=FACE_OUTER_BOUND('',#310,.T.);
#135=FACE_OUTER_BOUND('',#311,.T.);
#136=FACE_OUTER_BOUND('',#312,.T.);
#137=FACE_OUTER_BOUND('',#313,.T.);
#138=FACE_OUTER_BOUND('',#314,.T.);
#139=FACE_OUTER_BOUND('',#315,.T.);
#140=FACE_OUTER_BOUND('',#316,.T.);
#141=FACE_OUTER_BOUND('',#317,.T.);
#142=FACE_OUTER_BOUND('',#318,.T.);
#143=FACE_OUTER_BOUND('',#319,.T.);
#144=FACE_OUTER_BOUND('',#320,.T.);
#145=FACE_OUTER_BOUND('',#321,.T.);
#146=FACE_OUTER_BOUND('',#322,.T.);
#147=FACE_OUTER_BOUND('',#323,.T.);
#148=FACE_OUTER_BOUND('',#324,.T.);
#149=FACE_OUTER_BOUND('',#325,.T.);
#150=FACE_OUTER_BOUND('',#326,.T.);
#151=FACE_OUTER_BOUND('',#327,.T.);
#152=FACE_OUTER_BOUND('',#328,.T.);
#153=FACE_OUTER_BOUND('',#329,.T.);
#154=FACE_OUTER_BOUND('',#330,.T.);
#155=FACE_OUTER_BOUND('',#331,.T.);
#156=FACE_OUTER_BOUND('',#332,.T.);
#157=FACE_OUTER_BOUND('',#333,.T.);
#158=FACE_OUTER_BOUND('',#334,.T.);
#159=FACE_OUTER_BOUND('',#335,.T.);
#160=FACE_OUTER_BOUND('',#336,.T.);
#161=FACE_OUTER_BOUND('',#337,.T.);
#162=FACE_OUTER_BOUND('',#338,.T.);
#163=FACE_OUTER_BOUND('',#339,.T.);
#164=FACE_OUTER_BOUND('',#340,.T.);
#165=FACE_OUTER_BOUND('',#341,.T.);
#166=FACE_OUTER_BOUND('',#342,.T.);
#167=FACE_OUTER_BOUND('',#343,.T.);
#168=FACE_OUTER_BOUND('',#344,.T.);
#169=FACE_OUTER_BOUND('',#345,.T.);
#170=FACE_OUTER_BOUND('',#346,.T.);
#171=FACE_OUTER_BOUND('',#347,.T.);
#172=FACE_OUTER_BOUND('',#348,.T.);
#173=FACE_OUTER_BOUND('',#349,.T.);
#174=FACE_OUTER_BOUND('',#350,.T.);
#175=FACE_OUTER_BOUND('',#351,.T.);
#176=FACE_OUTER_BOUND('',#352,.T.);
#177=FACE_OUTER_BOUND('',#353,.T.);
#178=FACE_OUTER_BOUND('',#354,.T.);
#179=FACE_OUTER_BOUND('',#355,.T.);
#180=FACE_OUTER_BOUND('',#356,.T.);
#181=FACE_OUTER_BOUND('',#357,.T.);
#182=FACE_OUTER_BOUND('',#358,.T.);
#183=FACE_OUTER_BOUND('',#359,.T.);
#184=FACE_OUTER_BOUND('',#360,.T.);
#185=FACE_OUTER_BOUND('',#361,.T.);
#186=FACE_OUTER_BOUND('',#362,.T.);
#187=FACE_OUTER_BOUND('',#363,.T.);
#188=FACE_OUTER_BOUND('',#364,.T.);
#189=FACE_OUTER_BOUND('',#365,.T.);
#190=FACE_OUTER_BOUND('',#366,.T.);
#191=FACE_OUTER_BOUND('',#367,.T.);
#192=FACE_OUTER_BOUND('',#368,.T.);
#193=FACE_OUTER_BOUND('',#369,.T.);
#194=FACE_OUTER_BOUND('',#370,.T.);
#195=FACE_OUTER_BOUND('',#371,.T.);
#196=FACE_OUTER_BOUND('',#372,.T.);
#197=FACE_OUTER_BOUND('',#373,.T.);
#198=FACE_OUTER_BOUND('',#374,.T.);
#199=FACE_OUTER_BOUND('',#375,.T.);
#200=FACE_OUTER_BOUND('',#376,.T.);
#201=FACE_OUTER_BOUND('',#377,.T.);
#202=FACE_OUTER_BOUND('',#378,.T.);
#203=FACE_OUTER_BOUND('',#379,.T.);
#204=FACE_OUTER_BOUND('',#380,.T.);
#205=FACE_OUTER_BOUND('',#381,.T.);
#206=FACE_OUTER_BOUND('',#382,.T.);
#207=FACE_OUTER_BOUND('',#383,.T.);
#208=FACE_OUTER_BOUND('',#384,.T.);
#209=FACE_OUTER_BOUND('',#385,.T.);
#210=FACE_OUTER_BOUND('',#386,.T.);
#211=FACE_OUTER_BOUND('',#387,.T.);
#212=FACE_OUTER_BOUND('',#388,.T.);
#213=FACE_OUTER_BOUND('',#389,.T.);
#214=FACE_OUTER_BOUND('',#390,.T.);
#215=FACE_OUTER_BOUND('',#391,.T.);
#216=FACE_OUTER_BOUND('',#392,.T.);
#217=FACE_OUTER_BOUND('',#393,.T.);
#218=FACE_OUTER_BOUND('',#394,.T.);
#219=FACE_OUTER_BOUND('',#395,.T.);
#220=FACE_OUTER_BOUND('',#396,.T.);
#221=FACE_OUTER_BOUND('',#397,.T.);
#222=FACE_OUTER_BOUND('',#398,.T.);
#223=FACE_OUTER_BOUND('',#399,.T.);
#224=FACE_OUTER_BOUND('',#400,.T.);
#225=FACE_OUTER_BOUND('',#401,.T.);
#226=FACE_OUTER_BOUND('',#402,.T.);
#227=FACE_OUTER_BOUND('',#403,.T.);
#228=FACE_OUTER_BOUND('',#404,.T.);
#229=FACE_OUTER_BOUND('',#405,.T.);
#230=EDGE_LOOP('',(#1957,#1958,#1959,#1960));
#231=EDGE_LOOP('',(#1961,#1962,#1963,#1964));
#232=EDGE_LOOP('',(#1965,#1966,#1967,#1968,#1969,#1970,#1971,#1972,#1973,
#1974,#1975,#1976));
#233=EDGE_LOOP('',(#1977,#1978,#1979,#1980,#1981,#1982,#1983,#1984,#1985,
#1986,#1987,#1988,#1989,#1990,#1991,#1992,#1993,#1994,#1995,#1996,#1997,
#1998));
#234=EDGE_LOOP('',(#1999,#2000,#2001,#2002));
#235=EDGE_LOOP('',(#2003,#2004,#2005,#2006,#2007));
#236=EDGE_LOOP('',(#2008,#2009,#2010,#2011));
#237=EDGE_LOOP('',(#2012,#2013,#2014,#2015,#2016));
#238=EDGE_LOOP('',(#2017,#2018,#2019,#2020));
#239=EDGE_LOOP('',(#2021,#2022,#2023,#2024));
#240=EDGE_LOOP('',(#2025,#2026,#2027,#2028,#2029,#2030,#2031,#2032));
#241=EDGE_LOOP('',(#2033,#2034,#2035,#2036));
#242=EDGE_LOOP('',(#2037,#2038,#2039,#2040));
#243=EDGE_LOOP('',(#2041,#2042,#2043,#2044));
#244=EDGE_LOOP('',(#2045,#2046,#2047,#2048));
#245=EDGE_LOOP('',(#2049,#2050,#2051,#2052));
#246=EDGE_LOOP('',(#2053,#2054,#2055,#2056));
#247=EDGE_LOOP('',(#2057,#2058,#2059,#2060));
#248=EDGE_LOOP('',(#2061,#2062,#2063,#2064));
#249=EDGE_LOOP('',(#2065,#2066,#2067,#2068));
#250=EDGE_LOOP('',(#2069,#2070,#2071,#2072));
#251=EDGE_LOOP('',(#2073,#2074,#2075,#2076));
#252=EDGE_LOOP('',(#2077,#2078,#2079,#2080));
#253=EDGE_LOOP('',(#2081,#2082,#2083,#2084));
#254=EDGE_LOOP('',(#2085,#2086,#2087,#2088));
#255=EDGE_LOOP('',(#2089,#2090,#2091,#2092));
#256=EDGE_LOOP('',(#2093,#2094,#2095,#2096));
#257=EDGE_LOOP('',(#2097,#2098,#2099,#2100));
#258=EDGE_LOOP('',(#2101,#2102,#2103,#2104,#2105));
#259=EDGE_LOOP('',(#2106,#2107,#2108,#2109));
#260=EDGE_LOOP('',(#2110,#2111,#2112,#2113));
#261=EDGE_LOOP('',(#2114,#2115,#2116,#2117,#2118));
#262=EDGE_LOOP('',(#2119,#2120,#2121,#2122));
#263=EDGE_LOOP('',(#2123,#2124,#2125,#2126));
#264=EDGE_LOOP('',(#2127,#2128,#2129,#2130,#2131,#2132));
#265=EDGE_LOOP('',(#2133,#2134,#2135,#2136,#2137,#2138));
#266=EDGE_LOOP('',(#2139,#2140,#2141,#2142));
#267=EDGE_LOOP('',(#2143,#2144,#2145,#2146,#2147,#2148,#2149,#2150));
#268=EDGE_LOOP('',(#2151,#2152,#2153,#2154));
#269=EDGE_LOOP('',(#2155,#2156,#2157,#2158));
#270=EDGE_LOOP('',(#2159,#2160,#2161,#2162));
#271=EDGE_LOOP('',(#2163,#2164,#2165,#2166,#2167,#2168,#2169,#2170));
#272=EDGE_LOOP('',(#2171,#2172,#2173,#2174,#2175,#2176));
#273=EDGE_LOOP('',(#2177,#2178,#2179,#2180));
#274=EDGE_LOOP('',(#2181,#2182,#2183,#2184));
#275=EDGE_LOOP('',(#2185,#2186,#2187,#2188));
#276=EDGE_LOOP('',(#2189,#2190,#2191,#2192));
#277=EDGE_LOOP('',(#2193,#2194,#2195,#2196));
#278=EDGE_LOOP('',(#2197,#2198,#2199,#2200));
#279=EDGE_LOOP('',(#2201,#2202,#2203,#2204));
#280=EDGE_LOOP('',(#2205,#2206,#2207,#2208));
#281=EDGE_LOOP('',(#2209,#2210,#2211,#2212));
#282=EDGE_LOOP('',(#2213,#2214,#2215,#2216));
#283=EDGE_LOOP('',(#2217,#2218,#2219,#2220));
#284=EDGE_LOOP('',(#2221,#2222,#2223,#2224));
#285=EDGE_LOOP('',(#2225,#2226,#2227,#2228,#2229,#2230,#2231,#2232,#2233,
#2234,#2235,#2236,#2237,#2238,#2239,#2240,#2241,#2242,#2243,#2244,#2245,
#2246,#2247,#2248,#2249,#2250,#2251,#2252,#2253,#2254,#2255,#2256,#2257,
#2258,#2259,#2260));
#286=EDGE_LOOP('',(#2261,#2262,#2263,#2264,#2265,#2266,#2267,#2268,#2269,
#2270,#2271,#2272,#2273,#2274,#2275,#2276,#2277,#2278,#2279,#2280,#2281,
#2282,#2283,#2284,#2285,#2286,#2287,#2288,#2289,#2290,#2291,#2292,#2293,
#2294,#2295,#2296,#2297,#2298,#2299,#2300,#2301,#2302,#2303,#2304,#2305,
#2306,#2307,#2308,#2309,#2310,#2311,#2312,#2313,#2314,#2315,#2316,#2317,
#2318,#2319,#2320,#2321,#2322,#2323,#2324,#2325,#2326,#2327,#2328,#2329,
#2330,#2331,#2332,#2333,#2334,#2335,#2336,#2337,#2338,#2339,#2340,#2341,
#2342,#2343,#2344,#2345,#2346,#2347,#2348,#2349,#2350,#2351,#2352,#2353,
#2354,#2355,#2356));
#287=EDGE_LOOP('',(#2357));
#288=EDGE_LOOP('',(#2358));
#289=EDGE_LOOP('',(#2359));
#290=EDGE_LOOP('',(#2360));
#291=EDGE_LOOP('',(#2361));
#292=EDGE_LOOP('',(#2362));
#293=EDGE_LOOP('',(#2363));
#294=EDGE_LOOP('',(#2364));
#295=EDGE_LOOP('',(#2365));
#296=EDGE_LOOP('',(#2366));
#297=EDGE_LOOP('',(#2367,#2368,#2369,#2370));
#298=EDGE_LOOP('',(#2371));
#299=EDGE_LOOP('',(#2372,#2373,#2374,#2375));
#300=EDGE_LOOP('',(#2376));
#301=EDGE_LOOP('',(#2377,#2378,#2379,#2380));
#302=EDGE_LOOP('',(#2381));
#303=EDGE_LOOP('',(#2382,#2383,#2384,#2385));
#304=EDGE_LOOP('',(#2386));
#305=EDGE_LOOP('',(#2387,#2388,#2389,#2390));
#306=EDGE_LOOP('',(#2391));
#307=EDGE_LOOP('',(#2392,#2393,#2394,#2395));
#308=EDGE_LOOP('',(#2396));
#309=EDGE_LOOP('',(#2397,#2398,#2399,#2400));
#310=EDGE_LOOP('',(#2401));
#311=EDGE_LOOP('',(#2402,#2403,#2404,#2405));
#312=EDGE_LOOP('',(#2406));
#313=EDGE_LOOP('',(#2407,#2408,#2409,#2410));
#314=EDGE_LOOP('',(#2411,#2412,#2413,#2414));
#315=EDGE_LOOP('',(#2415,#2416,#2417,#2418,#2419,#2420,#2421,#2422,#2423,
#2424,#2425,#2426));
#316=EDGE_LOOP('',(#2427,#2428,#2429,#2430));
#317=EDGE_LOOP('',(#2431,#2432,#2433,#2434));
#318=EDGE_LOOP('',(#2435,#2436,#2437,#2438));
#319=EDGE_LOOP('',(#2439,#2440,#2441,#2442));
#320=EDGE_LOOP('',(#2443,#2444,#2445,#2446));
#321=EDGE_LOOP('',(#2447,#2448,#2449,#2450));
#322=EDGE_LOOP('',(#2451,#2452,#2453,#2454));
#323=EDGE_LOOP('',(#2455,#2456,#2457,#2458));
#324=EDGE_LOOP('',(#2459,#2460,#2461,#2462));
#325=EDGE_LOOP('',(#2463,#2464,#2465,#2466));
#326=EDGE_LOOP('',(#2467,#2468,#2469,#2470));
#327=EDGE_LOOP('',(#2471,#2472,#2473,#2474));
#328=EDGE_LOOP('',(#2475,#2476,#2477,#2478));
#329=EDGE_LOOP('',(#2479,#2480,#2481,#2482));
#330=EDGE_LOOP('',(#2483,#2484,#2485,#2486));
#331=EDGE_LOOP('',(#2487,#2488,#2489,#2490));
#332=EDGE_LOOP('',(#2491,#2492,#2493,#2494));
#333=EDGE_LOOP('',(#2495,#2496,#2497,#2498));
#334=EDGE_LOOP('',(#2499,#2500,#2501,#2502));
#335=EDGE_LOOP('',(#2503,#2504,#2505,#2506));
#336=EDGE_LOOP('',(#2507,#2508,#2509,#2510));
#337=EDGE_LOOP('',(#2511,#2512,#2513,#2514));
#338=EDGE_LOOP('',(#2515,#2516,#2517,#2518));
#339=EDGE_LOOP('',(#2519,#2520,#2521,#2522));
#340=EDGE_LOOP('',(#2523,#2524,#2525,#2526));
#341=EDGE_LOOP('',(#2527,#2528,#2529,#2530));
#342=EDGE_LOOP('',(#2531,#2532,#2533,#2534));
#343=EDGE_LOOP('',(#2535,#2536,#2537,#2538));
#344=EDGE_LOOP('',(#2539,#2540,#2541,#2542));
#345=EDGE_LOOP('',(#2543,#2544,#2545,#2546));
#346=EDGE_LOOP('',(#2547,#2548,#2549,#2550));
#347=EDGE_LOOP('',(#2551,#2552,#2553,#2554));
#348=EDGE_LOOP('',(#2555,#2556,#2557,#2558));
#349=EDGE_LOOP('',(#2559,#2560,#2561,#2562));
#350=EDGE_LOOP('',(#2563,#2564,#2565,#2566));
#351=EDGE_LOOP('',(#2567,#2568,#2569,#2570));
#352=EDGE_LOOP('',(#2571,#2572,#2573,#2574));
#353=EDGE_LOOP('',(#2575,#2576,#2577,#2578));
#354=EDGE_LOOP('',(#2579,#2580,#2581,#2582));
#355=EDGE_LOOP('',(#2583,#2584,#2585,#2586));
#356=EDGE_LOOP('',(#2587,#2588,#2589,#2590));
#357=EDGE_LOOP('',(#2591,#2592,#2593,#2594));
#358=EDGE_LOOP('',(#2595,#2596,#2597,#2598));
#359=EDGE_LOOP('',(#2599,#2600,#2601,#2602));
#360=EDGE_LOOP('',(#2603,#2604,#2605,#2606));
#361=EDGE_LOOP('',(#2607,#2608,#2609,#2610,#2611,#2612,#2613,#2614,#2615,
#2616,#2617,#2618,#2619,#2620,#2621,#2622));
#362=EDGE_LOOP('',(#2623,#2624,#2625,#2626));
#363=EDGE_LOOP('',(#2627,#2628,#2629,#2630));
#364=EDGE_LOOP('',(#2631,#2632,#2633,#2634));
#365=EDGE_LOOP('',(#2635,#2636,#2637,#2638));
#366=EDGE_LOOP('',(#2639,#2640,#2641,#2642));
#367=EDGE_LOOP('',(#2643,#2644,#2645,#2646));
#368=EDGE_LOOP('',(#2647,#2648,#2649,#2650));
#369=EDGE_LOOP('',(#2651,#2652,#2653,#2654));
#370=EDGE_LOOP('',(#2655,#2656,#2657,#2658));
#371=EDGE_LOOP('',(#2659,#2660,#2661,#2662));
#372=EDGE_LOOP('',(#2663,#2664,#2665,#2666));
#373=EDGE_LOOP('',(#2667,#2668,#2669,#2670));
#374=EDGE_LOOP('',(#2671,#2672,#2673,#2674));
#375=EDGE_LOOP('',(#2675,#2676,#2677,#2678));
#376=EDGE_LOOP('',(#2679,#2680,#2681,#2682));
#377=EDGE_LOOP('',(#2683,#2684,#2685,#2686));
#378=EDGE_LOOP('',(#2687,#2688,#2689,#2690,#2691,#2692,#2693,#2694,#2695,
#2696,#2697,#2698,#2699,#2700,#2701,#2702,#2703,#2704,#2705,#2706,#2707,
#2708,#2709,#2710));
#379=EDGE_LOOP('',(#2711,#2712,#2713,#2714));
#380=EDGE_LOOP('',(#2715,#2716,#2717,#2718));
#381=EDGE_LOOP('',(#2719,#2720,#2721,#2722));
#382=EDGE_LOOP('',(#2723,#2724,#2725,#2726));
#383=EDGE_LOOP('',(#2727,#2728,#2729,#2730));
#384=EDGE_LOOP('',(#2731,#2732,#2733,#2734));
#385=EDGE_LOOP('',(#2735,#2736,#2737,#2738));
#386=EDGE_LOOP('',(#2739,#2740,#2741,#2742,#2743,#2744,#2745,#2746,#2747,
#2748,#2749,#2750));
#387=EDGE_LOOP('',(#2751,#2752,#2753,#2754));
#388=EDGE_LOOP('',(#2755,#2756,#2757,#2758));
#389=EDGE_LOOP('',(#2759,#2760,#2761,#2762));
#390=EDGE_LOOP('',(#2763,#2764,#2765,#2766,#2767,#2768,#2769,#2770));
#391=EDGE_LOOP('',(#2771,#2772,#2773,#2774));
#392=EDGE_LOOP('',(#2775,#2776,#2777,#2778));
#393=EDGE_LOOP('',(#2779,#2780,#2781,#2782));
#394=EDGE_LOOP('',(#2783,#2784,#2785,#2786));
#395=EDGE_LOOP('',(#2787,#2788,#2789,#2790));
#396=EDGE_LOOP('',(#2791,#2792,#2793,#2794));
#397=EDGE_LOOP('',(#2795,#2796,#2797,#2798));
#398=EDGE_LOOP('',(#2799,#2800,#2801,#2802));
#399=EDGE_LOOP('',(#2803,#2804,#2805,#2806));
#400=EDGE_LOOP('',(#2807,#2808,#2809,#2810));
#401=EDGE_LOOP('',(#2811,#2812,#2813,#2814));
#402=EDGE_LOOP('',(#2815,#2816,#2817,#2818,#2819,#2820,#2821,#2822,#2823,
#2824,#2825,#2826));
#403=EDGE_LOOP('',(#2827,#2828,#2829,#2830));
#404=EDGE_LOOP('',(#2831,#2832,#2833,#2834));
#405=EDGE_LOOP('',(#2835,#2836,#2837,#2838));
#406=LINE('',#4169,#821);
#407=LINE('',#4171,#822);
#408=LINE('',#4173,#823);
#409=LINE('',#4174,#824);
#410=LINE('',#4178,#825);
#411=LINE('',#4180,#826);
#412=LINE('',#4182,#827);
#413=LINE('',#4183,#828);
#414=LINE('',#4187,#829);
#415=LINE('',#4189,#830);
#416=LINE('',#4191,#831);
#417=LINE('',#4193,#832);
#418=LINE('',#4195,#833);
#419=LINE('',#4197,#834);
#420=LINE('',#4199,#835);
#421=LINE('',#4201,#836);
#422=LINE('',#4203,#837);
#423=LINE('',#4205,#838);
#424=LINE('',#4207,#839);
#425=LINE('',#4208,#840);
#426=LINE('',#4211,#841);
#427=LINE('',#4213,#842);
#428=LINE('',#4215,#843);
#429=LINE('',#4217,#844);
#430=LINE('',#4219,#845);
#431=LINE('',#4220,#846);
#432=LINE('',#4222,#847);
#433=LINE('',#4224,#848);
#434=LINE('',#4226,#849);
#435=LINE('',#4227,#850);
#436=LINE('',#4229,#851);
#437=LINE('',#4231,#852);
#438=LINE('',#4233,#853);
#439=LINE('',#4235,#854);
#440=LINE('',#4236,#855);
#441=LINE('',#4238,#856);
#442=LINE('',#4240,#857);
#443=LINE('',#4242,#858);
#444=LINE('',#4244,#859);
#445=LINE('',#4245,#860);
#446=LINE('',#4246,#861);
#447=LINE('',#4247,#862);
#448=LINE('',#4250,#863);
#449=LINE('',#4252,#864);
#450=LINE('',#4253,#865);
#451=LINE('',#4257,#866);
#452=LINE('',#4258,#867);
#453=LINE('',#4260,#868);
#454=LINE('',#4261,#869);
#455=LINE('',#4264,#870);
#456=LINE('',#4266,#871);
#457=LINE('',#4267,#872);
#458=LINE('',#4271,#873);
#459=LINE('',#4273,#874);
#460=LINE('',#4274,#875);
#461=LINE('',#4275,#876);
#462=LINE('',#4278,#877);
#463=LINE('',#4280,#878);
#464=LINE('',#4281,#879);
#465=LINE('',#4284,#880);
#466=LINE('',#4285,#881);
#467=LINE('',#4288,#882);
#468=LINE('',#4290,#883);
#469=LINE('',#4291,#884);
#470=LINE('',#4294,#885);
#471=LINE('',#4296,#886);
#472=LINE('',#4297,#887);
#473=LINE('',#4300,#888);
#474=LINE('',#4301,#889);
#475=LINE('',#4304,#890);
#476=LINE('',#4306,#891);
#477=LINE('',#4307,#892);
#478=LINE('',#4310,#893);
#479=LINE('',#4311,#894);
#480=LINE('',#4312,#895);
#481=LINE('',#4315,#896);
#482=LINE('',#4316,#897);
#483=LINE('',#4318,#898);
#484=LINE('',#4322,#899);
#485=LINE('',#4324,#900);
#486=LINE('',#4325,#901);
#487=LINE('',#4328,#902);
#488=LINE('',#4329,#903);
#489=LINE('',#4332,#904);
#490=LINE('',#4333,#905);
#491=LINE('',#4334,#906);
#492=LINE('',#4336,#907);
#493=LINE('',#4340,#908);
#494=LINE('',#4341,#909);
#495=LINE('',#4344,#910);
#496=LINE('',#4345,#911);
#497=LINE('',#4346,#912);
#498=LINE('',#4348,#913);
#499=LINE('',#4349,#914);
#500=LINE('',#4351,#915);
#501=LINE('',#4354,#916);
#502=LINE('',#4355,#917);
#503=LINE('',#4356,#918);
#504=LINE('',#4359,#919);
#505=LINE('',#4360,#920);
#506=LINE('',#4362,#921);
#507=LINE('',#4364,#922);
#508=LINE('',#4365,#923);
#509=LINE('',#4366,#924);
#510=LINE('',#4369,#925);
#511=LINE('',#4370,#926);
#512=LINE('',#4372,#927);
#513=LINE('',#4374,#928);
#514=LINE('',#4376,#929);
#515=LINE('',#4380,#930);
#516=LINE('',#4381,#931);
#517=LINE('',#4384,#932);
#518=LINE('',#4385,#933);
#519=LINE('',#4388,#934);
#520=LINE('',#4389,#935);
#521=LINE('',#4392,#936);
#522=LINE('',#4393,#937);
#523=LINE('',#4394,#938);
#524=LINE('',#4396,#939);
#525=LINE('',#4400,#940);
#526=LINE('',#4402,#941);
#527=LINE('',#4403,#942);
#528=LINE('',#4406,#943);
#529=LINE('',#4407,#944);
#530=LINE('',#4409,#945);
#531=LINE('',#4411,#946);
#532=LINE('',#4416,#947);
#533=LINE('',#4418,#948);
#534=LINE('',#4420,#949);
#535=LINE('',#4421,#950);
#536=LINE('',#4427,#951);
#537=LINE('',#4433,#952);
#538=LINE('',#4436,#953);
#539=LINE('',#4439,#954);
#540=LINE('',#4441,#955);
#541=LINE('',#4442,#956);
#542=LINE('',#4448,#957);
#543=LINE('',#4450,#958);
#544=LINE('',#4451,#959);
#545=LINE('',#4456,#960);
#546=LINE('',#4460,#961);
#547=LINE('',#4462,#962);
#548=LINE('',#4464,#963);
#549=LINE('',#4466,#964);
#550=LINE('',#4468,#965);
#551=LINE('',#4470,#966);
#552=LINE('',#4472,#967);
#553=LINE('',#4474,#968);
#554=LINE('',#4476,#969);
#555=LINE('',#4478,#970);
#556=LINE('',#4480,#971);
#557=LINE('',#4482,#972);
#558=LINE('',#4484,#973);
#559=LINE('',#4486,#974);
#560=LINE('',#4488,#975);
#561=LINE('',#4490,#976);
#562=LINE('',#4492,#977);
#563=LINE('',#4494,#978);
#564=LINE('',#4496,#979);
#565=LINE('',#4498,#980);
#566=LINE('',#4500,#981);
#567=LINE('',#4502,#982);
#568=LINE('',#4504,#983);
#569=LINE('',#4506,#984);
#570=LINE('',#4508,#985);
#571=LINE('',#4510,#986);
#572=LINE('',#4512,#987);
#573=LINE('',#4514,#988);
#574=LINE('',#4515,#989);
#575=LINE('',#4518,#990);
#576=LINE('',#4520,#991);
#577=LINE('',#4522,#992);
#578=LINE('',#4524,#993);
#579=LINE('',#4526,#994);
#580=LINE('',#4528,#995);
#581=LINE('',#4530,#996);
#582=LINE('',#4532,#997);
#583=LINE('',#4534,#998);
#584=LINE('',#4536,#999);
#585=LINE('',#4538,#1000);
#586=LINE('',#4540,#1001);
#587=LINE('',#4542,#1002);
#588=LINE('',#4544,#1003);
#589=LINE('',#4546,#1004);
#590=LINE('',#4548,#1005);
#591=LINE('',#4550,#1006);
#592=LINE('',#4552,#1007);
#593=LINE('',#4554,#1008);
#594=LINE('',#4556,#1009);
#595=LINE('',#4558,#1010);
#596=LINE('',#4560,#1011);
#597=LINE('',#4562,#1012);
#598=LINE('',#4564,#1013);
#599=LINE('',#4566,#1014);
#600=LINE('',#4568,#1015);
#601=LINE('',#4570,#1016);
#602=LINE('',#4572,#1017);
#603=LINE('',#4574,#1018);
#604=LINE('',#4576,#1019);
#605=LINE('',#4578,#1020);
#606=LINE('',#4580,#1021);
#607=LINE('',#4582,#1022);
#608=LINE('',#4584,#1023);
#609=LINE('',#4586,#1024);
#610=LINE('',#4588,#1025);
#611=LINE('',#4590,#1026);
#612=LINE('',#4592,#1027);
#613=LINE('',#4594,#1028);
#614=LINE('',#4596,#1029);
#615=LINE('',#4598,#1030);
#616=LINE('',#4600,#1031);
#617=LINE('',#4602,#1032);
#618=LINE('',#4604,#1033);
#619=LINE('',#4606,#1034);
#620=LINE('',#4608,#1035);
#621=LINE('',#4610,#1036);
#622=LINE('',#4612,#1037);
#623=LINE('',#4614,#1038);
#624=LINE('',#4616,#1039);
#625=LINE('',#4618,#1040);
#626=LINE('',#4620,#1041);
#627=LINE('',#4622,#1042);
#628=LINE('',#4624,#1043);
#629=LINE('',#4625,#1044);
#630=LINE('',#4627,#1045);
#631=LINE('',#4629,#1046);
#632=LINE('',#4630,#1047);
#633=LINE('',#4632,#1048);
#634=LINE('',#4634,#1049);
#635=LINE('',#4635,#1050);
#636=LINE('',#4637,#1051);
#637=LINE('',#4639,#1052);
#638=LINE('',#4640,#1053);
#639=LINE('',#4642,#1054);
#640=LINE('',#4644,#1055);
#641=LINE('',#4645,#1056);
#642=LINE('',#4647,#1057);
#643=LINE('',#4649,#1058);
#644=LINE('',#4650,#1059);
#645=LINE('',#4652,#1060);
#646=LINE('',#4654,#1061);
#647=LINE('',#4655,#1062);
#648=LINE('',#4657,#1063);
#649=LINE('',#4659,#1064);
#650=LINE('',#4661,#1065);
#651=LINE('',#4663,#1066);
#652=LINE('',#4665,#1067);
#653=LINE('',#4667,#1068);
#654=LINE('',#4669,#1069);
#655=LINE('',#4671,#1070);
#656=LINE('',#4673,#1071);
#657=LINE('',#4675,#1072);
#658=LINE('',#4677,#1073);
#659=LINE('',#4679,#1074);
#660=LINE('',#4680,#1075);
#661=LINE('',#4703,#1076);
#662=LINE('',#4708,#1077);
#663=LINE('',#4713,#1078);
#664=LINE('',#4718,#1079);
#665=LINE('',#4723,#1080);
#666=LINE('',#4728,#1081);
#667=LINE('',#4733,#1082);
#668=LINE('',#4738,#1083);
#669=LINE('',#4743,#1084);
#670=LINE('',#4746,#1085);
#671=LINE('',#4748,#1086);
#672=LINE('',#4749,#1087);
#673=LINE('',#4752,#1088);
#674=LINE('',#4754,#1089);
#675=LINE('',#4756,#1090);
#676=LINE('',#4758,#1091);
#677=LINE('',#4760,#1092);
#678=LINE('',#4762,#1093);
#679=LINE('',#4764,#1094);
#680=LINE('',#4766,#1095);
#681=LINE('',#4768,#1096);
#682=LINE('',#4770,#1097);
#683=LINE('',#4771,#1098);
#684=LINE('',#4774,#1099);
#685=LINE('',#4776,#1100);
#686=LINE('',#4777,#1101);
#687=LINE('',#4780,#1102);
#688=LINE('',#4782,#1103);
#689=LINE('',#4783,#1104);
#690=LINE('',#4786,#1105);
#691=LINE('',#4788,#1106);
#692=LINE('',#4789,#1107);
#693=LINE('',#4792,#1108);
#694=LINE('',#4794,#1109);
#695=LINE('',#4795,#1110);
#696=LINE('',#4798,#1111);
#697=LINE('',#4800,#1112);
#698=LINE('',#4801,#1113);
#699=LINE('',#4804,#1114);
#700=LINE('',#4806,#1115);
#701=LINE('',#4807,#1116);
#702=LINE('',#4811,#1117);
#703=LINE('',#4813,#1118);
#704=LINE('',#4815,#1119);
#705=LINE('',#4816,#1120);
#706=LINE('',#4820,#1121);
#707=LINE('',#4822,#1122);
#708=LINE('',#4824,#1123);
#709=LINE('',#4825,#1124);
#710=LINE('',#4829,#1125);
#711=LINE('',#4831,#1126);
#712=LINE('',#4833,#1127);
#713=LINE('',#4834,#1128);
#714=LINE('',#4838,#1129);
#715=LINE('',#4840,#1130);
#716=LINE('',#4842,#1131);
#717=LINE('',#4843,#1132);
#718=LINE('',#4847,#1133);
#719=LINE('',#4849,#1134);
#720=LINE('',#4851,#1135);
#721=LINE('',#4852,#1136);
#722=LINE('',#4856,#1137);
#723=LINE('',#4858,#1138);
#724=LINE('',#4860,#1139);
#725=LINE('',#4861,#1140);
#726=LINE('',#4865,#1141);
#727=LINE('',#4867,#1142);
#728=LINE('',#4869,#1143);
#729=LINE('',#4870,#1144);
#730=LINE('',#4874,#1145);
#731=LINE('',#4876,#1146);
#732=LINE('',#4878,#1147);
#733=LINE('',#4879,#1148);
#734=LINE('',#4883,#1149);
#735=LINE('',#4885,#1150);
#736=LINE('',#4887,#1151);
#737=LINE('',#4888,#1152);
#738=LINE('',#4892,#1153);
#739=LINE('',#4894,#1154);
#740=LINE('',#4896,#1155);
#741=LINE('',#4897,#1156);
#742=LINE('',#4899,#1157);
#743=LINE('',#4901,#1158);
#744=LINE('',#4903,#1159);
#745=LINE('',#4906,#1160);
#746=LINE('',#4908,#1161);
#747=LINE('',#4911,#1162);
#748=LINE('',#4913,#1163);
#749=LINE('',#4916,#1164);
#750=LINE('',#4918,#1165);
#751=LINE('',#4921,#1166);
#752=LINE('',#4923,#1167);
#753=LINE('',#4926,#1168);
#754=LINE('',#4928,#1169);
#755=LINE('',#4931,#1170);
#756=LINE('',#4933,#1171);
#757=LINE('',#4934,#1172);
#758=LINE('',#4936,#1173);
#759=LINE('',#4938,#1174);
#760=LINE('',#4940,#1175);
#761=LINE('',#4941,#1176);
#762=LINE('',#4943,#1177);
#763=LINE('',#4945,#1178);
#764=LINE('',#4947,#1179);
#765=LINE('',#4948,#1180);
#766=LINE('',#4950,#1181);
#767=LINE('',#4952,#1182);
#768=LINE('',#4954,#1183);
#769=LINE('',#4956,#1184);
#770=LINE('',#4958,#1185);
#771=LINE('',#4959,#1186);
#772=LINE('',#4961,#1187);
#773=LINE('',#4963,#1188);
#774=LINE('',#4965,#1189);
#775=LINE('',#4966,#1190);
#776=LINE('',#4968,#1191);
#777=LINE('',#4970,#1192);
#778=LINE('',#4972,#1193);
#779=LINE('',#4973,#1194);
#780=LINE('',#4975,#1195);
#781=LINE('',#4977,#1196);
#782=LINE('',#4979,#1197);
#783=LINE('',#4980,#1198);
#784=LINE('',#4982,#1199);
#785=LINE('',#4984,#1200);
#786=LINE('',#4986,#1201);
#787=LINE('',#4987,#1202);
#788=LINE('',#4989,#1203);
#789=LINE('',#4991,#1204);
#790=LINE('',#4993,#1205);
#791=LINE('',#4995,#1206);
#792=LINE('',#4997,#1207);
#793=LINE('',#4998,#1208);
#794=LINE('',#5000,#1209);
#795=LINE('',#5002,#1210);
#796=LINE('',#5004,#1211);
#797=LINE('',#5005,#1212);
#798=LINE('',#5007,#1213);
#799=LINE('',#5009,#1214);
#800=LINE('',#5011,#1215);
#801=LINE('',#5013,#1216);
#802=LINE('',#5015,#1217);
#803=LINE('',#5017,#1218);
#804=LINE('',#5020,#1219);
#805=LINE('',#5022,#1220);
#806=LINE('',#5023,#1221);
#807=LINE('',#5025,#1222);
#808=LINE('',#5026,#1223);
#809=LINE('',#5028,#1224);
#810=LINE('',#5030,#1225);
#811=LINE('',#5032,#1226);
#812=LINE('',#5034,#1227);
#813=LINE('',#5036,#1228);
#814=LINE('',#5038,#1229);
#815=LINE('',#5040,#1230);
#816=LINE('',#5042,#1231);
#817=LINE('',#5044,#1232);
#818=LINE('',#5046,#1233);
#819=LINE('',#5049,#1234);
#820=LINE('',#5051,#1235);
#821=VECTOR('',#3368,10.);
#822=VECTOR('',#3369,10.);
#823=VECTOR('',#3370,10.);
#824=VECTOR('',#3371,10.);
#825=VECTOR('',#3374,10.);
#826=VECTOR('',#3375,10.);
#827=VECTOR('',#3376,10.);
#828=VECTOR('',#3377,10.);
#829=VECTOR('',#3380,10.);
#830=VECTOR('',#3381,10.);
#831=VECTOR('',#3382,10.);
#832=VECTOR('',#3383,10.);
#833=VECTOR('',#3384,10.);
#834=VECTOR('',#3385,10.);
#835=VECTOR('',#3386,10.);
#836=VECTOR('',#3387,10.);
#837=VECTOR('',#3388,10.);
#838=VECTOR('',#3389,10.);
#839=VECTOR('',#3390,10.);
#840=VECTOR('',#3391,10.);
#841=VECTOR('',#3392,10.);
#842=VECTOR('',#3393,10.);
#843=VECTOR('',#3394,10.);
#844=VECTOR('',#3395,10.);
#845=VECTOR('',#3396,10.);
#846=VECTOR('',#3397,10.);
#847=VECTOR('',#3398,10.);
#848=VECTOR('',#3399,10.);
#849=VECTOR('',#3400,10.);
#850=VECTOR('',#3401,10.);
#851=VECTOR('',#3402,10.);
#852=VECTOR('',#3403,10.);
#853=VECTOR('',#3404,10.);
#854=VECTOR('',#3405,10.);
#855=VECTOR('',#3406,10.);
#856=VECTOR('',#3407,10.);
#857=VECTOR('',#3408,10.);
#858=VECTOR('',#3409,10.);
#859=VECTOR('',#3410,10.);
#860=VECTOR('',#3411,10.);
#861=VECTOR('',#3412,10.);
#862=VECTOR('',#3413,10.);
#863=VECTOR('',#3416,10.);
#864=VECTOR('',#3417,10.);
#865=VECTOR('',#3418,10.);
#866=VECTOR('',#3421,10.);
#867=VECTOR('',#3422,10.);
#868=VECTOR('',#3423,10.);
#869=VECTOR('',#3424,10.);
#870=VECTOR('',#3427,10.);
#871=VECTOR('',#3428,10.);
#872=VECTOR('',#3429,10.);
#873=VECTOR('',#3432,10.);
#874=VECTOR('',#3433,10.);
#875=VECTOR('',#3434,10.);
#876=VECTOR('',#3435,10.);
#877=VECTOR('',#3438,10.);
#878=VECTOR('',#3439,10.);
#879=VECTOR('',#3440,10.);
#880=VECTOR('',#3443,10.);
#881=VECTOR('',#3444,10.);
#882=VECTOR('',#3447,10.);
#883=VECTOR('',#3448,10.);
#884=VECTOR('',#3449,10.);
#885=VECTOR('',#3452,10.);
#886=VECTOR('',#3453,10.);
#887=VECTOR('',#3454,10.);
#888=VECTOR('',#3457,10.);
#889=VECTOR('',#3458,10.);
#890=VECTOR('',#3461,10.);
#891=VECTOR('',#3462,10.);
#892=VECTOR('',#3463,10.);
#893=VECTOR('',#3466,10.);
#894=VECTOR('',#3467,10.);
#895=VECTOR('',#3468,10.);
#896=VECTOR('',#3471,10.);
#897=VECTOR('',#3472,10.);
#898=VECTOR('',#3475,10.);
#899=VECTOR('',#3480,10.);
#900=VECTOR('',#3481,10.);
#901=VECTOR('',#3482,10.);
#902=VECTOR('',#3485,10.);
#903=VECTOR('',#3486,10.);
#904=VECTOR('',#3489,10.);
#905=VECTOR('',#3490,10.);
#906=VECTOR('',#3491,10.);
#907=VECTOR('',#3494,10.);
#908=VECTOR('',#3499,10.);
#909=VECTOR('',#3500,10.);
#910=VECTOR('',#3503,10.);
#911=VECTOR('',#3504,10.);
#912=VECTOR('',#3505,10.);
#913=VECTOR('',#3508,10.);
#914=VECTOR('',#3509,10.);
#915=VECTOR('',#3512,10.);
#916=VECTOR('',#3517,10.);
#917=VECTOR('',#3518,10.);
#918=VECTOR('',#3519,10.);
#919=VECTOR('',#3522,10.);
#920=VECTOR('',#3523,10.);
#921=VECTOR('',#3526,10.);
#922=VECTOR('',#3529,10.);
#923=VECTOR('',#3530,10.);
#924=VECTOR('',#3531,10.);
#925=VECTOR('',#3534,10.);
#926=VECTOR('',#3535,10.);
#927=VECTOR('',#3538,10.);
#928=VECTOR('',#3541,10.);
#929=VECTOR('',#3544,10.);
#930=VECTOR('',#3549,10.);
#931=VECTOR('',#3550,10.);
#932=VECTOR('',#3553,10.);
#933=VECTOR('',#3554,10.);
#934=VECTOR('',#3557,10.);
#935=VECTOR('',#3558,10.);
#936=VECTOR('',#3561,10.);
#937=VECTOR('',#3562,10.);
#938=VECTOR('',#3563,10.);
#939=VECTOR('',#3566,10.);
#940=VECTOR('',#3571,10.);
#941=VECTOR('',#3572,10.);
#942=VECTOR('',#3573,10.);
#943=VECTOR('',#3576,10.);
#944=VECTOR('',#3577,10.);
#945=VECTOR('',#3580,10.);
#946=VECTOR('',#3583,10.);
#947=VECTOR('',#3588,10.);
#948=VECTOR('',#3589,10.);
#949=VECTOR('',#3590,10.);
#950=VECTOR('',#3591,10.);
#951=VECTOR('',#3598,10.);
#952=VECTOR('',#3603,10.);
#953=VECTOR('',#3606,10.);
#954=VECTOR('',#3609,10.);
#955=VECTOR('',#3610,10.);
#956=VECTOR('',#3611,10.);
#957=VECTOR('',#3618,10.);
#958=VECTOR('',#3621,10.);
#959=VECTOR('',#3622,10.);
#960=VECTOR('',#3627,10.);
#961=VECTOR('',#3632,10.);
#962=VECTOR('',#3633,10.);
#963=VECTOR('',#3634,10.);
#964=VECTOR('',#3635,10.);
#965=VECTOR('',#3636,10.);
#966=VECTOR('',#3637,10.);
#967=VECTOR('',#3638,10.);
#968=VECTOR('',#3639,10.);
#969=VECTOR('',#3640,10.);
#970=VECTOR('',#3641,10.);
#971=VECTOR('',#3642,10.);
#972=VECTOR('',#3643,10.);
#973=VECTOR('',#3644,10.);
#974=VECTOR('',#3645,10.);
#975=VECTOR('',#3646,10.);
#976=VECTOR('',#3647,10.);
#977=VECTOR('',#3648,10.);
#978=VECTOR('',#3649,10.);
#979=VECTOR('',#3650,10.);
#980=VECTOR('',#3651,10.);
#981=VECTOR('',#3652,10.);
#982=VECTOR('',#3653,10.);
#983=VECTOR('',#3654,10.);
#984=VECTOR('',#3655,10.);
#985=VECTOR('',#3656,10.);
#986=VECTOR('',#3657,10.);
#987=VECTOR('',#3658,10.);
#988=VECTOR('',#3659,10.);
#989=VECTOR('',#3660,10.);
#990=VECTOR('',#3663,10.);
#991=VECTOR('',#3664,10.);
#992=VECTOR('',#3665,10.);
#993=VECTOR('',#3666,10.);
#994=VECTOR('',#3667,10.);
#995=VECTOR('',#3668,10.);
#996=VECTOR('',#3669,10.);
#997=VECTOR('',#3670,10.);
#998=VECTOR('',#3671,10.);
#999=VECTOR('',#3672,10.);
#1000=VECTOR('',#3673,10.);
#1001=VECTOR('',#3674,10.);
#1002=VECTOR('',#3675,10.);
#1003=VECTOR('',#3676,10.);
#1004=VECTOR('',#3677,10.);
#1005=VECTOR('',#3678,10.);
#1006=VECTOR('',#3679,10.);
#1007=VECTOR('',#3680,10.);
#1008=VECTOR('',#3681,10.);
#1009=VECTOR('',#3682,10.);
#1010=VECTOR('',#3683,10.);
#1011=VECTOR('',#3684,10.);
#1012=VECTOR('',#3685,10.);
#1013=VECTOR('',#3686,10.);
#1014=VECTOR('',#3687,10.);
#1015=VECTOR('',#3688,10.);
#1016=VECTOR('',#3689,10.);
#1017=VECTOR('',#3690,10.);
#1018=VECTOR('',#3691,10.);
#1019=VECTOR('',#3692,10.);
#1020=VECTOR('',#3693,10.);
#1021=VECTOR('',#3694,10.);
#1022=VECTOR('',#3695,10.);
#1023=VECTOR('',#3696,10.);
#1024=VECTOR('',#3697,10.);
#1025=VECTOR('',#3698,10.);
#1026=VECTOR('',#3699,10.);
#1027=VECTOR('',#3700,10.);
#1028=VECTOR('',#3701,10.);
#1029=VECTOR('',#3702,10.);
#1030=VECTOR('',#3703,10.);
#1031=VECTOR('',#3704,10.);
#1032=VECTOR('',#3705,10.);
#1033=VECTOR('',#3706,10.);
#1034=VECTOR('',#3707,10.);
#1035=VECTOR('',#3708,10.);
#1036=VECTOR('',#3709,10.);
#1037=VECTOR('',#3710,10.);
#1038=VECTOR('',#3711,10.);
#1039=VECTOR('',#3712,10.);
#1040=VECTOR('',#3713,10.);
#1041=VECTOR('',#3714,10.);
#1042=VECTOR('',#3715,10.);
#1043=VECTOR('',#3716,10.);
#1044=VECTOR('',#3717,10.);
#1045=VECTOR('',#3718,10.);
#1046=VECTOR('',#3719,10.);
#1047=VECTOR('',#3720,10.);
#1048=VECTOR('',#3721,10.);
#1049=VECTOR('',#3722,10.);
#1050=VECTOR('',#3723,10.);
#1051=VECTOR('',#3724,10.);
#1052=VECTOR('',#3725,10.);
#1053=VECTOR('',#3726,10.);
#1054=VECTOR('',#3727,10.);
#1055=VECTOR('',#3728,10.);
#1056=VECTOR('',#3729,10.);
#1057=VECTOR('',#3730,10.);
#1058=VECTOR('',#3731,10.);
#1059=VECTOR('',#3732,10.);
#1060=VECTOR('',#3733,10.);
#1061=VECTOR('',#3734,10.);
#1062=VECTOR('',#3735,10.);
#1063=VECTOR('',#3736,10.);
#1064=VECTOR('',#3737,10.);
#1065=VECTOR('',#3738,10.);
#1066=VECTOR('',#3739,10.);
#1067=VECTOR('',#3740,10.);
#1068=VECTOR('',#3741,10.);
#1069=VECTOR('',#3742,10.);
#1070=VECTOR('',#3743,10.);
#1071=VECTOR('',#3744,10.);
#1072=VECTOR('',#3745,10.);
#1073=VECTOR('',#3746,10.);
#1074=VECTOR('',#3747,10.);
#1075=VECTOR('',#3748,10.);
#1076=VECTOR('',#3773,1.20000000000001);
#1077=VECTOR('',#3780,1.19999999999999);
#1078=VECTOR('',#3787,1.19999999999997);
#1079=VECTOR('',#3794,1.20000000000001);
#1080=VECTOR('',#3801,1.2);
#1081=VECTOR('',#3808,1.2);
#1082=VECTOR('',#3815,1.19999999999997);
#1083=VECTOR('',#3822,1.20000000000001);
#1084=VECTOR('',#3829,1.2);
#1085=VECTOR('',#3832,10.);
#1086=VECTOR('',#3833,10.);
#1087=VECTOR('',#3834,10.);
#1088=VECTOR('',#3837,10.);
#1089=VECTOR('',#3838,10.);
#1090=VECTOR('',#3839,10.);
#1091=VECTOR('',#3840,10.);
#1092=VECTOR('',#3841,10.);
#1093=VECTOR('',#3842,10.);
#1094=VECTOR('',#3843,10.);
#1095=VECTOR('',#3844,10.);
#1096=VECTOR('',#3845,10.);
#1097=VECTOR('',#3846,10.);
#1098=VECTOR('',#3847,10.);
#1099=VECTOR('',#3850,10.);
#1100=VECTOR('',#3851,10.);
#1101=VECTOR('',#3852,10.);
#1102=VECTOR('',#3855,10.);
#1103=VECTOR('',#3856,10.);
#1104=VECTOR('',#3857,10.);
#1105=VECTOR('',#3860,10.);
#1106=VECTOR('',#3861,10.);
#1107=VECTOR('',#3862,10.);
#1108=VECTOR('',#3865,10.);
#1109=VECTOR('',#3866,10.);
#1110=VECTOR('',#3867,10.);
#1111=VECTOR('',#3870,10.);
#1112=VECTOR('',#3871,10.);
#1113=VECTOR('',#3872,10.);
#1114=VECTOR('',#3875,10.);
#1115=VECTOR('',#3876,10.);
#1116=VECTOR('',#3877,10.);
#1117=VECTOR('',#3880,10.);
#1118=VECTOR('',#3881,10.);
#1119=VECTOR('',#3882,10.);
#1120=VECTOR('',#3883,10.);
#1121=VECTOR('',#3886,10.);
#1122=VECTOR('',#3887,10.);
#1123=VECTOR('',#3888,10.);
#1124=VECTOR('',#3889,10.);
#1125=VECTOR('',#3892,10.);
#1126=VECTOR('',#3893,10.);
#1127=VECTOR('',#3894,10.);
#1128=VECTOR('',#3895,10.);
#1129=VECTOR('',#3898,10.);
#1130=VECTOR('',#3899,10.);
#1131=VECTOR('',#3900,10.);
#1132=VECTOR('',#3901,10.);
#1133=VECTOR('',#3904,10.);
#1134=VECTOR('',#3905,10.);
#1135=VECTOR('',#3906,10.);
#1136=VECTOR('',#3907,10.);
#1137=VECTOR('',#3910,10.);
#1138=VECTOR('',#3911,10.);
#1139=VECTOR('',#3912,10.);
#1140=VECTOR('',#3913,10.);
#1141=VECTOR('',#3916,10.);
#1142=VECTOR('',#3917,10.);
#1143=VECTOR('',#3918,10.);
#1144=VECTOR('',#3919,10.);
#1145=VECTOR('',#3922,10.);
#1146=VECTOR('',#3923,10.);
#1147=VECTOR('',#3924,10.);
#1148=VECTOR('',#3925,10.);
#1149=VECTOR('',#3928,10.);
#1150=VECTOR('',#3929,10.);
#1151=VECTOR('',#3930,10.);
#1152=VECTOR('',#3931,10.);
#1153=VECTOR('',#3934,10.);
#1154=VECTOR('',#3935,10.);
#1155=VECTOR('',#3936,10.);
#1156=VECTOR('',#3937,10.);
#1157=VECTOR('',#3940,10.);
#1158=VECTOR('',#3943,10.);
#1159=VECTOR('',#3946,10.);
#1160=VECTOR('',#3951,10.);
#1161=VECTOR('',#3954,10.);
#1162=VECTOR('',#3959,10.);
#1163=VECTOR('',#3962,10.);
#1164=VECTOR('',#3967,10.);
#1165=VECTOR('',#3970,10.);
#1166=VECTOR('',#3975,10.);
#1167=VECTOR('',#3978,10.);
#1168=VECTOR('',#3983,10.);
#1169=VECTOR('',#3986,10.);
#1170=VECTOR('',#3991,10.);
#1171=VECTOR('',#3994,10.);
#1172=VECTOR('',#3995,10.);
#1173=VECTOR('',#3998,10.);
#1174=VECTOR('',#4001,10.);
#1175=VECTOR('',#4004,10.);
#1176=VECTOR('',#4005,10.);
#1177=VECTOR('',#4008,10.);
#1178=VECTOR('',#4011,10.);
#1179=VECTOR('',#4014,10.);
#1180=VECTOR('',#4015,10.);
#1181=VECTOR('',#4018,10.);
#1182=VECTOR('',#4021,10.);
#1183=VECTOR('',#4024,10.);
#1184=VECTOR('',#4027,10.);
#1185=VECTOR('',#4030,10.);
#1186=VECTOR('',#4031,10.);
#1187=VECTOR('',#4034,10.);
#1188=VECTOR('',#4037,10.);
#1189=VECTOR('',#4040,10.);
#1190=VECTOR('',#4041,10.);
#1191=VECTOR('',#4044,10.);
#1192=VECTOR('',#4047,10.);
#1193=VECTOR('',#4050,10.);
#1194=VECTOR('',#4051,10.);
#1195=VECTOR('',#4054,10.);
#1196=VECTOR('',#4057,10.);
#1197=VECTOR('',#4060,10.);
#1198=VECTOR('',#4061,10.);
#1199=VECTOR('',#4064,10.);
#1200=VECTOR('',#4067,10.);
#1201=VECTOR('',#4070,10.);
#1202=VECTOR('',#4071,10.);
#1203=VECTOR('',#4074,10.);
#1204=VECTOR('',#4077,10.);
#1205=VECTOR('',#4080,10.);
#1206=VECTOR('',#4083,10.);
#1207=VECTOR('',#4086,10.);
#1208=VECTOR('',#4087,10.);
#1209=VECTOR('',#4090,10.);
#1210=VECTOR('',#4093,10.);
#1211=VECTOR('',#4096,10.);
#1212=VECTOR('',#4097,10.);
#1213=VECTOR('',#4100,10.);
#1214=VECTOR('',#4103,10.);
#1215=VECTOR('',#4106,10.);
#1216=VECTOR('',#4109,10.);
#1217=VECTOR('',#4112,10.);
#1218=VECTOR('',#4115,10.);
#1219=VECTOR('',#4118,10.);
#1220=VECTOR('',#4119,10.);
#1221=VECTOR('',#4120,10.);
#1222=VECTOR('',#4123,10.);
#1223=VECTOR('',#4124,10.);
#1224=VECTOR('',#4127,10.);
#1225=VECTOR('',#4130,10.);
#1226=VECTOR('',#4133,10.);
#1227=VECTOR('',#4136,10.);
#1228=VECTOR('',#4139,10.);
#1229=VECTOR('',#4142,10.);
#1230=VECTOR('',#4145,10.);
#1231=VECTOR('',#4148,10.);
#1232=VECTOR('',#4151,10.);
#1233=VECTOR('',#4154,10.);
#1234=VECTOR('',#4159,10.);
#1235=VECTOR('',#4162,10.);
#1236=VERTEX_POINT('',#4167);
#1237=VERTEX_POINT('',#4168);
#1238=VERTEX_POINT('',#4170);
#1239=VERTEX_POINT('',#4172);
#1240=VERTEX_POINT('',#4176);
#1241=VERTEX_POINT('',#4177);
#1242=VERTEX_POINT('',#4179);
#1243=VERTEX_POINT('',#4181);
#1244=VERTEX_POINT('',#4185);
#1245=VERTEX_POINT('',#4186);
#1246=VERTEX_POINT('',#4188);
#1247=VERTEX_POINT('',#4190);
#1248=VERTEX_POINT('',#4192);
#1249=VERTEX_POINT('',#4194);
#1250=VERTEX_POINT('',#4196);
#1251=VERTEX_POINT('',#4198);
#1252=VERTEX_POINT('',#4200);
#1253=VERTEX_POINT('',#4202);
#1254=VERTEX_POINT('',#4204);
#1255=VERTEX_POINT('',#4206);
#1256=VERTEX_POINT('',#4209);
#1257=VERTEX_POINT('',#4210);
#1258=VERTEX_POINT('',#4212);
#1259=VERTEX_POINT('',#4214);
#1260=VERTEX_POINT('',#4216);
#1261=VERTEX_POINT('',#4218);
#1262=VERTEX_POINT('',#4221);
#1263=VERTEX_POINT('',#4223);
#1264=VERTEX_POINT('',#4225);
#1265=VERTEX_POINT('',#4228);
#1266=VERTEX_POINT('',#4230);
#1267=VERTEX_POINT('',#4232);
#1268=VERTEX_POINT('',#4234);
#1269=VERTEX_POINT('',#4237);
#1270=VERTEX_POINT('',#4239);
#1271=VERTEX_POINT('',#4241);
#1272=VERTEX_POINT('',#4243);
#1273=VERTEX_POINT('',#4249);
#1274=VERTEX_POINT('',#4251);
#1275=VERTEX_POINT('',#4255);
#1276=VERTEX_POINT('',#4256);
#1277=VERTEX_POINT('',#4259);
#1278=VERTEX_POINT('',#4263);
#1279=VERTEX_POINT('',#4265);
#1280=VERTEX_POINT('',#4269);
#1281=VERTEX_POINT('',#4270);
#1282=VERTEX_POINT('',#4272);
#1283=VERTEX_POINT('',#4277);
#1284=VERTEX_POINT('',#4279);
#1285=VERTEX_POINT('',#4283);
#1286=VERTEX_POINT('',#4287);
#1287=VERTEX_POINT('',#4289);
#1288=VERTEX_POINT('',#4293);
#1289=VERTEX_POINT('',#4295);
#1290=VERTEX_POINT('',#4299);
#1291=VERTEX_POINT('',#4303);
#1292=VERTEX_POINT('',#4305);
#1293=VERTEX_POINT('',#4309);
#1294=VERTEX_POINT('',#4314);
#1295=VERTEX_POINT('',#4321);
#1296=VERTEX_POINT('',#4323);
#1297=VERTEX_POINT('',#4327);
#1298=VERTEX_POINT('',#4331);
#1299=VERTEX_POINT('',#4339);
#1300=VERTEX_POINT('',#4343);
#1301=VERTEX_POINT('',#4358);
#1302=VERTEX_POINT('',#4368);
#1303=VERTEX_POINT('',#4379);
#1304=VERTEX_POINT('',#4383);
#1305=VERTEX_POINT('',#4387);
#1306=VERTEX_POINT('',#4391);
#1307=VERTEX_POINT('',#4399);
#1308=VERTEX_POINT('',#4401);
#1309=VERTEX_POINT('',#4405);
#1310=VERTEX_POINT('',#4414);
#1311=VERTEX_POINT('',#4415);
#1312=VERTEX_POINT('',#4417);
#1313=VERTEX_POINT('',#4419);
#1314=VERTEX_POINT('',#4423);
#1315=VERTEX_POINT('',#4425);
#1316=VERTEX_POINT('',#4429);
#1317=VERTEX_POINT('',#4430);
#1318=VERTEX_POINT('',#4432);
#1319=VERTEX_POINT('',#4434);
#1320=VERTEX_POINT('',#4438);
#1321=VERTEX_POINT('',#4440);
#1322=VERTEX_POINT('',#4444);
#1323=VERTEX_POINT('',#4446);
#1324=VERTEX_POINT('',#4453);
#1325=VERTEX_POINT('',#4455);
#1326=VERTEX_POINT('',#4459);
#1327=VERTEX_POINT('',#4461);
#1328=VERTEX_POINT('',#4463);
#1329=VERTEX_POINT('',#4465);
#1330=VERTEX_POINT('',#4467);
#1331=VERTEX_POINT('',#4469);
#1332=VERTEX_POINT('',#4471);
#1333=VERTEX_POINT('',#4473);
#1334=VERTEX_POINT('',#4475);
#1335=VERTEX_POINT('',#4477);
#1336=VERTEX_POINT('',#4479);
#1337=VERTEX_POINT('',#4481);
#1338=VERTEX_POINT('',#4483);
#1339=VERTEX_POINT('',#4485);
#1340=VERTEX_POINT('',#4487);
#1341=VERTEX_POINT('',#4489);
#1342=VERTEX_POINT('',#4491);
#1343=VERTEX_POINT('',#4493);
#1344=VERTEX_POINT('',#4495);
#1345=VERTEX_POINT('',#4497);
#1346=VERTEX_POINT('',#4499);
#1347=VERTEX_POINT('',#4501);
#1348=VERTEX_POINT('',#4503);
#1349=VERTEX_POINT('',#4505);
#1350=VERTEX_POINT('',#4507);
#1351=VERTEX_POINT('',#4509);
#1352=VERTEX_POINT('',#4511);
#1353=VERTEX_POINT('',#4513);
#1354=VERTEX_POINT('',#4517);
#1355=VERTEX_POINT('',#4519);
#1356=VERTEX_POINT('',#4521);
#1357=VERTEX_POINT('',#4523);
#1358=VERTEX_POINT('',#4525);
#1359=VERTEX_POINT('',#4527);
#1360=VERTEX_POINT('',#4529);
#1361=VERTEX_POINT('',#4531);
#1362=VERTEX_POINT('',#4533);
#1363=VERTEX_POINT('',#4535);
#1364=VERTEX_POINT('',#4537);
#1365=VERTEX_POINT('',#4539);
#1366=VERTEX_POINT('',#4541);
#1367=VERTEX_POINT('',#4543);
#1368=VERTEX_POINT('',#4545);
#1369=VERTEX_POINT('',#4547);
#1370=VERTEX_POINT('',#4549);
#1371=VERTEX_POINT('',#4551);
#1372=VERTEX_POINT('',#4553);
#1373=VERTEX_POINT('',#4555);
#1374=VERTEX_POINT('',#4557);
#1375=VERTEX_POINT('',#4559);
#1376=VERTEX_POINT('',#4561);
#1377=VERTEX_POINT('',#4563);
#1378=VERTEX_POINT('',#4565);
#1379=VERTEX_POINT('',#4567);
#1380=VERTEX_POINT('',#4569);
#1381=VERTEX_POINT('',#4571);
#1382=VERTEX_POINT('',#4573);
#1383=VERTEX_POINT('',#4575);
#1384=VERTEX_POINT('',#4577);
#1385=VERTEX_POINT('',#4579);
#1386=VERTEX_POINT('',#4581);
#1387=VERTEX_POINT('',#4583);
#1388=VERTEX_POINT('',#4585);
#1389=VERTEX_POINT('',#4587);
#1390=VERTEX_POINT('',#4589);
#1391=VERTEX_POINT('',#4591);
#1392=VERTEX_POINT('',#4593);
#1393=VERTEX_POINT('',#4595);
#1394=VERTEX_POINT('',#4597);
#1395=VERTEX_POINT('',#4599);
#1396=VERTEX_POINT('',#4601);
#1397=VERTEX_POINT('',#4603);
#1398=VERTEX_POINT('',#4605);
#1399=VERTEX_POINT('',#4607);
#1400=VERTEX_POINT('',#4609);
#1401=VERTEX_POINT('',#4611);
#1402=VERTEX_POINT('',#4613);
#1403=VERTEX_POINT('',#4615);
#1404=VERTEX_POINT('',#4617);
#1405=VERTEX_POINT('',#4619);
#1406=VERTEX_POINT('',#4621);
#1407=VERTEX_POINT('',#4623);
#1408=VERTEX_POINT('',#4626);
#1409=VERTEX_POINT('',#4628);
#1410=VERTEX_POINT('',#4631);
#1411=VERTEX_POINT('',#4633);
#1412=VERTEX_POINT('',#4636);
#1413=VERTEX_POINT('',#4638);
#1414=VERTEX_POINT('',#4641);
#1415=VERTEX_POINT('',#4643);
#1416=VERTEX_POINT('',#4646);
#1417=VERTEX_POINT('',#4648);
#1418=VERTEX_POINT('',#4651);
#1419=VERTEX_POINT('',#4653);
#1420=VERTEX_POINT('',#4656);
#1421=VERTEX_POINT('',#4658);
#1422=VERTEX_POINT('',#4660);
#1423=VERTEX_POINT('',#4662);
#1424=VERTEX_POINT('',#4664);
#1425=VERTEX_POINT('',#4666);
#1426=VERTEX_POINT('',#4668);
#1427=VERTEX_POINT('',#4670);
#1428=VERTEX_POINT('',#4672);
#1429=VERTEX_POINT('',#4674);
#1430=VERTEX_POINT('',#4676);
#1431=VERTEX_POINT('',#4678);
#1432=VERTEX_POINT('',#4681);
#1433=VERTEX_POINT('',#4683);
#1434=VERTEX_POINT('',#4685);
#1435=VERTEX_POINT('',#4687);
#1436=VERTEX_POINT('',#4689);
#1437=VERTEX_POINT('',#4691);
#1438=VERTEX_POINT('',#4693);
#1439=VERTEX_POINT('',#4695);
#1440=VERTEX_POINT('',#4697);
#1441=VERTEX_POINT('',#4700);
#1442=VERTEX_POINT('',#4705);
#1443=VERTEX_POINT('',#4710);
#1444=VERTEX_POINT('',#4715);
#1445=VERTEX_POINT('',#4720);
#1446=VERTEX_POINT('',#4725);
#1447=VERTEX_POINT('',#4730);
#1448=VERTEX_POINT('',#4735);
#1449=VERTEX_POINT('',#4740);
#1450=VERTEX_POINT('',#4745);
#1451=VERTEX_POINT('',#4747);
#1452=VERTEX_POINT('',#4751);
#1453=VERTEX_POINT('',#4753);
#1454=VERTEX_POINT('',#4755);
#1455=VERTEX_POINT('',#4757);
#1456=VERTEX_POINT('',#4759);
#1457=VERTEX_POINT('',#4761);
#1458=VERTEX_POINT('',#4763);
#1459=VERTEX_POINT('',#4765);
#1460=VERTEX_POINT('',#4767);
#1461=VERTEX_POINT('',#4769);
#1462=VERTEX_POINT('',#4773);
#1463=VERTEX_POINT('',#4775);
#1464=VERTEX_POINT('',#4779);
#1465=VERTEX_POINT('',#4781);
#1466=VERTEX_POINT('',#4785);
#1467=VERTEX_POINT('',#4787);
#1468=VERTEX_POINT('',#4791);
#1469=VERTEX_POINT('',#4793);
#1470=VERTEX_POINT('',#4797);
#1471=VERTEX_POINT('',#4799);
#1472=VERTEX_POINT('',#4803);
#1473=VERTEX_POINT('',#4805);
#1474=VERTEX_POINT('',#4809);
#1475=VERTEX_POINT('',#4810);
#1476=VERTEX_POINT('',#4812);
#1477=VERTEX_POINT('',#4814);
#1478=VERTEX_POINT('',#4818);
#1479=VERTEX_POINT('',#4819);
#1480=VERTEX_POINT('',#4821);
#1481=VERTEX_POINT('',#4823);
#1482=VERTEX_POINT('',#4827);
#1483=VERTEX_POINT('',#4828);
#1484=VERTEX_POINT('',#4830);
#1485=VERTEX_POINT('',#4832);
#1486=VERTEX_POINT('',#4836);
#1487=VERTEX_POINT('',#4837);
#1488=VERTEX_POINT('',#4839);
#1489=VERTEX_POINT('',#4841);
#1490=VERTEX_POINT('',#4845);
#1491=VERTEX_POINT('',#4846);
#1492=VERTEX_POINT('',#4848);
#1493=VERTEX_POINT('',#4850);
#1494=VERTEX_POINT('',#4854);
#1495=VERTEX_POINT('',#4855);
#1496=VERTEX_POINT('',#4857);
#1497=VERTEX_POINT('',#4859);
#1498=VERTEX_POINT('',#4863);
#1499=VERTEX_POINT('',#4864);
#1500=VERTEX_POINT('',#4866);
#1501=VERTEX_POINT('',#4868);
#1502=VERTEX_POINT('',#4872);
#1503=VERTEX_POINT('',#4873);
#1504=VERTEX_POINT('',#4875);
#1505=VERTEX_POINT('',#4877);
#1506=VERTEX_POINT('',#4881);
#1507=VERTEX_POINT('',#4882);
#1508=VERTEX_POINT('',#4884);
#1509=VERTEX_POINT('',#4886);
#1510=VERTEX_POINT('',#4890);
#1511=VERTEX_POINT('',#4891);
#1512=VERTEX_POINT('',#4893);
#1513=VERTEX_POINT('',#4895);
#1514=VERTEX_POINT('',#5019);
#1515=VERTEX_POINT('',#5021);
#1516=EDGE_CURVE('',#1236,#1237,#406,.T.);
#1517=EDGE_CURVE('',#1237,#1238,#407,.T.);
#1518=EDGE_CURVE('',#1238,#1239,#408,.T.);
#1519=EDGE_CURVE('',#1239,#1236,#409,.T.);
#1520=EDGE_CURVE('',#1240,#1241,#410,.T.);
#1521=EDGE_CURVE('',#1241,#1242,#411,.T.);
#1522=EDGE_CURVE('',#1242,#1243,#412,.T.);
#1523=EDGE_CURVE('',#1243,#1240,#413,.T.);
#1524=EDGE_CURVE('',#1244,#1245,#414,.T.);
#1525=EDGE_CURVE('',#1245,#1246,#415,.T.);
#1526=EDGE_CURVE('',#1246,#1247,#416,.T.);
#1527=EDGE_CURVE('',#1247,#1248,#417,.T.);
#1528=EDGE_CURVE('',#1248,#1249,#418,.T.);
#1529=EDGE_CURVE('',#1249,#1250,#419,.T.);
#1530=EDGE_CURVE('',#1250,#1251,#420,.T.);
#1531=EDGE_CURVE('',#1251,#1252,#421,.T.);
#1532=EDGE_CURVE('',#1252,#1253,#422,.T.);
#1533=EDGE_CURVE('',#1253,#1254,#423,.T.);
#1534=EDGE_CURVE('',#1254,#1255,#424,.T.);
#1535=EDGE_CURVE('',#1255,#1244,#425,.T.);
#1536=EDGE_CURVE('',#1256,#1257,#426,.T.);
#1537=EDGE_CURVE('',#1257,#1258,#427,.T.);
#1538=EDGE_CURVE('',#1258,#1259,#428,.T.);
#1539=EDGE_CURVE('',#1259,#1260,#429,.T.);
#1540=EDGE_CURVE('',#1260,#1261,#430,.T.);
#1541=EDGE_CURVE('',#1261,#1258,#431,.T.);
#1542=EDGE_CURVE('',#1258,#1262,#432,.T.);
#1543=EDGE_CURVE('',#1262,#1263,#433,.T.);
#1544=EDGE_CURVE('',#1263,#1264,#434,.T.);
#1545=EDGE_CURVE('',#1264,#1240,#435,.T.);
#1546=EDGE_CURVE('',#1240,#1265,#436,.T.);
#1547=EDGE_CURVE('',#1265,#1266,#437,.T.);
#1548=EDGE_CURVE('',#1266,#1267,#438,.T.);
#1549=EDGE_CURVE('',#1267,#1268,#439,.T.);
#1550=EDGE_CURVE('',#1268,#1265,#440,.T.);
#1551=EDGE_CURVE('',#1265,#1269,#441,.T.);
#1552=EDGE_CURVE('',#1269,#1270,#442,.T.);
#1553=EDGE_CURVE('',#1270,#1271,#443,.T.);
#1554=EDGE_CURVE('',#1271,#1272,#444,.T.);
#1555=EDGE_CURVE('',#1272,#1269,#445,.T.);
#1556=EDGE_CURVE('',#1269,#1243,#446,.T.);
#1557=EDGE_CURVE('',#1243,#1256,#447,.T.);
#1558=EDGE_CURVE('',#1237,#1273,#448,.T.);
#1559=EDGE_CURVE('',#1274,#1236,#449,.T.);
#1560=EDGE_CURVE('',#1274,#1273,#450,.T.);
#1561=EDGE_CURVE('',#1275,#1276,#451,.T.);
#1562=EDGE_CURVE('',#1273,#1275,#452,.T.);
#1563=EDGE_CURVE('',#1277,#1274,#453,.T.);
#1564=EDGE_CURVE('',#1276,#1277,#454,.T.);
#1565=EDGE_CURVE('',#1238,#1278,#455,.T.);
#1566=EDGE_CURVE('',#1278,#1279,#456,.T.);
#1567=EDGE_CURVE('',#1239,#1279,#457,.T.);
#1568=EDGE_CURVE('',#1280,#1281,#458,.T.);
#1569=EDGE_CURVE('',#1282,#1280,#459,.T.);
#1570=EDGE_CURVE('',#1279,#1282,#460,.T.);
#1571=EDGE_CURVE('',#1281,#1278,#461,.T.);
#1572=EDGE_CURVE('',#1275,#1283,#462,.T.);
#1573=EDGE_CURVE('',#1283,#1284,#463,.T.);
#1574=EDGE_CURVE('',#1273,#1284,#464,.T.);
#1575=EDGE_CURVE('',#1276,#1285,#465,.T.);
#1576=EDGE_CURVE('',#1285,#1283,#466,.T.);
#1577=EDGE_CURVE('',#1282,#1286,#467,.T.);
#1578=EDGE_CURVE('',#1286,#1287,#468,.T.);
#1579=EDGE_CURVE('',#1277,#1287,#469,.T.);
#1580=EDGE_CURVE('',#1281,#1288,#470,.T.);
#1581=EDGE_CURVE('',#1288,#1289,#471,.T.);
#1582=EDGE_CURVE('',#1280,#1289,#472,.T.);
#1583=EDGE_CURVE('',#1278,#1290,#473,.T.);
#1584=EDGE_CURVE('',#1290,#1288,#474,.T.);
#1585=EDGE_CURVE('',#1269,#1291,#475,.T.);
#1586=EDGE_CURVE('',#1291,#1292,#476,.T.);
#1587=EDGE_CURVE('',#1292,#1270,#477,.T.);
#1588=EDGE_CURVE('',#1272,#1293,#478,.T.);
#1589=EDGE_CURVE('',#1293,#1291,#479,.T.);
#1590=EDGE_CURVE('',#1269,#1291,#480,.T.);
#1591=EDGE_CURVE('',#1271,#1294,#481,.T.);
#1592=EDGE_CURVE('',#1294,#1293,#482,.T.);
#1593=EDGE_CURVE('',#1292,#1294,#483,.T.);
#1594=EDGE_CURVE('',#1266,#1295,#484,.T.);
#1595=EDGE_CURVE('',#1295,#1296,#485,.T.);
#1596=EDGE_CURVE('',#1296,#1267,#486,.T.);
#1597=EDGE_CURVE('',#1265,#1297,#487,.T.);
#1598=EDGE_CURVE('',#1297,#1295,#488,.T.);
#1599=EDGE_CURVE('',#1268,#1298,#489,.T.);
#1600=EDGE_CURVE('',#1298,#1297,#490,.T.);
#1601=EDGE_CURVE('',#1265,#1297,#491,.T.);
#1602=EDGE_CURVE('',#1296,#1298,#492,.T.);
#1603=EDGE_CURVE('',#1240,#1299,#493,.T.);
#1604=EDGE_CURVE('',#1299,#1297,#494,.T.);
#1605=EDGE_CURVE('',#1243,#1300,#495,.T.);
#1606=EDGE_CURVE('',#1300,#1299,#496,.T.);
#1607=EDGE_CURVE('',#1240,#1299,#497,.T.);
#1608=EDGE_CURVE('',#1291,#1300,#498,.T.);
#1609=EDGE_CURVE('',#1243,#1300,#499,.T.);
#1610=EDGE_CURVE('',#1297,#1291,#500,.T.);
#1611=EDGE_CURVE('',#1242,#1275,#501,.T.);
#1612=EDGE_CURVE('',#1275,#1283,#502,.T.);
#1613=EDGE_CURVE('',#1283,#1300,#503,.T.);
#1614=EDGE_CURVE('',#1300,#1301,#504,.T.);
#1615=EDGE_CURVE('',#1256,#1301,#505,.T.);
#1616=EDGE_CURVE('',#1301,#1285,#506,.T.);
#1617=EDGE_CURVE('',#1299,#1288,#507,.T.);
#1618=EDGE_CURVE('',#1281,#1288,#508,.T.);
#1619=EDGE_CURVE('',#1241,#1281,#509,.T.);
#1620=EDGE_CURVE('',#1302,#1264,#510,.T.);
#1621=EDGE_CURVE('',#1302,#1299,#511,.T.);
#1622=EDGE_CURVE('',#1289,#1302,#512,.T.);
#1623=EDGE_CURVE('',#1284,#1290,#513,.T.);
#1624=EDGE_CURVE('',#1288,#1283,#514,.T.);
#1625=EDGE_CURVE('',#1263,#1303,#515,.T.);
#1626=EDGE_CURVE('',#1303,#1286,#516,.T.);
#1627=EDGE_CURVE('',#1262,#1304,#517,.T.);
#1628=EDGE_CURVE('',#1304,#1303,#518,.T.);
#1629=EDGE_CURVE('',#1258,#1305,#519,.T.);
#1630=EDGE_CURVE('',#1305,#1304,#520,.T.);
#1631=EDGE_CURVE('',#1257,#1306,#521,.T.);
#1632=EDGE_CURVE('',#1306,#1305,#522,.T.);
#1633=EDGE_CURVE('',#1258,#1305,#523,.T.);
#1634=EDGE_CURVE('',#1287,#1306,#524,.T.);
#1635=EDGE_CURVE('',#1260,#1307,#525,.T.);
#1636=EDGE_CURVE('',#1307,#1308,#526,.T.);
#1637=EDGE_CURVE('',#1308,#1261,#527,.T.);
#1638=EDGE_CURVE('',#1259,#1309,#528,.T.);
#1639=EDGE_CURVE('',#1309,#1307,#529,.T.);
#1640=EDGE_CURVE('',#1305,#1309,#530,.T.);
#1641=EDGE_CURVE('',#1308,#1305,#531,.T.);
#1642=EDGE_CURVE('',#1310,#1311,#532,.T.);
#1643=EDGE_CURVE('',#1310,#1312,#533,.T.);
#1644=EDGE_CURVE('',#1313,#1312,#534,.T.);
#1645=EDGE_CURVE('',#1311,#1313,#535,.T.);
#1646=EDGE_CURVE('',#1311,#1314,#15,.T.);
#1647=EDGE_CURVE('',#1315,#1313,#16,.T.);
#1648=EDGE_CURVE('',#1314,#1315,#536,.T.);
#1649=EDGE_CURVE('',#1316,#1317,#17,.T.);
#1650=EDGE_CURVE('',#1318,#1316,#537,.T.);
#1651=EDGE_CURVE('',#1319,#1318,#18,.T.);
#1652=EDGE_CURVE('',#1317,#1319,#538,.T.);
#1653=EDGE_CURVE('',#1314,#1320,#539,.T.);
#1654=EDGE_CURVE('',#1321,#1315,#540,.T.);
#1655=EDGE_CURVE('',#1320,#1321,#541,.T.);
#1656=EDGE_CURVE('',#1320,#1322,#19,.T.);
#1657=EDGE_CURVE('',#1323,#1321,#20,.T.);
#1658=EDGE_CURVE('',#1322,#1323,#542,.T.);
#1659=EDGE_CURVE('',#1322,#1316,#543,.T.);
#1660=EDGE_CURVE('',#1318,#1323,#544,.T.);
#1661=EDGE_CURVE('',#1324,#1310,#21,.T.);
#1662=EDGE_CURVE('',#1325,#1324,#545,.T.);
#1663=EDGE_CURVE('',#1312,#1325,#22,.T.);
#1664=EDGE_CURVE('',#1326,#1317,#546,.F.);
#1665=EDGE_CURVE('',#1326,#1327,#547,.F.);
#1666=EDGE_CURVE('',#1327,#1328,#548,.F.);
#1667=EDGE_CURVE('',#1328,#1329,#549,.F.);
#1668=EDGE_CURVE('',#1330,#1329,#550,.F.);
#1669=EDGE_CURVE('',#1330,#1331,#551,.F.);
#1670=EDGE_CURVE('',#1331,#1332,#552,.F.);
#1671=EDGE_CURVE('',#1332,#1333,#553,.F.);
#1672=EDGE_CURVE('',#1334,#1333,#554,.F.);
#1673=EDGE_CURVE('',#1334,#1335,#555,.F.);
#1674=EDGE_CURVE('',#1335,#1336,#556,.F.);
#1675=EDGE_CURVE('',#1336,#1337,#557,.F.);
#1676=EDGE_CURVE('',#1338,#1337,#558,.F.);
#1677=EDGE_CURVE('',#1338,#1339,#559,.F.);
#1678=EDGE_CURVE('',#1339,#1340,#560,.F.);
#1679=EDGE_CURVE('',#1340,#1341,#561,.F.);
#1680=EDGE_CURVE('',#1342,#1341,#562,.F.);
#1681=EDGE_CURVE('',#1342,#1343,#563,.F.);
#1682=EDGE_CURVE('',#1343,#1344,#564,.F.);
#1683=EDGE_CURVE('',#1344,#1345,#565,.F.);
#1684=EDGE_CURVE('',#1346,#1345,#566,.F.);
#1685=EDGE_CURVE('',#1346,#1347,#567,.F.);
#1686=EDGE_CURVE('',#1347,#1348,#568,.F.);
#1687=EDGE_CURVE('',#1348,#1349,#569,.F.);
#1688=EDGE_CURVE('',#1350,#1349,#570,.F.);
#1689=EDGE_CURVE('',#1350,#1351,#571,.T.);
#1690=EDGE_CURVE('',#1351,#1352,#572,.F.);
#1691=EDGE_CURVE('',#1353,#1352,#573,.F.);
#1692=EDGE_CURVE('',#1324,#1353,#574,.F.);
#1693=EDGE_CURVE('',#1353,#1354,#575,.F.);
#1694=EDGE_CURVE('',#1354,#1355,#576,.F.);
#1695=EDGE_CURVE('',#1355,#1356,#577,.T.);
#1696=EDGE_CURVE('',#1356,#1357,#578,.T.);
#1697=EDGE_CURVE('',#1357,#1358,#579,.T.);
#1698=EDGE_CURVE('',#1358,#1359,#580,.F.);
#1699=EDGE_CURVE('',#1359,#1360,#581,.F.);
#1700=EDGE_CURVE('',#1360,#1361,#582,.F.);
#1701=EDGE_CURVE('',#1361,#1362,#583,.F.);
#1702=EDGE_CURVE('',#1362,#1363,#584,.F.);
#1703=EDGE_CURVE('',#1363,#1364,#585,.T.);
#1704=EDGE_CURVE('',#1364,#1365,#586,.T.);
#1705=EDGE_CURVE('',#1365,#1366,#587,.T.);
#1706=EDGE_CURVE('',#1366,#1367,#588,.F.);
#1707=EDGE_CURVE('',#1367,#1368,#589,.T.);
#1708=EDGE_CURVE('',#1368,#1369,#590,.T.);
#1709=EDGE_CURVE('',#1369,#1370,#591,.T.);
#1710=EDGE_CURVE('',#1370,#1371,#592,.F.);
#1711=EDGE_CURVE('',#1371,#1372,#593,.F.);
#1712=EDGE_CURVE('',#1372,#1373,#594,.F.);
#1713=EDGE_CURVE('',#1373,#1374,#595,.T.);
#1714=EDGE_CURVE('',#1374,#1375,#596,.T.);
#1715=EDGE_CURVE('',#1375,#1376,#597,.T.);
#1716=EDGE_CURVE('',#1376,#1377,#598,.F.);
#1717=EDGE_CURVE('',#1377,#1378,#599,.T.);
#1718=EDGE_CURVE('',#1378,#1379,#600,.T.);
#1719=EDGE_CURVE('',#1379,#1380,#601,.T.);
#1720=EDGE_CURVE('',#1380,#1381,#602,.F.);
#1721=EDGE_CURVE('',#1381,#1382,#603,.T.);
#1722=EDGE_CURVE('',#1382,#1383,#604,.T.);
#1723=EDGE_CURVE('',#1383,#1384,#605,.T.);
#1724=EDGE_CURVE('',#1384,#1385,#606,.F.);
#1725=EDGE_CURVE('',#1385,#1386,#607,.T.);
#1726=EDGE_CURVE('',#1386,#1387,#608,.T.);
#1727=EDGE_CURVE('',#1387,#1388,#609,.T.);
#1728=EDGE_CURVE('',#1388,#1389,#610,.F.);
#1729=EDGE_CURVE('',#1389,#1390,#611,.T.);
#1730=EDGE_CURVE('',#1390,#1391,#612,.T.);
#1731=EDGE_CURVE('',#1391,#1392,#613,.T.);
#1732=EDGE_CURVE('',#1392,#1393,#614,.F.);
#1733=EDGE_CURVE('',#1393,#1394,#615,.F.);
#1734=EDGE_CURVE('',#1394,#1395,#616,.F.);
#1735=EDGE_CURVE('',#1395,#1396,#617,.T.);
#1736=EDGE_CURVE('',#1396,#1397,#618,.T.);
#1737=EDGE_CURVE('',#1397,#1398,#619,.T.);
#1738=EDGE_CURVE('',#1398,#1399,#620,.F.);
#1739=EDGE_CURVE('',#1399,#1400,#621,.T.);
#1740=EDGE_CURVE('',#1400,#1401,#622,.T.);
#1741=EDGE_CURVE('',#1401,#1402,#623,.T.);
#1742=EDGE_CURVE('',#1402,#1403,#624,.F.);
#1743=EDGE_CURVE('',#1403,#1404,#625,.T.);
#1744=EDGE_CURVE('',#1404,#1405,#626,.T.);
#1745=EDGE_CURVE('',#1405,#1406,#627,.T.);
#1746=EDGE_CURVE('',#1406,#1407,#628,.F.);
#1747=EDGE_CURVE('',#1407,#1350,#629,.F.);
#1748=EDGE_CURVE('',#1349,#1408,#630,.T.);
#1749=EDGE_CURVE('',#1408,#1409,#631,.T.);
#1750=EDGE_CURVE('',#1409,#1346,#632,.T.);
#1751=EDGE_CURVE('',#1345,#1410,#633,.T.);
#1752=EDGE_CURVE('',#1410,#1411,#634,.T.);
#1753=EDGE_CURVE('',#1411,#1342,#635,.T.);
#1754=EDGE_CURVE('',#1341,#1412,#636,.T.);
#1755=EDGE_CURVE('',#1412,#1413,#637,.T.);
#1756=EDGE_CURVE('',#1413,#1338,#638,.T.);
#1757=EDGE_CURVE('',#1337,#1414,#639,.T.);
#1758=EDGE_CURVE('',#1414,#1415,#640,.T.);
#1759=EDGE_CURVE('',#1415,#1334,#641,.T.);
#1760=EDGE_CURVE('',#1333,#1416,#642,.T.);
#1761=EDGE_CURVE('',#1416,#1417,#643,.T.);
#1762=EDGE_CURVE('',#1417,#1330,#644,.T.);
#1763=EDGE_CURVE('',#1329,#1418,#645,.T.);
#1764=EDGE_CURVE('',#1418,#1419,#646,.T.);
#1765=EDGE_CURVE('',#1419,#1326,#647,.T.);
#1766=EDGE_CURVE('',#1319,#1420,#648,.T.);
#1767=EDGE_CURVE('',#1420,#1421,#649,.T.);
#1768=EDGE_CURVE('',#1421,#1422,#650,.T.);
#1769=EDGE_CURVE('',#1422,#1423,#651,.T.);
#1770=EDGE_CURVE('',#1423,#1424,#652,.T.);
#1771=EDGE_CURVE('',#1424,#1425,#653,.T.);
#1772=EDGE_CURVE('',#1425,#1426,#654,.T.);
#1773=EDGE_CURVE('',#1426,#1427,#655,.T.);
#1774=EDGE_CURVE('',#1427,#1428,#656,.T.);
#1775=EDGE_CURVE('',#1428,#1429,#657,.T.);
#1776=EDGE_CURVE('',#1429,#1430,#658,.T.);
#1777=EDGE_CURVE('',#1430,#1431,#659,.T.);
#1778=EDGE_CURVE('',#1431,#1325,#660,.T.);
#1779=EDGE_CURVE('',#1432,#1432,#23,.T.);
#1780=EDGE_CURVE('',#1433,#1433,#24,.T.);
#1781=EDGE_CURVE('',#1434,#1434,#25,.T.);
#1782=EDGE_CURVE('',#1435,#1435,#26,.T.);
#1783=EDGE_CURVE('',#1436,#1436,#27,.T.);
#1784=EDGE_CURVE('',#1437,#1437,#28,.T.);
#1785=EDGE_CURVE('',#1438,#1438,#29,.T.);
#1786=EDGE_CURVE('',#1439,#1439,#30,.T.);
#1787=EDGE_CURVE('',#1440,#1440,#31,.T.);
#1788=EDGE_CURVE('',#1441,#1441,#32,.T.);
#1789=EDGE_CURVE('',#1441,#1440,#661,.T.);
#1790=EDGE_CURVE('',#1442,#1442,#33,.T.);
#1791=EDGE_CURVE('',#1442,#1439,#662,.T.);
#1792=EDGE_CURVE('',#1443,#1443,#34,.T.);
#1793=EDGE_CURVE('',#1443,#1438,#663,.T.);
#1794=EDGE_CURVE('',#1444,#1444,#35,.T.);
#1795=EDGE_CURVE('',#1444,#1437,#664,.T.);
#1796=EDGE_CURVE('',#1445,#1445,#36,.T.);
#1797=EDGE_CURVE('',#1445,#1436,#665,.T.);
#1798=EDGE_CURVE('',#1446,#1446,#37,.T.);
#1799=EDGE_CURVE('',#1446,#1435,#666,.T.);
#1800=EDGE_CURVE('',#1447,#1447,#38,.T.);
#1801=EDGE_CURVE('',#1447,#1434,#667,.T.);
#1802=EDGE_CURVE('',#1448,#1448,#39,.T.);
#1803=EDGE_CURVE('',#1448,#1433,#668,.T.);
#1804=EDGE_CURVE('',#1449,#1449,#40,.T.);
#1805=EDGE_CURVE('',#1449,#1432,#669,.T.);
#1806=EDGE_CURVE('',#1450,#1356,#670,.T.);
#1807=EDGE_CURVE('',#1450,#1451,#671,.F.);
#1808=EDGE_CURVE('',#1451,#1357,#672,.T.);
#1809=EDGE_CURVE('',#1452,#1351,#673,.F.);
#1810=EDGE_CURVE('',#1453,#1452,#674,.F.);
#1811=EDGE_CURVE('',#1454,#1453,#675,.F.);
#1812=EDGE_CURVE('',#1455,#1454,#676,.F.);
#1813=EDGE_CURVE('',#1456,#1455,#677,.F.);
#1814=EDGE_CURVE('',#1457,#1456,#678,.F.);
#1815=EDGE_CURVE('',#1458,#1457,#679,.F.);
#1816=EDGE_CURVE('',#1459,#1458,#680,.F.);
#1817=EDGE_CURVE('',#1460,#1459,#681,.F.);
#1818=EDGE_CURVE('',#1461,#1460,#682,.F.);
#1819=EDGE_CURVE('',#1352,#1461,#683,.F.);
#1820=EDGE_CURVE('',#1462,#1347,#684,.F.);
#1821=EDGE_CURVE('',#1463,#1462,#685,.F.);
#1822=EDGE_CURVE('',#1348,#1463,#686,.F.);
#1823=EDGE_CURVE('',#1464,#1343,#687,.F.);
#1824=EDGE_CURVE('',#1465,#1464,#688,.F.);
#1825=EDGE_CURVE('',#1344,#1465,#689,.F.);
#1826=EDGE_CURVE('',#1466,#1339,#690,.F.);
#1827=EDGE_CURVE('',#1467,#1466,#691,.F.);
#1828=EDGE_CURVE('',#1340,#1467,#692,.F.);
#1829=EDGE_CURVE('',#1468,#1335,#693,.F.);
#1830=EDGE_CURVE('',#1469,#1468,#694,.F.);
#1831=EDGE_CURVE('',#1336,#1469,#695,.F.);
#1832=EDGE_CURVE('',#1470,#1331,#696,.F.);
#1833=EDGE_CURVE('',#1471,#1470,#697,.F.);
#1834=EDGE_CURVE('',#1332,#1471,#698,.F.);
#1835=EDGE_CURVE('',#1472,#1327,#699,.F.);
#1836=EDGE_CURVE('',#1473,#1472,#700,.F.);
#1837=EDGE_CURVE('',#1328,#1473,#701,.F.);
#1838=EDGE_CURVE('',#1474,#1475,#702,.F.);
#1839=EDGE_CURVE('',#1476,#1474,#703,.F.);
#1840=EDGE_CURVE('',#1477,#1476,#704,.F.);
#1841=EDGE_CURVE('',#1475,#1477,#705,.F.);
#1842=EDGE_CURVE('',#1478,#1479,#706,.F.);
#1843=EDGE_CURVE('',#1480,#1478,#707,.F.);
#1844=EDGE_CURVE('',#1481,#1480,#708,.F.);
#1845=EDGE_CURVE('',#1479,#1481,#709,.F.);
#1846=EDGE_CURVE('',#1482,#1483,#710,.F.);
#1847=EDGE_CURVE('',#1484,#1482,#711,.F.);
#1848=EDGE_CURVE('',#1485,#1484,#712,.F.);
#1849=EDGE_CURVE('',#1483,#1485,#713,.F.);
#1850=EDGE_CURVE('',#1486,#1487,#714,.F.);
#1851=EDGE_CURVE('',#1488,#1486,#715,.F.);
#1852=EDGE_CURVE('',#1489,#1488,#716,.F.);
#1853=EDGE_CURVE('',#1487,#1489,#717,.F.);
#1854=EDGE_CURVE('',#1490,#1491,#718,.F.);
#1855=EDGE_CURVE('',#1492,#1490,#719,.F.);
#1856=EDGE_CURVE('',#1493,#1492,#720,.F.);
#1857=EDGE_CURVE('',#1491,#1493,#721,.F.);
#1858=EDGE_CURVE('',#1494,#1495,#722,.F.);
#1859=EDGE_CURVE('',#1496,#1494,#723,.F.);
#1860=EDGE_CURVE('',#1497,#1496,#724,.F.);
#1861=EDGE_CURVE('',#1495,#1497,#725,.F.);
#1862=EDGE_CURVE('',#1498,#1499,#726,.F.);
#1863=EDGE_CURVE('',#1500,#1498,#727,.F.);
#1864=EDGE_CURVE('',#1501,#1500,#728,.F.);
#1865=EDGE_CURVE('',#1499,#1501,#729,.F.);
#1866=EDGE_CURVE('',#1502,#1503,#730,.F.);
#1867=EDGE_CURVE('',#1504,#1502,#731,.F.);
#1868=EDGE_CURVE('',#1505,#1504,#732,.F.);
#1869=EDGE_CURVE('',#1503,#1505,#733,.F.);
#1870=EDGE_CURVE('',#1506,#1507,#734,.F.);
#1871=EDGE_CURVE('',#1508,#1506,#735,.F.);
#1872=EDGE_CURVE('',#1509,#1508,#736,.F.);
#1873=EDGE_CURVE('',#1507,#1509,#737,.F.);
#1874=EDGE_CURVE('',#1510,#1511,#738,.F.);
#1875=EDGE_CURVE('',#1512,#1510,#739,.F.);
#1876=EDGE_CURVE('',#1513,#1512,#740,.F.);
#1877=EDGE_CURVE('',#1511,#1513,#741,.F.);
#1878=EDGE_CURVE('',#1354,#1461,#742,.F.);
#1879=EDGE_CURVE('',#1472,#1419,#743,.T.);
#1880=EDGE_CURVE('',#1473,#1418,#744,.T.);
#1881=EDGE_CURVE('',#1470,#1417,#745,.T.);
#1882=EDGE_CURVE('',#1471,#1416,#746,.T.);
#1883=EDGE_CURVE('',#1468,#1415,#747,.T.);
#1884=EDGE_CURVE('',#1469,#1414,#748,.T.);
#1885=EDGE_CURVE('',#1466,#1413,#749,.T.);
#1886=EDGE_CURVE('',#1467,#1412,#750,.T.);
#1887=EDGE_CURVE('',#1464,#1411,#751,.F.);
#1888=EDGE_CURVE('',#1465,#1410,#752,.F.);
#1889=EDGE_CURVE('',#1462,#1409,#753,.T.);
#1890=EDGE_CURVE('',#1463,#1408,#754,.T.);
#1891=EDGE_CURVE('',#1452,#1407,#755,.T.);
#1892=EDGE_CURVE('',#1484,#1405,#756,.T.);
#1893=EDGE_CURVE('',#1406,#1482,#757,.F.);
#1894=EDGE_CURVE('',#1485,#1404,#758,.T.);
#1895=EDGE_CURVE('',#1483,#1403,#759,.F.);
#1896=EDGE_CURVE('',#1480,#1401,#760,.F.);
#1897=EDGE_CURVE('',#1402,#1478,#761,.F.);
#1898=EDGE_CURVE('',#1481,#1400,#762,.F.);
#1899=EDGE_CURVE('',#1479,#1399,#763,.F.);
#1900=EDGE_CURVE('',#1476,#1397,#764,.F.);
#1901=EDGE_CURVE('',#1398,#1474,#765,.F.);
#1902=EDGE_CURVE('',#1477,#1396,#766,.F.);
#1903=EDGE_CURVE('',#1475,#1395,#767,.F.);
#1904=EDGE_CURVE('',#1394,#1453,#768,.F.);
#1905=EDGE_CURVE('',#1393,#1454,#769,.F.);
#1906=EDGE_CURVE('',#1504,#1391,#770,.F.);
#1907=EDGE_CURVE('',#1392,#1502,#771,.F.);
#1908=EDGE_CURVE('',#1505,#1390,#772,.F.);
#1909=EDGE_CURVE('',#1503,#1389,#773,.F.);
#1910=EDGE_CURVE('',#1500,#1387,#774,.F.);
#1911=EDGE_CURVE('',#1388,#1498,#775,.F.);
#1912=EDGE_CURVE('',#1501,#1386,#776,.F.);
#1913=EDGE_CURVE('',#1499,#1385,#777,.F.);
#1914=EDGE_CURVE('',#1496,#1383,#778,.F.);
#1915=EDGE_CURVE('',#1384,#1494,#779,.F.);
#1916=EDGE_CURVE('',#1497,#1382,#780,.F.);
#1917=EDGE_CURVE('',#1495,#1381,#781,.F.);
#1918=EDGE_CURVE('',#1492,#1379,#782,.F.);
#1919=EDGE_CURVE('',#1380,#1490,#783,.F.);
#1920=EDGE_CURVE('',#1493,#1378,#784,.F.);
#1921=EDGE_CURVE('',#1491,#1377,#785,.F.);
#1922=EDGE_CURVE('',#1488,#1375,#786,.F.);
#1923=EDGE_CURVE('',#1376,#1486,#787,.F.);
#1924=EDGE_CURVE('',#1489,#1374,#788,.F.);
#1925=EDGE_CURVE('',#1487,#1373,#789,.F.);
#1926=EDGE_CURVE('',#1372,#1455,#790,.F.);
#1927=EDGE_CURVE('',#1371,#1456,#791,.F.);
#1928=EDGE_CURVE('',#1512,#1369,#792,.T.);
#1929=EDGE_CURVE('',#1370,#1510,#793,.F.);
#1930=EDGE_CURVE('',#1513,#1368,#794,.T.);
#1931=EDGE_CURVE('',#1511,#1367,#795,.F.);
#1932=EDGE_CURVE('',#1508,#1365,#796,.T.);
#1933=EDGE_CURVE('',#1366,#1506,#797,.F.);
#1934=EDGE_CURVE('',#1509,#1364,#798,.T.);
#1935=EDGE_CURVE('',#1507,#1363,#799,.F.);
#1936=EDGE_CURVE('',#1362,#1457,#800,.T.);
#1937=EDGE_CURVE('',#1361,#1458,#801,.T.);
#1938=EDGE_CURVE('',#1360,#1459,#802,.F.);
#1939=EDGE_CURVE('',#1359,#1460,#803,.F.);
#1940=EDGE_CURVE('',#1358,#1514,#804,.F.);
#1941=EDGE_CURVE('',#1514,#1515,#805,.F.);
#1942=EDGE_CURVE('',#1515,#1355,#806,.F.);
#1943=EDGE_CURVE('',#1246,#1430,#807,.T.);
#1944=EDGE_CURVE('',#1431,#1245,#808,.T.);
#1945=EDGE_CURVE('',#1247,#1429,#809,.T.);
#1946=EDGE_CURVE('',#1248,#1428,#810,.T.);
#1947=EDGE_CURVE('',#1249,#1427,#811,.T.);
#1948=EDGE_CURVE('',#1250,#1426,#812,.T.);
#1949=EDGE_CURVE('',#1251,#1425,#813,.T.);
#1950=EDGE_CURVE('',#1252,#1424,#814,.T.);
#1951=EDGE_CURVE('',#1253,#1423,#815,.T.);
#1952=EDGE_CURVE('',#1254,#1422,#816,.T.);
#1953=EDGE_CURVE('',#1255,#1421,#817,.T.);
#1954=EDGE_CURVE('',#1244,#1420,#818,.T.);
#1955=EDGE_CURVE('',#1451,#1514,#819,.F.);
#1956=EDGE_CURVE('',#1515,#1450,#820,.F.);
#1957=ORIENTED_EDGE('',*,*,#1516,.T.);
#1958=ORIENTED_EDGE('',*,*,#1517,.T.);
#1959=ORIENTED_EDGE('',*,*,#1518,.T.);
#1960=ORIENTED_EDGE('',*,*,#1519,.T.);
#1961=ORIENTED_EDGE('',*,*,#1520,.T.);
#1962=ORIENTED_EDGE('',*,*,#1521,.T.);
#1963=ORIENTED_EDGE('',*,*,#1522,.T.);
#1964=ORIENTED_EDGE('',*,*,#1523,.T.);
#1965=ORIENTED_EDGE('',*,*,#1524,.T.);
#1966=ORIENTED_EDGE('',*,*,#1525,.T.);
#1967=ORIENTED_EDGE('',*,*,#1526,.T.);
#1968=ORIENTED_EDGE('',*,*,#1527,.T.);
#1969=ORIENTED_EDGE('',*,*,#1528,.T.);
#1970=ORIENTED_EDGE('',*,*,#1529,.T.);
#1971=ORIENTED_EDGE('',*,*,#1530,.T.);
#1972=ORIENTED_EDGE('',*,*,#1531,.T.);
#1973=ORIENTED_EDGE('',*,*,#1532,.T.);
#1974=ORIENTED_EDGE('',*,*,#1533,.T.);
#1975=ORIENTED_EDGE('',*,*,#1534,.T.);
#1976=ORIENTED_EDGE('',*,*,#1535,.T.);
#1977=ORIENTED_EDGE('',*,*,#1536,.T.);
#1978=ORIENTED_EDGE('',*,*,#1537,.T.);
#1979=ORIENTED_EDGE('',*,*,#1538,.T.);
#1980=ORIENTED_EDGE('',*,*,#1539,.T.);
#1981=ORIENTED_EDGE('',*,*,#1540,.T.);
#1982=ORIENTED_EDGE('',*,*,#1541,.T.);
#1983=ORIENTED_EDGE('',*,*,#1542,.T.);
#1984=ORIENTED_EDGE('',*,*,#1543,.T.);
#1985=ORIENTED_EDGE('',*,*,#1544,.T.);
#1986=ORIENTED_EDGE('',*,*,#1545,.T.);
#1987=ORIENTED_EDGE('',*,*,#1546,.T.);
#1988=ORIENTED_EDGE('',*,*,#1547,.T.);
#1989=ORIENTED_EDGE('',*,*,#1548,.T.);
#1990=ORIENTED_EDGE('',*,*,#1549,.T.);
#1991=ORIENTED_EDGE('',*,*,#1550,.T.);
#1992=ORIENTED_EDGE('',*,*,#1551,.T.);
#1993=ORIENTED_EDGE('',*,*,#1552,.T.);
#1994=ORIENTED_EDGE('',*,*,#1553,.T.);
#1995=ORIENTED_EDGE('',*,*,#1554,.T.);
#1996=ORIENTED_EDGE('',*,*,#1555,.T.);
#1997=ORIENTED_EDGE('',*,*,#1556,.T.);
#1998=ORIENTED_EDGE('',*,*,#1557,.T.);
#1999=ORIENTED_EDGE('',*,*,#1558,.F.);
#2000=ORIENTED_EDGE('',*,*,#1516,.F.);
#2001=ORIENTED_EDGE('',*,*,#1559,.F.);
#2002=ORIENTED_EDGE('',*,*,#1560,.T.);
#2003=ORIENTED_EDGE('',*,*,#1561,.F.);
#2004=ORIENTED_EDGE('',*,*,#1562,.F.);
#2005=ORIENTED_EDGE('',*,*,#1560,.F.);
#2006=ORIENTED_EDGE('',*,*,#1563,.F.);
#2007=ORIENTED_EDGE('',*,*,#1564,.F.);
#2008=ORIENTED_EDGE('',*,*,#1565,.T.);
#2009=ORIENTED_EDGE('',*,*,#1566,.T.);
#2010=ORIENTED_EDGE('',*,*,#1567,.F.);
#2011=ORIENTED_EDGE('',*,*,#1518,.F.);
#2012=ORIENTED_EDGE('',*,*,#1568,.F.);
#2013=ORIENTED_EDGE('',*,*,#1569,.F.);
#2014=ORIENTED_EDGE('',*,*,#1570,.F.);
#2015=ORIENTED_EDGE('',*,*,#1566,.F.);
#2016=ORIENTED_EDGE('',*,*,#1571,.F.);
#2017=ORIENTED_EDGE('',*,*,#1562,.T.);
#2018=ORIENTED_EDGE('',*,*,#1572,.T.);
#2019=ORIENTED_EDGE('',*,*,#1573,.T.);
#2020=ORIENTED_EDGE('',*,*,#1574,.F.);
#2021=ORIENTED_EDGE('',*,*,#1561,.T.);
#2022=ORIENTED_EDGE('',*,*,#1575,.T.);
#2023=ORIENTED_EDGE('',*,*,#1576,.T.);
#2024=ORIENTED_EDGE('',*,*,#1572,.F.);
#2025=ORIENTED_EDGE('',*,*,#1563,.T.);
#2026=ORIENTED_EDGE('',*,*,#1559,.T.);
#2027=ORIENTED_EDGE('',*,*,#1519,.F.);
#2028=ORIENTED_EDGE('',*,*,#1567,.T.);
#2029=ORIENTED_EDGE('',*,*,#1570,.T.);
#2030=ORIENTED_EDGE('',*,*,#1577,.T.);
#2031=ORIENTED_EDGE('',*,*,#1578,.T.);
#2032=ORIENTED_EDGE('',*,*,#1579,.F.);
#2033=ORIENTED_EDGE('',*,*,#1568,.T.);
#2034=ORIENTED_EDGE('',*,*,#1580,.T.);
#2035=ORIENTED_EDGE('',*,*,#1581,.T.);
#2036=ORIENTED_EDGE('',*,*,#1582,.F.);
#2037=ORIENTED_EDGE('',*,*,#1571,.T.);
#2038=ORIENTED_EDGE('',*,*,#1583,.T.);
#2039=ORIENTED_EDGE('',*,*,#1584,.T.);
#2040=ORIENTED_EDGE('',*,*,#1580,.F.);
#2041=ORIENTED_EDGE('',*,*,#1585,.T.);
#2042=ORIENTED_EDGE('',*,*,#1586,.T.);
#2043=ORIENTED_EDGE('',*,*,#1587,.T.);
#2044=ORIENTED_EDGE('',*,*,#1552,.F.);
#2045=ORIENTED_EDGE('',*,*,#1588,.T.);
#2046=ORIENTED_EDGE('',*,*,#1589,.T.);
#2047=ORIENTED_EDGE('',*,*,#1590,.F.);
#2048=ORIENTED_EDGE('',*,*,#1555,.F.);
#2049=ORIENTED_EDGE('',*,*,#1591,.T.);
#2050=ORIENTED_EDGE('',*,*,#1592,.T.);
#2051=ORIENTED_EDGE('',*,*,#1588,.F.);
#2052=ORIENTED_EDGE('',*,*,#1554,.F.);
#2053=ORIENTED_EDGE('',*,*,#1587,.F.);
#2054=ORIENTED_EDGE('',*,*,#1593,.T.);
#2055=ORIENTED_EDGE('',*,*,#1591,.F.);
#2056=ORIENTED_EDGE('',*,*,#1553,.F.);
#2057=ORIENTED_EDGE('',*,*,#1593,.F.);
#2058=ORIENTED_EDGE('',*,*,#1586,.F.);
#2059=ORIENTED_EDGE('',*,*,#1589,.F.);
#2060=ORIENTED_EDGE('',*,*,#1592,.F.);
#2061=ORIENTED_EDGE('',*,*,#1594,.T.);
#2062=ORIENTED_EDGE('',*,*,#1595,.T.);
#2063=ORIENTED_EDGE('',*,*,#1596,.T.);
#2064=ORIENTED_EDGE('',*,*,#1548,.F.);
#2065=ORIENTED_EDGE('',*,*,#1597,.T.);
#2066=ORIENTED_EDGE('',*,*,#1598,.T.);
#2067=ORIENTED_EDGE('',*,*,#1594,.F.);
#2068=ORIENTED_EDGE('',*,*,#1547,.F.);
#2069=ORIENTED_EDGE('',*,*,#1599,.T.);
#2070=ORIENTED_EDGE('',*,*,#1600,.T.);
#2071=ORIENTED_EDGE('',*,*,#1601,.F.);
#2072=ORIENTED_EDGE('',*,*,#1550,.F.);
#2073=ORIENTED_EDGE('',*,*,#1596,.F.);
#2074=ORIENTED_EDGE('',*,*,#1602,.T.);
#2075=ORIENTED_EDGE('',*,*,#1599,.F.);
#2076=ORIENTED_EDGE('',*,*,#1549,.F.);
#2077=ORIENTED_EDGE('',*,*,#1602,.F.);
#2078=ORIENTED_EDGE('',*,*,#1595,.F.);
#2079=ORIENTED_EDGE('',*,*,#1598,.F.);
#2080=ORIENTED_EDGE('',*,*,#1600,.F.);
#2081=ORIENTED_EDGE('',*,*,#1603,.T.);
#2082=ORIENTED_EDGE('',*,*,#1604,.T.);
#2083=ORIENTED_EDGE('',*,*,#1597,.F.);
#2084=ORIENTED_EDGE('',*,*,#1546,.F.);
#2085=ORIENTED_EDGE('',*,*,#1605,.T.);
#2086=ORIENTED_EDGE('',*,*,#1606,.T.);
#2087=ORIENTED_EDGE('',*,*,#1607,.F.);
#2088=ORIENTED_EDGE('',*,*,#1523,.F.);
#2089=ORIENTED_EDGE('',*,*,#1590,.T.);
#2090=ORIENTED_EDGE('',*,*,#1608,.T.);
#2091=ORIENTED_EDGE('',*,*,#1609,.F.);
#2092=ORIENTED_EDGE('',*,*,#1556,.F.);
#2093=ORIENTED_EDGE('',*,*,#1601,.T.);
#2094=ORIENTED_EDGE('',*,*,#1610,.T.);
#2095=ORIENTED_EDGE('',*,*,#1585,.F.);
#2096=ORIENTED_EDGE('',*,*,#1551,.F.);
#2097=ORIENTED_EDGE('',*,*,#1610,.F.);
#2098=ORIENTED_EDGE('',*,*,#1604,.F.);
#2099=ORIENTED_EDGE('',*,*,#1606,.F.);
#2100=ORIENTED_EDGE('',*,*,#1608,.F.);
#2101=ORIENTED_EDGE('',*,*,#1611,.T.);
#2102=ORIENTED_EDGE('',*,*,#1612,.T.);
#2103=ORIENTED_EDGE('',*,*,#1613,.T.);
#2104=ORIENTED_EDGE('',*,*,#1605,.F.);
#2105=ORIENTED_EDGE('',*,*,#1522,.F.);
#2106=ORIENTED_EDGE('',*,*,#1609,.T.);
#2107=ORIENTED_EDGE('',*,*,#1614,.T.);
#2108=ORIENTED_EDGE('',*,*,#1615,.F.);
#2109=ORIENTED_EDGE('',*,*,#1557,.F.);
#2110=ORIENTED_EDGE('',*,*,#1614,.F.);
#2111=ORIENTED_EDGE('',*,*,#1613,.F.);
#2112=ORIENTED_EDGE('',*,*,#1576,.F.);
#2113=ORIENTED_EDGE('',*,*,#1616,.F.);
#2114=ORIENTED_EDGE('',*,*,#1607,.T.);
#2115=ORIENTED_EDGE('',*,*,#1617,.T.);
#2116=ORIENTED_EDGE('',*,*,#1618,.F.);
#2117=ORIENTED_EDGE('',*,*,#1619,.F.);
#2118=ORIENTED_EDGE('',*,*,#1520,.F.);
#2119=ORIENTED_EDGE('',*,*,#1620,.F.);
#2120=ORIENTED_EDGE('',*,*,#1621,.T.);
#2121=ORIENTED_EDGE('',*,*,#1603,.F.);
#2122=ORIENTED_EDGE('',*,*,#1545,.F.);
#2123=ORIENTED_EDGE('',*,*,#1621,.F.);
#2124=ORIENTED_EDGE('',*,*,#1622,.F.);
#2125=ORIENTED_EDGE('',*,*,#1581,.F.);
#2126=ORIENTED_EDGE('',*,*,#1617,.F.);
#2127=ORIENTED_EDGE('',*,*,#1558,.T.);
#2128=ORIENTED_EDGE('',*,*,#1574,.T.);
#2129=ORIENTED_EDGE('',*,*,#1623,.T.);
#2130=ORIENTED_EDGE('',*,*,#1583,.F.);
#2131=ORIENTED_EDGE('',*,*,#1565,.F.);
#2132=ORIENTED_EDGE('',*,*,#1517,.F.);
#2133=ORIENTED_EDGE('',*,*,#1619,.T.);
#2134=ORIENTED_EDGE('',*,*,#1618,.T.);
#2135=ORIENTED_EDGE('',*,*,#1624,.T.);
#2136=ORIENTED_EDGE('',*,*,#1612,.F.);
#2137=ORIENTED_EDGE('',*,*,#1611,.F.);
#2138=ORIENTED_EDGE('',*,*,#1521,.F.);
#2139=ORIENTED_EDGE('',*,*,#1624,.F.);
#2140=ORIENTED_EDGE('',*,*,#1584,.F.);
#2141=ORIENTED_EDGE('',*,*,#1623,.F.);
#2142=ORIENTED_EDGE('',*,*,#1573,.F.);
#2143=ORIENTED_EDGE('',*,*,#1625,.T.);
#2144=ORIENTED_EDGE('',*,*,#1626,.T.);
#2145=ORIENTED_EDGE('',*,*,#1577,.F.);
#2146=ORIENTED_EDGE('',*,*,#1569,.T.);
#2147=ORIENTED_EDGE('',*,*,#1582,.T.);
#2148=ORIENTED_EDGE('',*,*,#1622,.T.);
#2149=ORIENTED_EDGE('',*,*,#1620,.T.);
#2150=ORIENTED_EDGE('',*,*,#1544,.F.);
#2151=ORIENTED_EDGE('',*,*,#1627,.T.);
#2152=ORIENTED_EDGE('',*,*,#1628,.T.);
#2153=ORIENTED_EDGE('',*,*,#1625,.F.);
#2154=ORIENTED_EDGE('',*,*,#1543,.F.);
#2155=ORIENTED_EDGE('',*,*,#1629,.T.);
#2156=ORIENTED_EDGE('',*,*,#1630,.T.);
#2157=ORIENTED_EDGE('',*,*,#1627,.F.);
#2158=ORIENTED_EDGE('',*,*,#1542,.F.);
#2159=ORIENTED_EDGE('',*,*,#1631,.T.);
#2160=ORIENTED_EDGE('',*,*,#1632,.T.);
#2161=ORIENTED_EDGE('',*,*,#1633,.F.);
#2162=ORIENTED_EDGE('',*,*,#1537,.F.);
#2163=ORIENTED_EDGE('',*,*,#1615,.T.);
#2164=ORIENTED_EDGE('',*,*,#1616,.T.);
#2165=ORIENTED_EDGE('',*,*,#1575,.F.);
#2166=ORIENTED_EDGE('',*,*,#1564,.T.);
#2167=ORIENTED_EDGE('',*,*,#1579,.T.);
#2168=ORIENTED_EDGE('',*,*,#1634,.T.);
#2169=ORIENTED_EDGE('',*,*,#1631,.F.);
#2170=ORIENTED_EDGE('',*,*,#1536,.F.);
#2171=ORIENTED_EDGE('',*,*,#1578,.F.);
#2172=ORIENTED_EDGE('',*,*,#1626,.F.);
#2173=ORIENTED_EDGE('',*,*,#1628,.F.);
#2174=ORIENTED_EDGE('',*,*,#1630,.F.);
#2175=ORIENTED_EDGE('',*,*,#1632,.F.);
#2176=ORIENTED_EDGE('',*,*,#1634,.F.);
#2177=ORIENTED_EDGE('',*,*,#1635,.T.);
#2178=ORIENTED_EDGE('',*,*,#1636,.T.);
#2179=ORIENTED_EDGE('',*,*,#1637,.T.);
#2180=ORIENTED_EDGE('',*,*,#1540,.F.);
#2181=ORIENTED_EDGE('',*,*,#1638,.T.);
#2182=ORIENTED_EDGE('',*,*,#1639,.T.);
#2183=ORIENTED_EDGE('',*,*,#1635,.F.);
#2184=ORIENTED_EDGE('',*,*,#1539,.F.);
#2185=ORIENTED_EDGE('',*,*,#1633,.T.);
#2186=ORIENTED_EDGE('',*,*,#1640,.T.);
#2187=ORIENTED_EDGE('',*,*,#1638,.F.);
#2188=ORIENTED_EDGE('',*,*,#1538,.F.);
#2189=ORIENTED_EDGE('',*,*,#1637,.F.);
#2190=ORIENTED_EDGE('',*,*,#1641,.T.);
#2191=ORIENTED_EDGE('',*,*,#1629,.F.);
#2192=ORIENTED_EDGE('',*,*,#1541,.F.);
#2193=ORIENTED_EDGE('',*,*,#1641,.F.);
#2194=ORIENTED_EDGE('',*,*,#1636,.F.);
#2195=ORIENTED_EDGE('',*,*,#1639,.F.);
#2196=ORIENTED_EDGE('',*,*,#1640,.F.);
#2197=ORIENTED_EDGE('',*,*,#1642,.F.);
#2198=ORIENTED_EDGE('',*,*,#1643,.T.);
#2199=ORIENTED_EDGE('',*,*,#1644,.F.);
#2200=ORIENTED_EDGE('',*,*,#1645,.F.);
#2201=ORIENTED_EDGE('',*,*,#1646,.F.);
#2202=ORIENTED_EDGE('',*,*,#1645,.T.);
#2203=ORIENTED_EDGE('',*,*,#1647,.F.);
#2204=ORIENTED_EDGE('',*,*,#1648,.F.);
#2205=ORIENTED_EDGE('',*,*,#1649,.F.);
#2206=ORIENTED_EDGE('',*,*,#1650,.F.);
#2207=ORIENTED_EDGE('',*,*,#1651,.F.);
#2208=ORIENTED_EDGE('',*,*,#1652,.F.);
#2209=ORIENTED_EDGE('',*,*,#1653,.F.);
#2210=ORIENTED_EDGE('',*,*,#1648,.T.);
#2211=ORIENTED_EDGE('',*,*,#1654,.F.);
#2212=ORIENTED_EDGE('',*,*,#1655,.F.);
#2213=ORIENTED_EDGE('',*,*,#1656,.F.);
#2214=ORIENTED_EDGE('',*,*,#1655,.T.);
#2215=ORIENTED_EDGE('',*,*,#1657,.F.);
#2216=ORIENTED_EDGE('',*,*,#1658,.F.);
#2217=ORIENTED_EDGE('',*,*,#1659,.F.);
#2218=ORIENTED_EDGE('',*,*,#1658,.T.);
#2219=ORIENTED_EDGE('',*,*,#1660,.F.);
#2220=ORIENTED_EDGE('',*,*,#1650,.T.);
#2221=ORIENTED_EDGE('',*,*,#1661,.F.);
#2222=ORIENTED_EDGE('',*,*,#1662,.F.);
#2223=ORIENTED_EDGE('',*,*,#1663,.F.);
#2224=ORIENTED_EDGE('',*,*,#1643,.F.);
#2225=ORIENTED_EDGE('',*,*,#1661,.T.);
#2226=ORIENTED_EDGE('',*,*,#1642,.T.);
#2227=ORIENTED_EDGE('',*,*,#1646,.T.);
#2228=ORIENTED_EDGE('',*,*,#1653,.T.);
#2229=ORIENTED_EDGE('',*,*,#1656,.T.);
#2230=ORIENTED_EDGE('',*,*,#1659,.T.);
#2231=ORIENTED_EDGE('',*,*,#1649,.T.);
#2232=ORIENTED_EDGE('',*,*,#1664,.F.);
#2233=ORIENTED_EDGE('',*,*,#1665,.T.);
#2234=ORIENTED_EDGE('',*,*,#1666,.T.);
#2235=ORIENTED_EDGE('',*,*,#1667,.T.);
#2236=ORIENTED_EDGE('',*,*,#1668,.F.);
#2237=ORIENTED_EDGE('',*,*,#1669,.T.);
#2238=ORIENTED_EDGE('',*,*,#1670,.T.);
#2239=ORIENTED_EDGE('',*,*,#1671,.T.);
#2240=ORIENTED_EDGE('',*,*,#1672,.F.);
#2241=ORIENTED_EDGE('',*,*,#1673,.T.);
#2242=ORIENTED_EDGE('',*,*,#1674,.T.);
#2243=ORIENTED_EDGE('',*,*,#1675,.T.);
#2244=ORIENTED_EDGE('',*,*,#1676,.F.);
#2245=ORIENTED_EDGE('',*,*,#1677,.T.);
#2246=ORIENTED_EDGE('',*,*,#1678,.T.);
#2247=ORIENTED_EDGE('',*,*,#1679,.T.);
#2248=ORIENTED_EDGE('',*,*,#1680,.F.);
#2249=ORIENTED_EDGE('',*,*,#1681,.T.);
#2250=ORIENTED_EDGE('',*,*,#1682,.T.);
#2251=ORIENTED_EDGE('',*,*,#1683,.T.);
#2252=ORIENTED_EDGE('',*,*,#1684,.F.);
#2253=ORIENTED_EDGE('',*,*,#1685,.T.);
#2254=ORIENTED_EDGE('',*,*,#1686,.T.);
#2255=ORIENTED_EDGE('',*,*,#1687,.T.);
#2256=ORIENTED_EDGE('',*,*,#1688,.F.);
#2257=ORIENTED_EDGE('',*,*,#1689,.T.);
#2258=ORIENTED_EDGE('',*,*,#1690,.T.);
#2259=ORIENTED_EDGE('',*,*,#1691,.F.);
#2260=ORIENTED_EDGE('',*,*,#1692,.F.);
#2261=ORIENTED_EDGE('',*,*,#1662,.T.);
#2262=ORIENTED_EDGE('',*,*,#1692,.T.);
#2263=ORIENTED_EDGE('',*,*,#1693,.T.);
#2264=ORIENTED_EDGE('',*,*,#1694,.T.);
#2265=ORIENTED_EDGE('',*,*,#1695,.T.);
#2266=ORIENTED_EDGE('',*,*,#1696,.T.);
#2267=ORIENTED_EDGE('',*,*,#1697,.T.);
#2268=ORIENTED_EDGE('',*,*,#1698,.T.);
#2269=ORIENTED_EDGE('',*,*,#1699,.T.);
#2270=ORIENTED_EDGE('',*,*,#1700,.T.);
#2271=ORIENTED_EDGE('',*,*,#1701,.T.);
#2272=ORIENTED_EDGE('',*,*,#1702,.T.);
#2273=ORIENTED_EDGE('',*,*,#1703,.T.);
#2274=ORIENTED_EDGE('',*,*,#1704,.T.);
#2275=ORIENTED_EDGE('',*,*,#1705,.T.);
#2276=ORIENTED_EDGE('',*,*,#1706,.T.);
#2277=ORIENTED_EDGE('',*,*,#1707,.T.);
#2278=ORIENTED_EDGE('',*,*,#1708,.T.);
#2279=ORIENTED_EDGE('',*,*,#1709,.T.);
#2280=ORIENTED_EDGE('',*,*,#1710,.T.);
#2281=ORIENTED_EDGE('',*,*,#1711,.T.);
#2282=ORIENTED_EDGE('',*,*,#1712,.T.);
#2283=ORIENTED_EDGE('',*,*,#1713,.T.);
#2284=ORIENTED_EDGE('',*,*,#1714,.T.);
#2285=ORIENTED_EDGE('',*,*,#1715,.T.);
#2286=ORIENTED_EDGE('',*,*,#1716,.T.);
#2287=ORIENTED_EDGE('',*,*,#1717,.T.);
#2288=ORIENTED_EDGE('',*,*,#1718,.T.);
#2289=ORIENTED_EDGE('',*,*,#1719,.T.);
#2290=ORIENTED_EDGE('',*,*,#1720,.T.);
#2291=ORIENTED_EDGE('',*,*,#1721,.T.);
#2292=ORIENTED_EDGE('',*,*,#1722,.T.);
#2293=ORIENTED_EDGE('',*,*,#1723,.T.);
#2294=ORIENTED_EDGE('',*,*,#1724,.T.);
#2295=ORIENTED_EDGE('',*,*,#1725,.T.);
#2296=ORIENTED_EDGE('',*,*,#1726,.T.);
#2297=ORIENTED_EDGE('',*,*,#1727,.T.);
#2298=ORIENTED_EDGE('',*,*,#1728,.T.);
#2299=ORIENTED_EDGE('',*,*,#1729,.T.);
#2300=ORIENTED_EDGE('',*,*,#1730,.T.);
#2301=ORIENTED_EDGE('',*,*,#1731,.T.);
#2302=ORIENTED_EDGE('',*,*,#1732,.T.);
#2303=ORIENTED_EDGE('',*,*,#1733,.T.);
#2304=ORIENTED_EDGE('',*,*,#1734,.T.);
#2305=ORIENTED_EDGE('',*,*,#1735,.T.);
#2306=ORIENTED_EDGE('',*,*,#1736,.T.);
#2307=ORIENTED_EDGE('',*,*,#1737,.T.);
#2308=ORIENTED_EDGE('',*,*,#1738,.T.);
#2309=ORIENTED_EDGE('',*,*,#1739,.T.);
#2310=ORIENTED_EDGE('',*,*,#1740,.T.);
#2311=ORIENTED_EDGE('',*,*,#1741,.T.);
#2312=ORIENTED_EDGE('',*,*,#1742,.T.);
#2313=ORIENTED_EDGE('',*,*,#1743,.T.);
#2314=ORIENTED_EDGE('',*,*,#1744,.T.);
#2315=ORIENTED_EDGE('',*,*,#1745,.T.);
#2316=ORIENTED_EDGE('',*,*,#1746,.T.);
#2317=ORIENTED_EDGE('',*,*,#1747,.T.);
#2318=ORIENTED_EDGE('',*,*,#1688,.T.);
#2319=ORIENTED_EDGE('',*,*,#1748,.T.);
#2320=ORIENTED_EDGE('',*,*,#1749,.T.);
#2321=ORIENTED_EDGE('',*,*,#1750,.T.);
#2322=ORIENTED_EDGE('',*,*,#1684,.T.);
#2323=ORIENTED_EDGE('',*,*,#1751,.T.);
#2324=ORIENTED_EDGE('',*,*,#1752,.T.);
#2325=ORIENTED_EDGE('',*,*,#1753,.T.);
#2326=ORIENTED_EDGE('',*,*,#1680,.T.);
#2327=ORIENTED_EDGE('',*,*,#1754,.T.);
#2328=ORIENTED_EDGE('',*,*,#1755,.T.);
#2329=ORIENTED_EDGE('',*,*,#1756,.T.);
#2330=ORIENTED_EDGE('',*,*,#1676,.T.);
#2331=ORIENTED_EDGE('',*,*,#1757,.T.);
#2332=ORIENTED_EDGE('',*,*,#1758,.T.);
#2333=ORIENTED_EDGE('',*,*,#1759,.T.);
#2334=ORIENTED_EDGE('',*,*,#1672,.T.);
#2335=ORIENTED_EDGE('',*,*,#1760,.T.);
#2336=ORIENTED_EDGE('',*,*,#1761,.T.);
#2337=ORIENTED_EDGE('',*,*,#1762,.T.);
#2338=ORIENTED_EDGE('',*,*,#1668,.T.);
#2339=ORIENTED_EDGE('',*,*,#1763,.T.);
#2340=ORIENTED_EDGE('',*,*,#1764,.T.);
#2341=ORIENTED_EDGE('',*,*,#1765,.T.);
#2342=ORIENTED_EDGE('',*,*,#1664,.T.);
#2343=ORIENTED_EDGE('',*,*,#1652,.T.);
#2344=ORIENTED_EDGE('',*,*,#1766,.T.);
#2345=ORIENTED_EDGE('',*,*,#1767,.T.);
#2346=ORIENTED_EDGE('',*,*,#1768,.T.);
#2347=ORIENTED_EDGE('',*,*,#1769,.T.);
#2348=ORIENTED_EDGE('',*,*,#1770,.T.);
#2349=ORIENTED_EDGE('',*,*,#1771,.T.);
#2350=ORIENTED_EDGE('',*,*,#1772,.T.);
#2351=ORIENTED_EDGE('',*,*,#1773,.T.);
#2352=ORIENTED_EDGE('',*,*,#1774,.T.);
#2353=ORIENTED_EDGE('',*,*,#1775,.T.);
#2354=ORIENTED_EDGE('',*,*,#1776,.T.);
#2355=ORIENTED_EDGE('',*,*,#1777,.T.);
#2356=ORIENTED_EDGE('',*,*,#1778,.T.);
#2357=ORIENTED_EDGE('',*,*,#1779,.T.);
#2358=ORIENTED_EDGE('',*,*,#1780,.T.);
#2359=ORIENTED_EDGE('',*,*,#1781,.T.);
#2360=ORIENTED_EDGE('',*,*,#1782,.T.);
#2361=ORIENTED_EDGE('',*,*,#1783,.T.);
#2362=ORIENTED_EDGE('',*,*,#1784,.T.);
#2363=ORIENTED_EDGE('',*,*,#1785,.T.);
#2364=ORIENTED_EDGE('',*,*,#1786,.T.);
#2365=ORIENTED_EDGE('',*,*,#1787,.T.);
#2366=ORIENTED_EDGE('',*,*,#1788,.F.);
#2367=ORIENTED_EDGE('',*,*,#1788,.T.);
#2368=ORIENTED_EDGE('',*,*,#1789,.T.);
#2369=ORIENTED_EDGE('',*,*,#1787,.F.);
#2370=ORIENTED_EDGE('',*,*,#1789,.F.);
#2371=ORIENTED_EDGE('',*,*,#1790,.F.);
#2372=ORIENTED_EDGE('',*,*,#1790,.T.);
#2373=ORIENTED_EDGE('',*,*,#1791,.T.);
#2374=ORIENTED_EDGE('',*,*,#1786,.F.);
#2375=ORIENTED_EDGE('',*,*,#1791,.F.);
#2376=ORIENTED_EDGE('',*,*,#1792,.F.);
#2377=ORIENTED_EDGE('',*,*,#1792,.T.);
#2378=ORIENTED_EDGE('',*,*,#1793,.T.);
#2379=ORIENTED_EDGE('',*,*,#1785,.F.);
#2380=ORIENTED_EDGE('',*,*,#1793,.F.);
#2381=ORIENTED_EDGE('',*,*,#1794,.F.);
#2382=ORIENTED_EDGE('',*,*,#1794,.T.);
#2383=ORIENTED_EDGE('',*,*,#1795,.T.);
#2384=ORIENTED_EDGE('',*,*,#1784,.F.);
#2385=ORIENTED_EDGE('',*,*,#1795,.F.);
#2386=ORIENTED_EDGE('',*,*,#1796,.F.);
#2387=ORIENTED_EDGE('',*,*,#1796,.T.);
#2388=ORIENTED_EDGE('',*,*,#1797,.T.);
#2389=ORIENTED_EDGE('',*,*,#1783,.F.);
#2390=ORIENTED_EDGE('',*,*,#1797,.F.);
#2391=ORIENTED_EDGE('',*,*,#1798,.F.);
#2392=ORIENTED_EDGE('',*,*,#1798,.T.);
#2393=ORIENTED_EDGE('',*,*,#1799,.T.);
#2394=ORIENTED_EDGE('',*,*,#1782,.F.);
#2395=ORIENTED_EDGE('',*,*,#1799,.F.);
#2396=ORIENTED_EDGE('',*,*,#1800,.F.);
#2397=ORIENTED_EDGE('',*,*,#1800,.T.);
#2398=ORIENTED_EDGE('',*,*,#1801,.T.);
#2399=ORIENTED_EDGE('',*,*,#1781,.F.);
#2400=ORIENTED_EDGE('',*,*,#1801,.F.);
#2401=ORIENTED_EDGE('',*,*,#1802,.F.);
#2402=ORIENTED_EDGE('',*,*,#1802,.T.);
#2403=ORIENTED_EDGE('',*,*,#1803,.T.);
#2404=ORIENTED_EDGE('',*,*,#1780,.F.);
#2405=ORIENTED_EDGE('',*,*,#1803,.F.);
#2406=ORIENTED_EDGE('',*,*,#1804,.F.);
#2407=ORIENTED_EDGE('',*,*,#1804,.T.);
#2408=ORIENTED_EDGE('',*,*,#1805,.T.);
#2409=ORIENTED_EDGE('',*,*,#1779,.F.);
#2410=ORIENTED_EDGE('',*,*,#1805,.F.);
#2411=ORIENTED_EDGE('',*,*,#1696,.F.);
#2412=ORIENTED_EDGE('',*,*,#1806,.F.);
#2413=ORIENTED_EDGE('',*,*,#1807,.T.);
#2414=ORIENTED_EDGE('',*,*,#1808,.T.);
#2415=ORIENTED_EDGE('',*,*,#1690,.F.);
#2416=ORIENTED_EDGE('',*,*,#1809,.F.);
#2417=ORIENTED_EDGE('',*,*,#1810,.F.);
#2418=ORIENTED_EDGE('',*,*,#1811,.F.);
#2419=ORIENTED_EDGE('',*,*,#1812,.F.);
#2420=ORIENTED_EDGE('',*,*,#1813,.F.);
#2421=ORIENTED_EDGE('',*,*,#1814,.F.);
#2422=ORIENTED_EDGE('',*,*,#1815,.F.);
#2423=ORIENTED_EDGE('',*,*,#1816,.F.);
#2424=ORIENTED_EDGE('',*,*,#1817,.F.);
#2425=ORIENTED_EDGE('',*,*,#1818,.F.);
#2426=ORIENTED_EDGE('',*,*,#1819,.F.);
#2427=ORIENTED_EDGE('',*,*,#1686,.F.);
#2428=ORIENTED_EDGE('',*,*,#1820,.F.);
#2429=ORIENTED_EDGE('',*,*,#1821,.F.);
#2430=ORIENTED_EDGE('',*,*,#1822,.F.);
#2431=ORIENTED_EDGE('',*,*,#1682,.F.);
#2432=ORIENTED_EDGE('',*,*,#1823,.F.);
#2433=ORIENTED_EDGE('',*,*,#1824,.F.);
#2434=ORIENTED_EDGE('',*,*,#1825,.F.);
#2435=ORIENTED_EDGE('',*,*,#1678,.F.);
#2436=ORIENTED_EDGE('',*,*,#1826,.F.);
#2437=ORIENTED_EDGE('',*,*,#1827,.F.);
#2438=ORIENTED_EDGE('',*,*,#1828,.F.);
#2439=ORIENTED_EDGE('',*,*,#1674,.F.);
#2440=ORIENTED_EDGE('',*,*,#1829,.F.);
#2441=ORIENTED_EDGE('',*,*,#1830,.F.);
#2442=ORIENTED_EDGE('',*,*,#1831,.F.);
#2443=ORIENTED_EDGE('',*,*,#1670,.F.);
#2444=ORIENTED_EDGE('',*,*,#1832,.F.);
#2445=ORIENTED_EDGE('',*,*,#1833,.F.);
#2446=ORIENTED_EDGE('',*,*,#1834,.F.);
#2447=ORIENTED_EDGE('',*,*,#1666,.F.);
#2448=ORIENTED_EDGE('',*,*,#1835,.F.);
#2449=ORIENTED_EDGE('',*,*,#1836,.F.);
#2450=ORIENTED_EDGE('',*,*,#1837,.F.);
#2451=ORIENTED_EDGE('',*,*,#1838,.F.);
#2452=ORIENTED_EDGE('',*,*,#1839,.F.);
#2453=ORIENTED_EDGE('',*,*,#1840,.F.);
#2454=ORIENTED_EDGE('',*,*,#1841,.F.);
#2455=ORIENTED_EDGE('',*,*,#1842,.F.);
#2456=ORIENTED_EDGE('',*,*,#1843,.F.);
#2457=ORIENTED_EDGE('',*,*,#1844,.F.);
#2458=ORIENTED_EDGE('',*,*,#1845,.F.);
#2459=ORIENTED_EDGE('',*,*,#1846,.F.);
#2460=ORIENTED_EDGE('',*,*,#1847,.F.);
#2461=ORIENTED_EDGE('',*,*,#1848,.F.);
#2462=ORIENTED_EDGE('',*,*,#1849,.F.);
#2463=ORIENTED_EDGE('',*,*,#1850,.F.);
#2464=ORIENTED_EDGE('',*,*,#1851,.F.);
#2465=ORIENTED_EDGE('',*,*,#1852,.F.);
#2466=ORIENTED_EDGE('',*,*,#1853,.F.);
#2467=ORIENTED_EDGE('',*,*,#1854,.F.);
#2468=ORIENTED_EDGE('',*,*,#1855,.F.);
#2469=ORIENTED_EDGE('',*,*,#1856,.F.);
#2470=ORIENTED_EDGE('',*,*,#1857,.F.);
#2471=ORIENTED_EDGE('',*,*,#1858,.F.);
#2472=ORIENTED_EDGE('',*,*,#1859,.F.);
#2473=ORIENTED_EDGE('',*,*,#1860,.F.);
#2474=ORIENTED_EDGE('',*,*,#1861,.F.);
#2475=ORIENTED_EDGE('',*,*,#1862,.F.);
#2476=ORIENTED_EDGE('',*,*,#1863,.F.);
#2477=ORIENTED_EDGE('',*,*,#1864,.F.);
#2478=ORIENTED_EDGE('',*,*,#1865,.F.);
#2479=ORIENTED_EDGE('',*,*,#1866,.F.);
#2480=ORIENTED_EDGE('',*,*,#1867,.F.);
#2481=ORIENTED_EDGE('',*,*,#1868,.F.);
#2482=ORIENTED_EDGE('',*,*,#1869,.F.);
#2483=ORIENTED_EDGE('',*,*,#1870,.F.);
#2484=ORIENTED_EDGE('',*,*,#1871,.F.);
#2485=ORIENTED_EDGE('',*,*,#1872,.F.);
#2486=ORIENTED_EDGE('',*,*,#1873,.F.);
#2487=ORIENTED_EDGE('',*,*,#1874,.F.);
#2488=ORIENTED_EDGE('',*,*,#1875,.F.);
#2489=ORIENTED_EDGE('',*,*,#1876,.F.);
#2490=ORIENTED_EDGE('',*,*,#1877,.F.);
#2491=ORIENTED_EDGE('',*,*,#1691,.T.);
#2492=ORIENTED_EDGE('',*,*,#1819,.T.);
#2493=ORIENTED_EDGE('',*,*,#1878,.F.);
#2494=ORIENTED_EDGE('',*,*,#1693,.F.);
#2495=ORIENTED_EDGE('',*,*,#1765,.F.);
#2496=ORIENTED_EDGE('',*,*,#1879,.F.);
#2497=ORIENTED_EDGE('',*,*,#1835,.T.);
#2498=ORIENTED_EDGE('',*,*,#1665,.F.);
#2499=ORIENTED_EDGE('',*,*,#1764,.F.);
#2500=ORIENTED_EDGE('',*,*,#1880,.F.);
#2501=ORIENTED_EDGE('',*,*,#1836,.T.);
#2502=ORIENTED_EDGE('',*,*,#1879,.T.);
#2503=ORIENTED_EDGE('',*,*,#1763,.F.);
#2504=ORIENTED_EDGE('',*,*,#1667,.F.);
#2505=ORIENTED_EDGE('',*,*,#1837,.T.);
#2506=ORIENTED_EDGE('',*,*,#1880,.T.);
#2507=ORIENTED_EDGE('',*,*,#1762,.F.);
#2508=ORIENTED_EDGE('',*,*,#1881,.F.);
#2509=ORIENTED_EDGE('',*,*,#1832,.T.);
#2510=ORIENTED_EDGE('',*,*,#1669,.F.);
#2511=ORIENTED_EDGE('',*,*,#1761,.F.);
#2512=ORIENTED_EDGE('',*,*,#1882,.F.);
#2513=ORIENTED_EDGE('',*,*,#1833,.T.);
#2514=ORIENTED_EDGE('',*,*,#1881,.T.);
#2515=ORIENTED_EDGE('',*,*,#1760,.F.);
#2516=ORIENTED_EDGE('',*,*,#1671,.F.);
#2517=ORIENTED_EDGE('',*,*,#1834,.T.);
#2518=ORIENTED_EDGE('',*,*,#1882,.T.);
#2519=ORIENTED_EDGE('',*,*,#1759,.F.);
#2520=ORIENTED_EDGE('',*,*,#1883,.F.);
#2521=ORIENTED_EDGE('',*,*,#1829,.T.);
#2522=ORIENTED_EDGE('',*,*,#1673,.F.);
#2523=ORIENTED_EDGE('',*,*,#1758,.F.);
#2524=ORIENTED_EDGE('',*,*,#1884,.F.);
#2525=ORIENTED_EDGE('',*,*,#1830,.T.);
#2526=ORIENTED_EDGE('',*,*,#1883,.T.);
#2527=ORIENTED_EDGE('',*,*,#1757,.F.);
#2528=ORIENTED_EDGE('',*,*,#1675,.F.);
#2529=ORIENTED_EDGE('',*,*,#1831,.T.);
#2530=ORIENTED_EDGE('',*,*,#1884,.T.);
#2531=ORIENTED_EDGE('',*,*,#1756,.F.);
#2532=ORIENTED_EDGE('',*,*,#1885,.F.);
#2533=ORIENTED_EDGE('',*,*,#1826,.T.);
#2534=ORIENTED_EDGE('',*,*,#1677,.F.);
#2535=ORIENTED_EDGE('',*,*,#1755,.F.);
#2536=ORIENTED_EDGE('',*,*,#1886,.F.);
#2537=ORIENTED_EDGE('',*,*,#1827,.T.);
#2538=ORIENTED_EDGE('',*,*,#1885,.T.);
#2539=ORIENTED_EDGE('',*,*,#1754,.F.);
#2540=ORIENTED_EDGE('',*,*,#1679,.F.);
#2541=ORIENTED_EDGE('',*,*,#1828,.T.);
#2542=ORIENTED_EDGE('',*,*,#1886,.T.);
#2543=ORIENTED_EDGE('',*,*,#1753,.F.);
#2544=ORIENTED_EDGE('',*,*,#1887,.F.);
#2545=ORIENTED_EDGE('',*,*,#1823,.T.);
#2546=ORIENTED_EDGE('',*,*,#1681,.F.);
#2547=ORIENTED_EDGE('',*,*,#1752,.F.);
#2548=ORIENTED_EDGE('',*,*,#1888,.F.);
#2549=ORIENTED_EDGE('',*,*,#1824,.T.);
#2550=ORIENTED_EDGE('',*,*,#1887,.T.);
#2551=ORIENTED_EDGE('',*,*,#1751,.F.);
#2552=ORIENTED_EDGE('',*,*,#1683,.F.);
#2553=ORIENTED_EDGE('',*,*,#1825,.T.);
#2554=ORIENTED_EDGE('',*,*,#1888,.T.);
#2555=ORIENTED_EDGE('',*,*,#1750,.F.);
#2556=ORIENTED_EDGE('',*,*,#1889,.F.);
#2557=ORIENTED_EDGE('',*,*,#1820,.T.);
#2558=ORIENTED_EDGE('',*,*,#1685,.F.);
#2559=ORIENTED_EDGE('',*,*,#1749,.F.);
#2560=ORIENTED_EDGE('',*,*,#1890,.F.);
#2561=ORIENTED_EDGE('',*,*,#1821,.T.);
#2562=ORIENTED_EDGE('',*,*,#1889,.T.);
#2563=ORIENTED_EDGE('',*,*,#1748,.F.);
#2564=ORIENTED_EDGE('',*,*,#1687,.F.);
#2565=ORIENTED_EDGE('',*,*,#1822,.T.);
#2566=ORIENTED_EDGE('',*,*,#1890,.T.);
#2567=ORIENTED_EDGE('',*,*,#1891,.F.);
#2568=ORIENTED_EDGE('',*,*,#1809,.T.);
#2569=ORIENTED_EDGE('',*,*,#1689,.F.);
#2570=ORIENTED_EDGE('',*,*,#1747,.F.);
#2571=ORIENTED_EDGE('',*,*,#1745,.F.);
#2572=ORIENTED_EDGE('',*,*,#1892,.F.);
#2573=ORIENTED_EDGE('',*,*,#1847,.T.);
#2574=ORIENTED_EDGE('',*,*,#1893,.F.);
#2575=ORIENTED_EDGE('',*,*,#1744,.F.);
#2576=ORIENTED_EDGE('',*,*,#1894,.F.);
#2577=ORIENTED_EDGE('',*,*,#1848,.T.);
#2578=ORIENTED_EDGE('',*,*,#1892,.T.);
#2579=ORIENTED_EDGE('',*,*,#1743,.F.);
#2580=ORIENTED_EDGE('',*,*,#1895,.F.);
#2581=ORIENTED_EDGE('',*,*,#1849,.T.);
#2582=ORIENTED_EDGE('',*,*,#1894,.T.);
#2583=ORIENTED_EDGE('',*,*,#1741,.F.);
#2584=ORIENTED_EDGE('',*,*,#1896,.F.);
#2585=ORIENTED_EDGE('',*,*,#1843,.T.);
#2586=ORIENTED_EDGE('',*,*,#1897,.F.);
#2587=ORIENTED_EDGE('',*,*,#1740,.F.);
#2588=ORIENTED_EDGE('',*,*,#1898,.F.);
#2589=ORIENTED_EDGE('',*,*,#1844,.T.);
#2590=ORIENTED_EDGE('',*,*,#1896,.T.);
#2591=ORIENTED_EDGE('',*,*,#1739,.F.);
#2592=ORIENTED_EDGE('',*,*,#1899,.F.);
#2593=ORIENTED_EDGE('',*,*,#1845,.T.);
#2594=ORIENTED_EDGE('',*,*,#1898,.T.);
#2595=ORIENTED_EDGE('',*,*,#1737,.F.);
#2596=ORIENTED_EDGE('',*,*,#1900,.F.);
#2597=ORIENTED_EDGE('',*,*,#1839,.T.);
#2598=ORIENTED_EDGE('',*,*,#1901,.F.);
#2599=ORIENTED_EDGE('',*,*,#1736,.F.);
#2600=ORIENTED_EDGE('',*,*,#1902,.F.);
#2601=ORIENTED_EDGE('',*,*,#1840,.T.);
#2602=ORIENTED_EDGE('',*,*,#1900,.T.);
#2603=ORIENTED_EDGE('',*,*,#1735,.F.);
#2604=ORIENTED_EDGE('',*,*,#1903,.F.);
#2605=ORIENTED_EDGE('',*,*,#1841,.T.);
#2606=ORIENTED_EDGE('',*,*,#1902,.T.);
#2607=ORIENTED_EDGE('',*,*,#1904,.T.);
#2608=ORIENTED_EDGE('',*,*,#1810,.T.);
#2609=ORIENTED_EDGE('',*,*,#1891,.T.);
#2610=ORIENTED_EDGE('',*,*,#1746,.F.);
#2611=ORIENTED_EDGE('',*,*,#1893,.T.);
#2612=ORIENTED_EDGE('',*,*,#1846,.T.);
#2613=ORIENTED_EDGE('',*,*,#1895,.T.);
#2614=ORIENTED_EDGE('',*,*,#1742,.F.);
#2615=ORIENTED_EDGE('',*,*,#1897,.T.);
#2616=ORIENTED_EDGE('',*,*,#1842,.T.);
#2617=ORIENTED_EDGE('',*,*,#1899,.T.);
#2618=ORIENTED_EDGE('',*,*,#1738,.F.);
#2619=ORIENTED_EDGE('',*,*,#1901,.T.);
#2620=ORIENTED_EDGE('',*,*,#1838,.T.);
#2621=ORIENTED_EDGE('',*,*,#1903,.T.);
#2622=ORIENTED_EDGE('',*,*,#1734,.F.);
#2623=ORIENTED_EDGE('',*,*,#1905,.T.);
#2624=ORIENTED_EDGE('',*,*,#1811,.T.);
#2625=ORIENTED_EDGE('',*,*,#1904,.F.);
#2626=ORIENTED_EDGE('',*,*,#1733,.F.);
#2627=ORIENTED_EDGE('',*,*,#1731,.F.);
#2628=ORIENTED_EDGE('',*,*,#1906,.F.);
#2629=ORIENTED_EDGE('',*,*,#1867,.T.);
#2630=ORIENTED_EDGE('',*,*,#1907,.F.);
#2631=ORIENTED_EDGE('',*,*,#1730,.F.);
#2632=ORIENTED_EDGE('',*,*,#1908,.F.);
#2633=ORIENTED_EDGE('',*,*,#1868,.T.);
#2634=ORIENTED_EDGE('',*,*,#1906,.T.);
#2635=ORIENTED_EDGE('',*,*,#1729,.F.);
#2636=ORIENTED_EDGE('',*,*,#1909,.F.);
#2637=ORIENTED_EDGE('',*,*,#1869,.T.);
#2638=ORIENTED_EDGE('',*,*,#1908,.T.);
#2639=ORIENTED_EDGE('',*,*,#1727,.F.);
#2640=ORIENTED_EDGE('',*,*,#1910,.F.);
#2641=ORIENTED_EDGE('',*,*,#1863,.T.);
#2642=ORIENTED_EDGE('',*,*,#1911,.F.);
#2643=ORIENTED_EDGE('',*,*,#1726,.F.);
#2644=ORIENTED_EDGE('',*,*,#1912,.F.);
#2645=ORIENTED_EDGE('',*,*,#1864,.T.);
#2646=ORIENTED_EDGE('',*,*,#1910,.T.);
#2647=ORIENTED_EDGE('',*,*,#1725,.F.);
#2648=ORIENTED_EDGE('',*,*,#1913,.F.);
#2649=ORIENTED_EDGE('',*,*,#1865,.T.);
#2650=ORIENTED_EDGE('',*,*,#1912,.T.);
#2651=ORIENTED_EDGE('',*,*,#1723,.F.);
#2652=ORIENTED_EDGE('',*,*,#1914,.F.);
#2653=ORIENTED_EDGE('',*,*,#1859,.T.);
#2654=ORIENTED_EDGE('',*,*,#1915,.F.);
#2655=ORIENTED_EDGE('',*,*,#1722,.F.);
#2656=ORIENTED_EDGE('',*,*,#1916,.F.);
#2657=ORIENTED_EDGE('',*,*,#1860,.T.);
#2658=ORIENTED_EDGE('',*,*,#1914,.T.);
#2659=ORIENTED_EDGE('',*,*,#1721,.F.);
#2660=ORIENTED_EDGE('',*,*,#1917,.F.);
#2661=ORIENTED_EDGE('',*,*,#1861,.T.);
#2662=ORIENTED_EDGE('',*,*,#1916,.T.);
#2663=ORIENTED_EDGE('',*,*,#1719,.F.);
#2664=ORIENTED_EDGE('',*,*,#1918,.F.);
#2665=ORIENTED_EDGE('',*,*,#1855,.T.);
#2666=ORIENTED_EDGE('',*,*,#1919,.F.);
#2667=ORIENTED_EDGE('',*,*,#1718,.F.);
#2668=ORIENTED_EDGE('',*,*,#1920,.F.);
#2669=ORIENTED_EDGE('',*,*,#1856,.T.);
#2670=ORIENTED_EDGE('',*,*,#1918,.T.);
#2671=ORIENTED_EDGE('',*,*,#1717,.F.);
#2672=ORIENTED_EDGE('',*,*,#1921,.F.);
#2673=ORIENTED_EDGE('',*,*,#1857,.T.);
#2674=ORIENTED_EDGE('',*,*,#1920,.T.);
#2675=ORIENTED_EDGE('',*,*,#1715,.F.);
#2676=ORIENTED_EDGE('',*,*,#1922,.F.);
#2677=ORIENTED_EDGE('',*,*,#1851,.T.);
#2678=ORIENTED_EDGE('',*,*,#1923,.F.);
#2679=ORIENTED_EDGE('',*,*,#1714,.F.);
#2680=ORIENTED_EDGE('',*,*,#1924,.F.);
#2681=ORIENTED_EDGE('',*,*,#1852,.T.);
#2682=ORIENTED_EDGE('',*,*,#1922,.T.);
#2683=ORIENTED_EDGE('',*,*,#1713,.F.);
#2684=ORIENTED_EDGE('',*,*,#1925,.F.);
#2685=ORIENTED_EDGE('',*,*,#1853,.T.);
#2686=ORIENTED_EDGE('',*,*,#1924,.T.);
#2687=ORIENTED_EDGE('',*,*,#1926,.T.);
#2688=ORIENTED_EDGE('',*,*,#1812,.T.);
#2689=ORIENTED_EDGE('',*,*,#1905,.F.);
#2690=ORIENTED_EDGE('',*,*,#1732,.F.);
#2691=ORIENTED_EDGE('',*,*,#1907,.T.);
#2692=ORIENTED_EDGE('',*,*,#1866,.T.);
#2693=ORIENTED_EDGE('',*,*,#1909,.T.);
#2694=ORIENTED_EDGE('',*,*,#1728,.F.);
#2695=ORIENTED_EDGE('',*,*,#1911,.T.);
#2696=ORIENTED_EDGE('',*,*,#1862,.T.);
#2697=ORIENTED_EDGE('',*,*,#1913,.T.);
#2698=ORIENTED_EDGE('',*,*,#1724,.F.);
#2699=ORIENTED_EDGE('',*,*,#1915,.T.);
#2700=ORIENTED_EDGE('',*,*,#1858,.T.);
#2701=ORIENTED_EDGE('',*,*,#1917,.T.);
#2702=ORIENTED_EDGE('',*,*,#1720,.F.);
#2703=ORIENTED_EDGE('',*,*,#1919,.T.);
#2704=ORIENTED_EDGE('',*,*,#1854,.T.);
#2705=ORIENTED_EDGE('',*,*,#1921,.T.);
#2706=ORIENTED_EDGE('',*,*,#1716,.F.);
#2707=ORIENTED_EDGE('',*,*,#1923,.T.);
#2708=ORIENTED_EDGE('',*,*,#1850,.T.);
#2709=ORIENTED_EDGE('',*,*,#1925,.T.);
#2710=ORIENTED_EDGE('',*,*,#1712,.F.);
#2711=ORIENTED_EDGE('',*,*,#1927,.T.);
#2712=ORIENTED_EDGE('',*,*,#1813,.T.);
#2713=ORIENTED_EDGE('',*,*,#1926,.F.);
#2714=ORIENTED_EDGE('',*,*,#1711,.F.);
#2715=ORIENTED_EDGE('',*,*,#1709,.F.);
#2716=ORIENTED_EDGE('',*,*,#1928,.F.);
#2717=ORIENTED_EDGE('',*,*,#1875,.T.);
#2718=ORIENTED_EDGE('',*,*,#1929,.F.);
#2719=ORIENTED_EDGE('',*,*,#1708,.F.);
#2720=ORIENTED_EDGE('',*,*,#1930,.F.);
#2721=ORIENTED_EDGE('',*,*,#1876,.T.);
#2722=ORIENTED_EDGE('',*,*,#1928,.T.);
#2723=ORIENTED_EDGE('',*,*,#1707,.F.);
#2724=ORIENTED_EDGE('',*,*,#1931,.F.);
#2725=ORIENTED_EDGE('',*,*,#1877,.T.);
#2726=ORIENTED_EDGE('',*,*,#1930,.T.);
#2727=ORIENTED_EDGE('',*,*,#1705,.F.);
#2728=ORIENTED_EDGE('',*,*,#1932,.F.);
#2729=ORIENTED_EDGE('',*,*,#1871,.T.);
#2730=ORIENTED_EDGE('',*,*,#1933,.F.);
#2731=ORIENTED_EDGE('',*,*,#1704,.F.);
#2732=ORIENTED_EDGE('',*,*,#1934,.F.);
#2733=ORIENTED_EDGE('',*,*,#1872,.T.);
#2734=ORIENTED_EDGE('',*,*,#1932,.T.);
#2735=ORIENTED_EDGE('',*,*,#1703,.F.);
#2736=ORIENTED_EDGE('',*,*,#1935,.F.);
#2737=ORIENTED_EDGE('',*,*,#1873,.T.);
#2738=ORIENTED_EDGE('',*,*,#1934,.T.);
#2739=ORIENTED_EDGE('',*,*,#1936,.T.);
#2740=ORIENTED_EDGE('',*,*,#1814,.T.);
#2741=ORIENTED_EDGE('',*,*,#1927,.F.);
#2742=ORIENTED_EDGE('',*,*,#1710,.F.);
#2743=ORIENTED_EDGE('',*,*,#1929,.T.);
#2744=ORIENTED_EDGE('',*,*,#1874,.T.);
#2745=ORIENTED_EDGE('',*,*,#1931,.T.);
#2746=ORIENTED_EDGE('',*,*,#1706,.F.);
#2747=ORIENTED_EDGE('',*,*,#1933,.T.);
#2748=ORIENTED_EDGE('',*,*,#1870,.T.);
#2749=ORIENTED_EDGE('',*,*,#1935,.T.);
#2750=ORIENTED_EDGE('',*,*,#1702,.F.);
#2751=ORIENTED_EDGE('',*,*,#1937,.T.);
#2752=ORIENTED_EDGE('',*,*,#1815,.T.);
#2753=ORIENTED_EDGE('',*,*,#1936,.F.);
#2754=ORIENTED_EDGE('',*,*,#1701,.F.);
#2755=ORIENTED_EDGE('',*,*,#1938,.T.);
#2756=ORIENTED_EDGE('',*,*,#1816,.T.);
#2757=ORIENTED_EDGE('',*,*,#1937,.F.);
#2758=ORIENTED_EDGE('',*,*,#1700,.F.);
#2759=ORIENTED_EDGE('',*,*,#1939,.T.);
#2760=ORIENTED_EDGE('',*,*,#1817,.T.);
#2761=ORIENTED_EDGE('',*,*,#1938,.F.);
#2762=ORIENTED_EDGE('',*,*,#1699,.F.);
#2763=ORIENTED_EDGE('',*,*,#1878,.T.);
#2764=ORIENTED_EDGE('',*,*,#1818,.T.);
#2765=ORIENTED_EDGE('',*,*,#1939,.F.);
#2766=ORIENTED_EDGE('',*,*,#1698,.F.);
#2767=ORIENTED_EDGE('',*,*,#1940,.T.);
#2768=ORIENTED_EDGE('',*,*,#1941,.T.);
#2769=ORIENTED_EDGE('',*,*,#1942,.T.);
#2770=ORIENTED_EDGE('',*,*,#1694,.F.);
#2771=ORIENTED_EDGE('',*,*,#1943,.F.);
#2772=ORIENTED_EDGE('',*,*,#1525,.F.);
#2773=ORIENTED_EDGE('',*,*,#1944,.F.);
#2774=ORIENTED_EDGE('',*,*,#1777,.F.);
#2775=ORIENTED_EDGE('',*,*,#1945,.F.);
#2776=ORIENTED_EDGE('',*,*,#1526,.F.);
#2777=ORIENTED_EDGE('',*,*,#1943,.T.);
#2778=ORIENTED_EDGE('',*,*,#1776,.F.);
#2779=ORIENTED_EDGE('',*,*,#1946,.F.);
#2780=ORIENTED_EDGE('',*,*,#1527,.F.);
#2781=ORIENTED_EDGE('',*,*,#1945,.T.);
#2782=ORIENTED_EDGE('',*,*,#1775,.F.);
#2783=ORIENTED_EDGE('',*,*,#1947,.F.);
#2784=ORIENTED_EDGE('',*,*,#1528,.F.);
#2785=ORIENTED_EDGE('',*,*,#1946,.T.);
#2786=ORIENTED_EDGE('',*,*,#1774,.F.);
#2787=ORIENTED_EDGE('',*,*,#1948,.F.);
#2788=ORIENTED_EDGE('',*,*,#1529,.F.);
#2789=ORIENTED_EDGE('',*,*,#1947,.T.);
#2790=ORIENTED_EDGE('',*,*,#1773,.F.);
#2791=ORIENTED_EDGE('',*,*,#1949,.F.);
#2792=ORIENTED_EDGE('',*,*,#1530,.F.);
#2793=ORIENTED_EDGE('',*,*,#1948,.T.);
#2794=ORIENTED_EDGE('',*,*,#1772,.F.);
#2795=ORIENTED_EDGE('',*,*,#1950,.F.);
#2796=ORIENTED_EDGE('',*,*,#1531,.F.);
#2797=ORIENTED_EDGE('',*,*,#1949,.T.);
#2798=ORIENTED_EDGE('',*,*,#1771,.F.);
#2799=ORIENTED_EDGE('',*,*,#1951,.F.);
#2800=ORIENTED_EDGE('',*,*,#1532,.F.);
#2801=ORIENTED_EDGE('',*,*,#1950,.T.);
#2802=ORIENTED_EDGE('',*,*,#1770,.F.);
#2803=ORIENTED_EDGE('',*,*,#1952,.F.);
#2804=ORIENTED_EDGE('',*,*,#1533,.F.);
#2805=ORIENTED_EDGE('',*,*,#1951,.T.);
#2806=ORIENTED_EDGE('',*,*,#1769,.F.);
#2807=ORIENTED_EDGE('',*,*,#1953,.F.);
#2808=ORIENTED_EDGE('',*,*,#1534,.F.);
#2809=ORIENTED_EDGE('',*,*,#1952,.T.);
#2810=ORIENTED_EDGE('',*,*,#1768,.F.);
#2811=ORIENTED_EDGE('',*,*,#1954,.F.);
#2812=ORIENTED_EDGE('',*,*,#1535,.F.);
#2813=ORIENTED_EDGE('',*,*,#1953,.T.);
#2814=ORIENTED_EDGE('',*,*,#1767,.F.);
#2815=ORIENTED_EDGE('',*,*,#1663,.T.);
#2816=ORIENTED_EDGE('',*,*,#1778,.F.);
#2817=ORIENTED_EDGE('',*,*,#1944,.T.);
#2818=ORIENTED_EDGE('',*,*,#1524,.F.);
#2819=ORIENTED_EDGE('',*,*,#1954,.T.);
#2820=ORIENTED_EDGE('',*,*,#1766,.F.);
#2821=ORIENTED_EDGE('',*,*,#1651,.T.);
#2822=ORIENTED_EDGE('',*,*,#1660,.T.);
#2823=ORIENTED_EDGE('',*,*,#1657,.T.);
#2824=ORIENTED_EDGE('',*,*,#1654,.T.);
#2825=ORIENTED_EDGE('',*,*,#1647,.T.);
#2826=ORIENTED_EDGE('',*,*,#1644,.T.);
#2827=ORIENTED_EDGE('',*,*,#1697,.F.);
#2828=ORIENTED_EDGE('',*,*,#1808,.F.);
#2829=ORIENTED_EDGE('',*,*,#1955,.T.);
#2830=ORIENTED_EDGE('',*,*,#1940,.F.);
#2831=ORIENTED_EDGE('',*,*,#1941,.F.);
#2832=ORIENTED_EDGE('',*,*,#1955,.F.);
#2833=ORIENTED_EDGE('',*,*,#1807,.F.);
#2834=ORIENTED_EDGE('',*,*,#1956,.F.);
#2835=ORIENTED_EDGE('',*,*,#1695,.F.);
#2836=ORIENTED_EDGE('',*,*,#1942,.F.);
#2837=ORIENTED_EDGE('',*,*,#1956,.T.);
#2838=ORIENTED_EDGE('',*,*,#1806,.T.);
#2839=PLANE('',#3172);
#2840=PLANE('',#3173);
#2841=PLANE('',#3174);
#2842=PLANE('',#3175);
#2843=PLANE('',#3176);
#2844=PLANE('',#3177);
#2845=PLANE('',#3178);
#2846=PLANE('',#3179);
#2847=PLANE('',#3180);
#2848=PLANE('',#3181);
#2849=PLANE('',#3182);
#2850=PLANE('',#3183);
#2851=PLANE('',#3184);
#2852=PLANE('',#3185);
#2853=PLANE('',#3186);
#2854=PLANE('',#3187);
#2855=PLANE('',#3188);
#2856=PLANE('',#3189);
#2857=PLANE('',#3190);
#2858=PLANE('',#3191);
#2859=PLANE('',#3192);
#2860=PLANE('',#3193);
#2861=PLANE('',#3194);
#2862=PLANE('',#3195);
#2863=PLANE('',#3196);
#2864=PLANE('',#3197);
#2865=PLANE('',#3198);
#2866=PLANE('',#3199);
#2867=PLANE('',#3200);
#2868=PLANE('',#3201);
#2869=PLANE('',#3202);
#2870=PLANE('',#3203);
#2871=PLANE('',#3204);
#2872=PLANE('',#3205);
#2873=PLANE('',#3206);
#2874=PLANE('',#3207);
#2875=PLANE('',#3208);
#2876=PLANE('',#3209);
#2877=PLANE('',#3210);
#2878=PLANE('',#3211);
#2879=PLANE('',#3212);
#2880=PLANE('',#3213);
#2881=PLANE('',#3214);
#2882=PLANE('',#3215);
#2883=PLANE('',#3216);
#2884=PLANE('',#3217);
#2885=PLANE('',#3218);
#2886=PLANE('',#3219);
#2887=PLANE('',#3226);
#2888=PLANE('',#3230);
#2889=PLANE('',#3234);
#2890=PLANE('',#3235);
#2891=PLANE('',#3245);
#2892=PLANE('',#3248);
#2893=PLANE('',#3251);
#2894=PLANE('',#3254);
#2895=PLANE('',#3257);
#2896=PLANE('',#3260);
#2897=PLANE('',#3263);
#2898=PLANE('',#3266);
#2899=PLANE('',#3269);
#2900=PLANE('',#3272);
#2901=PLANE('',#3273);
#2902=PLANE('',#3274);
#2903=PLANE('',#3275);
#2904=PLANE('',#3276);
#2905=PLANE('',#3277);
#2906=PLANE('',#3278);
#2907=PLANE('',#3279);
#2908=PLANE('',#3280);
#2909=PLANE('',#3281);
#2910=PLANE('',#3282);
#2911=PLANE('',#3283);
#2912=PLANE('',#3284);
#2913=PLANE('',#3285);
#2914=PLANE('',#3286);
#2915=PLANE('',#3287);
#2916=PLANE('',#3288);
#2917=PLANE('',#3289);
#2918=PLANE('',#3290);
#2919=PLANE('',#3291);
#2920=PLANE('',#3292);
#2921=PLANE('',#3293);
#2922=PLANE('',#3294);
#2923=PLANE('',#3295);
#2924=PLANE('',#3296);
#2925=PLANE('',#3297);
#2926=PLANE('',#3298);
#2927=PLANE('',#3299);
#2928=PLANE('',#3300);
#2929=PLANE('',#3301);
#2930=PLANE('',#3302);
#2931=PLANE('',#3303);
#2932=PLANE('',#3304);
#2933=PLANE('',#3305);
#2934=PLANE('',#3306);
#2935=PLANE('',#3307);
#2936=PLANE('',#3308);
#2937=PLANE('',#3309);
#2938=PLANE('',#3310);
#2939=PLANE('',#3311);
#2940=PLANE('',#3312);
#2941=PLANE('',#3313);
#2942=PLANE('',#3314);
#2943=PLANE('',#3315);
#2944=PLANE('',#3316);
#2945=PLANE('',#3317);
#2946=PLANE('',#3318);
#2947=PLANE('',#3319);
#2948=PLANE('',#3320);
#2949=PLANE('',#3321);
#2950=PLANE('',#3322);
#2951=PLANE('',#3323);
#2952=PLANE('',#3324);
#2953=PLANE('',#3325);
#2954=PLANE('',#3326);
#2955=PLANE('',#3327);
#2956=PLANE('',#3328);
#2957=PLANE('',#3329);
#2958=PLANE('',#3330);
#2959=PLANE('',#3331);
#2960=PLANE('',#3332);
#2961=PLANE('',#3333);
#2962=PLANE('',#3334);
#2963=PLANE('',#3335);
#2964=PLANE('',#3336);
#2965=PLANE('',#3337);
#2966=PLANE('',#3338);
#2967=PLANE('',#3339);
#2968=PLANE('',#3340);
#2969=PLANE('',#3341);
#2970=PLANE('',#3342);
#2971=PLANE('',#3343);
#2972=PLANE('',#3344);
#2973=PLANE('',#3345);
#2974=PLANE('',#3346);
#2975=PLANE('',#3347);
#2976=PLANE('',#3348);
#2977=PLANE('',#3349);
#2978=PLANE('',#3350);
#2979=PLANE('',#3351);
#2980=PLANE('',#3352);
#2981=PLANE('',#3353);
#2982=PLANE('',#3354);
#2983=PLANE('',#3355);
#2984=PLANE('',#3356);
#2985=PLANE('',#3357);
#2986=PLANE('',#3358);
#2987=PLANE('',#3359);
#2988=PLANE('',#3360);
#2989=PLANE('',#3361);
#2990=PLANE('',#3362);
#2991=PLANE('',#3363);
#2992=ADVANCED_FACE('',(#64),#2839,.T.);
#2993=ADVANCED_FACE('',(#65),#2840,.T.);
#2994=ADVANCED_FACE('',(#66,#54),#2841,.T.);
#2995=ADVANCED_FACE('',(#67),#2842,.F.);
#2996=ADVANCED_FACE('',(#68),#2843,.F.);
#2997=ADVANCED_FACE('',(#69),#2844,.F.);
#2998=ADVANCED_FACE('',(#70),#2845,.F.);
#2999=ADVANCED_FACE('',(#71),#2846,.F.);
#3000=ADVANCED_FACE('',(#72),#2847,.F.);
#3001=ADVANCED_FACE('',(#73),#2848,.F.);
#3002=ADVANCED_FACE('',(#74),#2849,.F.);
#3003=ADVANCED_FACE('',(#75),#2850,.F.);
#3004=ADVANCED_FACE('',(#76),#2851,.F.);
#3005=ADVANCED_FACE('',(#77),#2852,.F.);
#3006=ADVANCED_FACE('',(#78),#2853,.F.);
#3007=ADVANCED_FACE('',(#79),#2854,.F.);
#3008=ADVANCED_FACE('',(#80),#2855,.F.);
#3009=ADVANCED_FACE('',(#81),#2856,.F.);
#3010=ADVANCED_FACE('',(#82),#2857,.F.);
#3011=ADVANCED_FACE('',(#83),#2858,.F.);
#3012=ADVANCED_FACE('',(#84),#2859,.F.);
#3013=ADVANCED_FACE('',(#85),#2860,.F.);
#3014=ADVANCED_FACE('',(#86),#2861,.F.);
#3015=ADVANCED_FACE('',(#87),#2862,.F.);
#3016=ADVANCED_FACE('',(#88),#2863,.F.);
#3017=ADVANCED_FACE('',(#89),#2864,.F.);
#3018=ADVANCED_FACE('',(#90),#2865,.F.);
#3019=ADVANCED_FACE('',(#91),#2866,.F.);
#3020=ADVANCED_FACE('',(#92),#2867,.F.);
#3021=ADVANCED_FACE('',(#93),#2868,.F.);
#3022=ADVANCED_FACE('',(#94),#2869,.F.);
#3023=ADVANCED_FACE('',(#95),#2870,.F.);
#3024=ADVANCED_FACE('',(#96),#2871,.F.);
#3025=ADVANCED_FACE('',(#97),#2872,.F.);
#3026=ADVANCED_FACE('',(#98),#2873,.F.);
#3027=ADVANCED_FACE('',(#99),#2874,.F.);
#3028=ADVANCED_FACE('',(#100),#2875,.F.);
#3029=ADVANCED_FACE('',(#101),#2876,.F.);
#3030=ADVANCED_FACE('',(#102),#2877,.F.);
#3031=ADVANCED_FACE('',(#103),#2878,.F.);
#3032=ADVANCED_FACE('',(#104),#2879,.F.);
#3033=ADVANCED_FACE('',(#105),#2880,.F.);
#3034=ADVANCED_FACE('',(#106),#2881,.F.);
#3035=ADVANCED_FACE('',(#107),#2882,.F.);
#3036=ADVANCED_FACE('',(#108),#2883,.F.);
#3037=ADVANCED_FACE('',(#109),#2884,.F.);
#3038=ADVANCED_FACE('',(#110),#2885,.F.);
#3039=ADVANCED_FACE('',(#111),#2886,.F.);
#3040=ADVANCED_FACE('',(#112),#41,.F.);
#3041=ADVANCED_FACE('',(#113),#42,.F.);
#3042=ADVANCED_FACE('',(#114),#2887,.F.);
#3043=ADVANCED_FACE('',(#115),#43,.F.);
#3044=ADVANCED_FACE('',(#116),#2888,.F.);
#3045=ADVANCED_FACE('',(#117),#44,.F.);
#3046=ADVANCED_FACE('',(#118),#2889,.T.);
#3047=ADVANCED_FACE('',(#119,#55,#56,#57,#58,#59,#60,#61,#62,#63),#2890,
 .T.);
#3048=ADVANCED_FACE('',(#120),#2891,.T.);
#3049=ADVANCED_FACE('',(#121),#45,.F.);
#3050=ADVANCED_FACE('',(#122),#2892,.T.);
#3051=ADVANCED_FACE('',(#123),#46,.F.);
#3052=ADVANCED_FACE('',(#124),#2893,.T.);
#3053=ADVANCED_FACE('',(#125),#47,.F.);
#3054=ADVANCED_FACE('',(#126),#2894,.T.);
#3055=ADVANCED_FACE('',(#127),#48,.F.);
#3056=ADVANCED_FACE('',(#128),#2895,.T.);
#3057=ADVANCED_FACE('',(#129),#49,.F.);
#3058=ADVANCED_FACE('',(#130),#2896,.T.);
#3059=ADVANCED_FACE('',(#131),#50,.F.);
#3060=ADVANCED_FACE('',(#132),#2897,.T.);
#3061=ADVANCED_FACE('',(#133),#51,.F.);
#3062=ADVANCED_FACE('',(#134),#2898,.T.);
#3063=ADVANCED_FACE('',(#135),#52,.F.);
#3064=ADVANCED_FACE('',(#136),#2899,.T.);
#3065=ADVANCED_FACE('',(#137),#53,.F.);
#3066=ADVANCED_FACE('',(#138),#2900,.F.);
#3067=ADVANCED_FACE('',(#139),#2901,.T.);
#3068=ADVANCED_FACE('',(#140),#2902,.T.);
#3069=ADVANCED_FACE('',(#141),#2903,.T.);
#3070=ADVANCED_FACE('',(#142),#2904,.T.);
#3071=ADVANCED_FACE('',(#143),#2905,.T.);
#3072=ADVANCED_FACE('',(#144),#2906,.T.);
#3073=ADVANCED_FACE('',(#145),#2907,.T.);
#3074=ADVANCED_FACE('',(#146),#2908,.T.);
#3075=ADVANCED_FACE('',(#147),#2909,.T.);
#3076=ADVANCED_FACE('',(#148),#2910,.T.);
#3077=ADVANCED_FACE('',(#149),#2911,.T.);
#3078=ADVANCED_FACE('',(#150),#2912,.T.);
#3079=ADVANCED_FACE('',(#151),#2913,.T.);
#3080=ADVANCED_FACE('',(#152),#2914,.T.);
#3081=ADVANCED_FACE('',(#153),#2915,.T.);
#3082=ADVANCED_FACE('',(#154),#2916,.T.);
#3083=ADVANCED_FACE('',(#155),#2917,.T.);
#3084=ADVANCED_FACE('',(#156),#2918,.T.);
#3085=ADVANCED_FACE('',(#157),#2919,.F.);
#3086=ADVANCED_FACE('',(#158),#2920,.F.);
#3087=ADVANCED_FACE('',(#159),#2921,.F.);
#3088=ADVANCED_FACE('',(#160),#2922,.F.);
#3089=ADVANCED_FACE('',(#161),#2923,.F.);
#3090=ADVANCED_FACE('',(#162),#2924,.F.);
#3091=ADVANCED_FACE('',(#163),#2925,.F.);
#3092=ADVANCED_FACE('',(#164),#2926,.F.);
#3093=ADVANCED_FACE('',(#165),#2927,.F.);
#3094=ADVANCED_FACE('',(#166),#2928,.F.);
#3095=ADVANCED_FACE('',(#167),#2929,.F.);
#3096=ADVANCED_FACE('',(#168),#2930,.F.);
#3097=ADVANCED_FACE('',(#169),#2931,.F.);
#3098=ADVANCED_FACE('',(#170),#2932,.F.);
#3099=ADVANCED_FACE('',(#171),#2933,.F.);
#3100=ADVANCED_FACE('',(#172),#2934,.F.);
#3101=ADVANCED_FACE('',(#173),#2935,.F.);
#3102=ADVANCED_FACE('',(#174),#2936,.F.);
#3103=ADVANCED_FACE('',(#175),#2937,.T.);
#3104=ADVANCED_FACE('',(#176),#2938,.F.);
#3105=ADVANCED_FACE('',(#177),#2939,.F.);
#3106=ADVANCED_FACE('',(#178),#2940,.F.);
#3107=ADVANCED_FACE('',(#179),#2941,.F.);
#3108=ADVANCED_FACE('',(#180),#2942,.F.);
#3109=ADVANCED_FACE('',(#181),#2943,.F.);
#3110=ADVANCED_FACE('',(#182),#2944,.F.);
#3111=ADVANCED_FACE('',(#183),#2945,.F.);
#3112=ADVANCED_FACE('',(#184),#2946,.F.);
#3113=ADVANCED_FACE('',(#185),#2947,.T.);
#3114=ADVANCED_FACE('',(#186),#2948,.T.);
#3115=ADVANCED_FACE('',(#187),#2949,.F.);
#3116=ADVANCED_FACE('',(#188),#2950,.F.);
#3117=ADVANCED_FACE('',(#189),#2951,.F.);
#3118=ADVANCED_FACE('',(#190),#2952,.F.);
#3119=ADVANCED_FACE('',(#191),#2953,.F.);
#3120=ADVANCED_FACE('',(#192),#2954,.F.);
#3121=ADVANCED_FACE('',(#193),#2955,.F.);
#3122=ADVANCED_FACE('',(#194),#2956,.F.);
#3123=ADVANCED_FACE('',(#195),#2957,.F.);
#3124=ADVANCED_FACE('',(#196),#2958,.F.);
#3125=ADVANCED_FACE('',(#197),#2959,.F.);
#3126=ADVANCED_FACE('',(#198),#2960,.F.);
#3127=ADVANCED_FACE('',(#199),#2961,.F.);
#3128=ADVANCED_FACE('',(#200),#2962,.F.);
#3129=ADVANCED_FACE('',(#201),#2963,.F.);
#3130=ADVANCED_FACE('',(#202),#2964,.T.);
#3131=ADVANCED_FACE('',(#203),#2965,.T.);
#3132=ADVANCED_FACE('',(#204),#2966,.F.);
#3133=ADVANCED_FACE('',(#205),#2967,.F.);
#3134=ADVANCED_FACE('',(#206),#2968,.F.);
#3135=ADVANCED_FACE('',(#207),#2969,.F.);
#3136=ADVANCED_FACE('',(#208),#2970,.F.);
#3137=ADVANCED_FACE('',(#209),#2971,.F.);
#3138=ADVANCED_FACE('',(#210),#2972,.T.);
#3139=ADVANCED_FACE('',(#211),#2973,.T.);
#3140=ADVANCED_FACE('',(#212),#2974,.T.);
#3141=ADVANCED_FACE('',(#213),#2975,.T.);
#3142=ADVANCED_FACE('',(#214),#2976,.T.);
#3143=ADVANCED_FACE('',(#215),#2977,.T.);
#3144=ADVANCED_FACE('',(#216),#2978,.T.);
#3145=ADVANCED_FACE('',(#217),#2979,.T.);
#3146=ADVANCED_FACE('',(#218),#2980,.T.);
#3147=ADVANCED_FACE('',(#219),#2981,.T.);
#3148=ADVANCED_FACE('',(#220),#2982,.T.);
#3149=ADVANCED_FACE('',(#221),#2983,.T.);
#3150=ADVANCED_FACE('',(#222),#2984,.T.);
#3151=ADVANCED_FACE('',(#223),#2985,.T.);
#3152=ADVANCED_FACE('',(#224),#2986,.T.);
#3153=ADVANCED_FACE('',(#225),#2987,.T.);
#3154=ADVANCED_FACE('',(#226),#2988,.T.);
#3155=ADVANCED_FACE('',(#227),#2989,.F.);
#3156=ADVANCED_FACE('',(#228),#2990,.T.);
#3157=ADVANCED_FACE('',(#229),#2991,.F.);
#3158=CLOSED_SHELL('',(#2992,#2993,#2994,#2995,#2996,#2997,#2998,#2999,
#3000,#3001,#3002,#3003,#3004,#3005,#3006,#3007,#3008,#3009,#3010,#3011,
#3012,#3013,#3014,#3015,#3016,#3017,#3018,#3019,#3020,#3021,#3022,#3023,
#3024,#3025,#3026,#3027,#3028,#3029,#3030,#3031,#3032,#3033,#3034,#3035,
#3036,#3037,#3038,#3039,#3040,#3041,#3042,#3043,#3044,#3045,#3046,#3047,
#3048,#3049,#3050,#3051,#3052,#3053,#3054,#3055,#3056,#3057,#3058,#3059,
#3060,#3061,#3062,#3063,#3064,#3065,#3066,#3067,#3068,#3069,#3070,#3071,
#3072,#3073,#3074,#3075,#3076,#3077,#3078,#3079,#3080,#3081,#3082,#3083,
#3084,#3085,#3086,#3087,#3088,#3089,#3090,#3091,#3092,#3093,#3094,#3095,
#3096,#3097,#3098,#3099,#3100,#3101,#3102,#3103,#3104,#3105,#3106,#3107,
#3108,#3109,#3110,#3111,#3112,#3113,#3114,#3115,#3116,#3117,#3118,#3119,
#3120,#3121,#3122,#3123,#3124,#3125,#3126,#3127,#3128,#3129,#3130,#3131,
#3132,#3133,#3134,#3135,#3136,#3137,#3138,#3139,#3140,#3141,#3142,#3143,
#3144,#3145,#3146,#3147,#3148,#3149,#3150,#3151,#3152,#3153,#3154,#3155,
#3156,#3157));
#3159=DERIVED_UNIT_ELEMENT(#3161,1.);
#3160=DERIVED_UNIT_ELEMENT(#5058,-3.);
#3161=(
MASS_UNIT()
NAMED_UNIT(*)
SI_UNIT(.KILO.,.GRAM.)
);
#3162=DERIVED_UNIT((#3159,#3160));
#3163=MEASURE_REPRESENTATION_ITEM('density measure',
POSITIVE_RATIO_MEASURE(7850.),#3162);
#3164=PROPERTY_DEFINITION_REPRESENTATION(#3169,#3166);
#3165=PROPERTY_DEFINITION_REPRESENTATION(#3170,#3167);
#3166=REPRESENTATION('material name',(#3168),#5055);
#3167=REPRESENTATION('density',(#3163),#5055);
#3168=DESCRIPTIVE_REPRESENTATION_ITEM('Steel','Steel');
#3169=PROPERTY_DEFINITION('material property','material name',#5065);
#3170=PROPERTY_DEFINITION('material property','density of part',#5065);
#3171=AXIS2_PLACEMENT_3D('',#4165,#3364,#3365);
#3172=AXIS2_PLACEMENT_3D('',#4166,#3366,#3367);
#3173=AXIS2_PLACEMENT_3D('',#4175,#3372,#3373);
#3174=AXIS2_PLACEMENT_3D('',#4184,#3378,#3379);
#3175=AXIS2_PLACEMENT_3D('',#4248,#3414,#3415);
#3176=AXIS2_PLACEMENT_3D('',#4254,#3419,#3420);
#3177=AXIS2_PLACEMENT_3D('',#4262,#3425,#3426);
#3178=AXIS2_PLACEMENT_3D('',#4268,#3430,#3431);
#3179=AXIS2_PLACEMENT_3D('',#4276,#3436,#3437);
#3180=AXIS2_PLACEMENT_3D('',#4282,#3441,#3442);
#3181=AXIS2_PLACEMENT_3D('',#4286,#3445,#3446);
#3182=AXIS2_PLACEMENT_3D('',#4292,#3450,#3451);
#3183=AXIS2_PLACEMENT_3D('',#4298,#3455,#3456);
#3184=AXIS2_PLACEMENT_3D('',#4302,#3459,#3460);
#3185=AXIS2_PLACEMENT_3D('',#4308,#3464,#3465);
#3186=AXIS2_PLACEMENT_3D('',#4313,#3469,#3470);
#3187=AXIS2_PLACEMENT_3D('',#4317,#3473,#3474);
#3188=AXIS2_PLACEMENT_3D('',#4319,#3476,#3477);
#3189=AXIS2_PLACEMENT_3D('',#4320,#3478,#3479);
#3190=AXIS2_PLACEMENT_3D('',#4326,#3483,#3484);
#3191=AXIS2_PLACEMENT_3D('',#4330,#3487,#3488);
#3192=AXIS2_PLACEMENT_3D('',#4335,#3492,#3493);
#3193=AXIS2_PLACEMENT_3D('',#4337,#3495,#3496);
#3194=AXIS2_PLACEMENT_3D('',#4338,#3497,#3498);
#3195=AXIS2_PLACEMENT_3D('',#4342,#3501,#3502);
#3196=AXIS2_PLACEMENT_3D('',#4347,#3506,#3507);
#3197=AXIS2_PLACEMENT_3D('',#4350,#3510,#3511);
#3198=AXIS2_PLACEMENT_3D('',#4352,#3513,#3514);
#3199=AXIS2_PLACEMENT_3D('',#4353,#3515,#3516);
#3200=AXIS2_PLACEMENT_3D('',#4357,#3520,#3521);
#3201=AXIS2_PLACEMENT_3D('',#4361,#3524,#3525);
#3202=AXIS2_PLACEMENT_3D('',#4363,#3527,#3528);
#3203=AXIS2_PLACEMENT_3D('',#4367,#3532,#3533);
#3204=AXIS2_PLACEMENT_3D('',#4371,#3536,#3537);
#3205=AXIS2_PLACEMENT_3D('',#4373,#3539,#3540);
#3206=AXIS2_PLACEMENT_3D('',#4375,#3542,#3543);
#3207=AXIS2_PLACEMENT_3D('',#4377,#3545,#3546);
#3208=AXIS2_PLACEMENT_3D('',#4378,#3547,#3548);
#3209=AXIS2_PLACEMENT_3D('',#4382,#3551,#3552);
#3210=AXIS2_PLACEMENT_3D('',#4386,#3555,#3556);
#3211=AXIS2_PLACEMENT_3D('',#4390,#3559,#3560);
#3212=AXIS2_PLACEMENT_3D('',#4395,#3564,#3565);
#3213=AXIS2_PLACEMENT_3D('',#4397,#3567,#3568);
#3214=AXIS2_PLACEMENT_3D('',#4398,#3569,#3570);
#3215=AXIS2_PLACEMENT_3D('',#4404,#3574,#3575);
#3216=AXIS2_PLACEMENT_3D('',#4408,#3578,#3579);
#3217=AXIS2_PLACEMENT_3D('',#4410,#3581,#3582);
#3218=AXIS2_PLACEMENT_3D('',#4412,#3584,#3585);
#3219=AXIS2_PLACEMENT_3D('',#4413,#3586,#3587);
#3220=AXIS2_PLACEMENT_3D('',#4422,#3592,#3593);
#3221=AXIS2_PLACEMENT_3D('',#4424,#3594,#3595);
#3222=AXIS2_PLACEMENT_3D('',#4426,#3596,#3597);
#3223=AXIS2_PLACEMENT_3D('',#4428,#3599,#3600);
#3224=AXIS2_PLACEMENT_3D('',#4431,#3601,#3602);
#3225=AXIS2_PLACEMENT_3D('',#4435,#3604,#3605);
#3226=AXIS2_PLACEMENT_3D('',#4437,#3607,#3608);
#3227=AXIS2_PLACEMENT_3D('',#4443,#3612,#3613);
#3228=AXIS2_PLACEMENT_3D('',#4445,#3614,#3615);
#3229=AXIS2_PLACEMENT_3D('',#4447,#3616,#3617);
#3230=AXIS2_PLACEMENT_3D('',#4449,#3619,#3620);
#3231=AXIS2_PLACEMENT_3D('',#4452,#3623,#3624);
#3232=AXIS2_PLACEMENT_3D('',#4454,#3625,#3626);
#3233=AXIS2_PLACEMENT_3D('',#4457,#3628,#3629);
#3234=AXIS2_PLACEMENT_3D('',#4458,#3630,#3631);
#3235=AXIS2_PLACEMENT_3D('',#4516,#3661,#3662);
#3236=AXIS2_PLACEMENT_3D('',#4682,#3749,#3750);
#3237=AXIS2_PLACEMENT_3D('',#4684,#3751,#3752);
#3238=AXIS2_PLACEMENT_3D('',#4686,#3753,#3754);
#3239=AXIS2_PLACEMENT_3D('',#4688,#3755,#3756);
#3240=AXIS2_PLACEMENT_3D('',#4690,#3757,#3758);
#3241=AXIS2_PLACEMENT_3D('',#4692,#3759,#3760);
#3242=AXIS2_PLACEMENT_3D('',#4694,#3761,#3762);
#3243=AXIS2_PLACEMENT_3D('',#4696,#3763,#3764);
#3244=AXIS2_PLACEMENT_3D('',#4698,#3765,#3766);
#3245=AXIS2_PLACEMENT_3D('',#4699,#3767,#3768);
#3246=AXIS2_PLACEMENT_3D('',#4701,#3769,#3770);
#3247=AXIS2_PLACEMENT_3D('',#4702,#3771,#3772);
#3248=AXIS2_PLACEMENT_3D('',#4704,#3774,#3775);
#3249=AXIS2_PLACEMENT_3D('',#4706,#3776,#3777);
#3250=AXIS2_PLACEMENT_3D('',#4707,#3778,#3779);
#3251=AXIS2_PLACEMENT_3D('',#4709,#3781,#3782);
#3252=AXIS2_PLACEMENT_3D('',#4711,#3783,#3784);
#3253=AXIS2_PLACEMENT_3D('',#4712,#3785,#3786);
#3254=AXIS2_PLACEMENT_3D('',#4714,#3788,#3789);
#3255=AXIS2_PLACEMENT_3D('',#4716,#3790,#3791);
#3256=AXIS2_PLACEMENT_3D('',#4717,#3792,#3793);
#3257=AXIS2_PLACEMENT_3D('',#4719,#3795,#3796);
#3258=AXIS2_PLACEMENT_3D('',#4721,#3797,#3798);
#3259=AXIS2_PLACEMENT_3D('',#4722,#3799,#3800);
#3260=AXIS2_PLACEMENT_3D('',#4724,#3802,#3803);
#3261=AXIS2_PLACEMENT_3D('',#4726,#3804,#3805);
#3262=AXIS2_PLACEMENT_3D('',#4727,#3806,#3807);
#3263=AXIS2_PLACEMENT_3D('',#4729,#3809,#3810);
#3264=AXIS2_PLACEMENT_3D('',#4731,#3811,#3812);
#3265=AXIS2_PLACEMENT_3D('',#4732,#3813,#3814);
#3266=AXIS2_PLACEMENT_3D('',#4734,#3816,#3817);
#3267=AXIS2_PLACEMENT_3D('',#4736,#3818,#3819);
#3268=AXIS2_PLACEMENT_3D('',#4737,#3820,#3821);
#3269=AXIS2_PLACEMENT_3D('',#4739,#3823,#3824);
#3270=AXIS2_PLACEMENT_3D('',#4741,#3825,#3826);
#3271=AXIS2_PLACEMENT_3D('',#4742,#3827,#3828);
#3272=AXIS2_PLACEMENT_3D('',#4744,#3830,#3831);
#3273=AXIS2_PLACEMENT_3D('',#4750,#3835,#3836);
#3274=AXIS2_PLACEMENT_3D('',#4772,#3848,#3849);
#3275=AXIS2_PLACEMENT_3D('',#4778,#3853,#3854);
#3276=AXIS2_PLACEMENT_3D('',#4784,#3858,#3859);
#3277=AXIS2_PLACEMENT_3D('',#4790,#3863,#3864);
#3278=AXIS2_PLACEMENT_3D('',#4796,#3868,#3869);
#3279=AXIS2_PLACEMENT_3D('',#4802,#3873,#3874);
#3280=AXIS2_PLACEMENT_3D('',#4808,#3878,#3879);
#3281=AXIS2_PLACEMENT_3D('',#4817,#3884,#3885);
#3282=AXIS2_PLACEMENT_3D('',#4826,#3890,#3891);
#3283=AXIS2_PLACEMENT_3D('',#4835,#3896,#3897);
#3284=AXIS2_PLACEMENT_3D('',#4844,#3902,#3903);
#3285=AXIS2_PLACEMENT_3D('',#4853,#3908,#3909);
#3286=AXIS2_PLACEMENT_3D('',#4862,#3914,#3915);
#3287=AXIS2_PLACEMENT_3D('',#4871,#3920,#3921);
#3288=AXIS2_PLACEMENT_3D('',#4880,#3926,#3927);
#3289=AXIS2_PLACEMENT_3D('',#4889,#3932,#3933);
#3290=AXIS2_PLACEMENT_3D('',#4898,#3938,#3939);
#3291=AXIS2_PLACEMENT_3D('',#4900,#3941,#3942);
#3292=AXIS2_PLACEMENT_3D('',#4902,#3944,#3945);
#3293=AXIS2_PLACEMENT_3D('',#4904,#3947,#3948);
#3294=AXIS2_PLACEMENT_3D('',#4905,#3949,#3950);
#3295=AXIS2_PLACEMENT_3D('',#4907,#3952,#3953);
#3296=AXIS2_PLACEMENT_3D('',#4909,#3955,#3956);
#3297=AXIS2_PLACEMENT_3D('',#4910,#3957,#3958);
#3298=AXIS2_PLACEMENT_3D('',#4912,#3960,#3961);
#3299=AXIS2_PLACEMENT_3D('',#4914,#3963,#3964);
#3300=AXIS2_PLACEMENT_3D('',#4915,#3965,#3966);
#3301=AXIS2_PLACEMENT_3D('',#4917,#3968,#3969);
#3302=AXIS2_PLACEMENT_3D('',#4919,#3971,#3972);
#3303=AXIS2_PLACEMENT_3D('',#4920,#3973,#3974);
#3304=AXIS2_PLACEMENT_3D('',#4922,#3976,#3977);
#3305=AXIS2_PLACEMENT_3D('',#4924,#3979,#3980);
#3306=AXIS2_PLACEMENT_3D('',#4925,#3981,#3982);
#3307=AXIS2_PLACEMENT_3D('',#4927,#3984,#3985);
#3308=AXIS2_PLACEMENT_3D('',#4929,#3987,#3988);
#3309=AXIS2_PLACEMENT_3D('',#4930,#3989,#3990);
#3310=AXIS2_PLACEMENT_3D('',#4932,#3992,#3993);
#3311=AXIS2_PLACEMENT_3D('',#4935,#3996,#3997);
#3312=AXIS2_PLACEMENT_3D('',#4937,#3999,#4000);
#3313=AXIS2_PLACEMENT_3D('',#4939,#4002,#4003);
#3314=AXIS2_PLACEMENT_3D('',#4942,#4006,#4007);
#3315=AXIS2_PLACEMENT_3D('',#4944,#4009,#4010);
#3316=AXIS2_PLACEMENT_3D('',#4946,#4012,#4013);
#3317=AXIS2_PLACEMENT_3D('',#4949,#4016,#4017);
#3318=AXIS2_PLACEMENT_3D('',#4951,#4019,#4020);
#3319=AXIS2_PLACEMENT_3D('',#4953,#4022,#4023);
#3320=AXIS2_PLACEMENT_3D('',#4955,#4025,#4026);
#3321=AXIS2_PLACEMENT_3D('',#4957,#4028,#4029);
#3322=AXIS2_PLACEMENT_3D('',#4960,#4032,#4033);
#3323=AXIS2_PLACEMENT_3D('',#4962,#4035,#4036);
#3324=AXIS2_PLACEMENT_3D('',#4964,#4038,#4039);
#3325=AXIS2_PLACEMENT_3D('',#4967,#4042,#4043);
#3326=AXIS2_PLACEMENT_3D('',#4969,#4045,#4046);
#3327=AXIS2_PLACEMENT_3D('',#4971,#4048,#4049);
#3328=AXIS2_PLACEMENT_3D('',#4974,#4052,#4053);
#3329=AXIS2_PLACEMENT_3D('',#4976,#4055,#4056);
#3330=AXIS2_PLACEMENT_3D('',#4978,#4058,#4059);
#3331=AXIS2_PLACEMENT_3D('',#4981,#4062,#4063);
#3332=AXIS2_PLACEMENT_3D('',#4983,#4065,#4066);
#3333=AXIS2_PLACEMENT_3D('',#4985,#4068,#4069);
#3334=AXIS2_PLACEMENT_3D('',#4988,#4072,#4073);
#3335=AXIS2_PLACEMENT_3D('',#4990,#4075,#4076);
#3336=AXIS2_PLACEMENT_3D('',#4992,#4078,#4079);
#3337=AXIS2_PLACEMENT_3D('',#4994,#4081,#4082);
#3338=AXIS2_PLACEMENT_3D('',#4996,#4084,#4085);
#3339=AXIS2_PLACEMENT_3D('',#4999,#4088,#4089);
#3340=AXIS2_PLACEMENT_3D('',#5001,#4091,#4092);
#3341=AXIS2_PLACEMENT_3D('',#5003,#4094,#4095);
#3342=AXIS2_PLACEMENT_3D('',#5006,#4098,#4099);
#3343=AXIS2_PLACEMENT_3D('',#5008,#4101,#4102);
#3344=AXIS2_PLACEMENT_3D('',#5010,#4104,#4105);
#3345=AXIS2_PLACEMENT_3D('',#5012,#4107,#4108);
#3346=AXIS2_PLACEMENT_3D('',#5014,#4110,#4111);
#3347=AXIS2_PLACEMENT_3D('',#5016,#4113,#4114);
#3348=AXIS2_PLACEMENT_3D('',#5018,#4116,#4117);
#3349=AXIS2_PLACEMENT_3D('',#5024,#4121,#4122);
#3350=AXIS2_PLACEMENT_3D('',#5027,#4125,#4126);
#3351=AXIS2_PLACEMENT_3D('',#5029,#4128,#4129);
#3352=AXIS2_PLACEMENT_3D('',#5031,#4131,#4132);
#3353=AXIS2_PLACEMENT_3D('',#5033,#4134,#4135);
#3354=AXIS2_PLACEMENT_3D('',#5035,#4137,#4138);
#3355=AXIS2_PLACEMENT_3D('',#5037,#4140,#4141);
#3356=AXIS2_PLACEMENT_3D('',#5039,#4143,#4144);
#3357=AXIS2_PLACEMENT_3D('',#5041,#4146,#4147);
#3358=AXIS2_PLACEMENT_3D('',#5043,#4149,#4150);
#3359=AXIS2_PLACEMENT_3D('',#5045,#4152,#4153);
#3360=AXIS2_PLACEMENT_3D('',#5047,#4155,#4156);
#3361=AXIS2_PLACEMENT_3D('',#5048,#4157,#4158);
#3362=AXIS2_PLACEMENT_3D('',#5050,#4160,#4161);
#3363=AXIS2_PLACEMENT_3D('',#5052,#4163,#4164);
#3364=DIRECTION('axis',(0.,0.,1.));
#3365=DIRECTION('refdir',(1.,0.,0.));
#3366=DIRECTION('center_axis',(0.,0.,-1.));
#3367=DIRECTION('ref_axis',(-1.,0.,0.));
#3368=DIRECTION('',(1.,0.,0.));
#3369=DIRECTION('',(-1.15675579319974E-16,-1.,0.));
#3370=DIRECTION('',(-1.,1.15675579319974E-16,0.));
#3371=DIRECTION('',(2.31351158639947E-16,1.,0.));
#3372=DIRECTION('center_axis',(0.,0.,-1.));
#3373=DIRECTION('ref_axis',(-1.,0.,0.));
#3374=DIRECTION('',(-1.,1.15675579319974E-16,0.));
#3375=DIRECTION('',(0.,1.,0.));
#3376=DIRECTION('',(1.,-2.31351158639947E-16,0.));
#3377=DIRECTION('',(-4.62702317279895E-16,-1.,0.));
#3378=DIRECTION('center_axis',(0.,0.,-1.));
#3379=DIRECTION('ref_axis',(-1.,0.,0.));
#3380=DIRECTION('',(0.999999698056098,0.000777102125061898,0.));
#3381=DIRECTION('',(0.707106781186541,-0.707106781186554,0.));
#3382=DIRECTION('',(0.,-1.,0.));
#3383=DIRECTION('',(-0.707106781186545,-0.707106781186549,0.));
#3384=DIRECTION('',(-1.,0.,0.));
#3385=DIRECTION('',(-0.707106781186553,-0.707106781186541,0.));
#3386=DIRECTION('',(0.,-1.,0.));
#3387=DIRECTION('',(-0.707681907741,-0.706531186470958,0.));
#3388=DIRECTION('',(-0.999999116554012,0.00132924459588068,0.));
#3389=DIRECTION('',(-0.70650774195767,0.707705313357102,0.));
#3390=DIRECTION('',(0.000509715308860786,0.999999870095144,0.));
#3391=DIRECTION('',(0.707106781186548,0.707106781186548,0.));
#3392=DIRECTION('',(-1.,0.,0.));
#3393=DIRECTION('',(0.,-1.,0.));
#3394=DIRECTION('',(-1.,2.31351158639947E-16,0.));
#3395=DIRECTION('',(0.,-1.,0.));
#3396=DIRECTION('',(1.,-4.62702317279894E-16,0.));
#3397=DIRECTION('',(0.,1.,0.));
#3398=DIRECTION('',(1.,-1.15675579319974E-16,0.));
#3399=DIRECTION('',(0.,-1.,0.));
#3400=DIRECTION('',(1.,0.,0.));
#3401=DIRECTION('',(0.,1.,0.));
#3402=DIRECTION('',(1.,-1.15675579319974E-16,0.));
#3403=DIRECTION('',(0.,-1.,0.));
#3404=DIRECTION('',(1.,-4.62702317279895E-16,0.));
#3405=DIRECTION('',(0.,1.,0.));
#3406=DIRECTION('',(-1.,1.15675579319974E-16,0.));
#3407=DIRECTION('',(4.62702317279895E-16,1.,0.));
#3408=DIRECTION('',(1.,-2.31351158639947E-16,0.));
#3409=DIRECTION('',(0.,1.,0.));
#3410=DIRECTION('',(-1.,2.31351158639947E-16,0.));
#3411=DIRECTION('',(0.,-1.,0.));
#3412=DIRECTION('',(-1.,0.,0.));
#3413=DIRECTION('',(0.,1.,0.));
#3414=DIRECTION('center_axis',(0.,-1.,0.));
#3415=DIRECTION('ref_axis',(1.,0.,0.));
#3416=DIRECTION('',(0.,0.,1.));
#3417=DIRECTION('',(0.,0.,-1.));
#3418=DIRECTION('',(1.,0.,0.));
#3419=DIRECTION('center_axis',(0.,0.,1.));
#3420=DIRECTION('ref_axis',(1.,0.,0.));
#3421=DIRECTION('',(2.31351158639947E-16,1.,0.));
#3422=DIRECTION('',(1.,-1.15675579319974E-16,0.));
#3423=DIRECTION('',(-2.31351158639947E-16,-1.,0.));
#3424=DIRECTION('',(-1.,0.,0.));
#3425=DIRECTION('center_axis',(1.15675579319974E-16,1.,0.));
#3426=DIRECTION('ref_axis',(-1.,1.15675579319974E-16,0.));
#3427=DIRECTION('',(0.,0.,1.));
#3428=DIRECTION('',(-1.,1.15675579319974E-16,0.));
#3429=DIRECTION('',(0.,0.,1.));
#3430=DIRECTION('center_axis',(0.,0.,1.));
#3431=DIRECTION('ref_axis',(1.,0.,0.));
#3432=DIRECTION('',(4.62702317279895E-16,1.,0.));
#3433=DIRECTION('',(1.,-2.31351158639947E-16,0.));
#3434=DIRECTION('',(-2.31351158639947E-16,-1.,0.));
#3435=DIRECTION('',(-1.,2.31351158639947E-16,0.));
#3436=DIRECTION('center_axis',(1.15675579319974E-16,1.,0.));
#3437=DIRECTION('ref_axis',(-1.,1.15675579319974E-16,0.));
#3438=DIRECTION('',(0.,0.,1.));
#3439=DIRECTION('',(-1.,1.15675579319974E-16,0.));
#3440=DIRECTION('',(0.,0.,1.));
#3441=DIRECTION('center_axis',(-1.,2.31351158639947E-16,0.));
#3442=DIRECTION('ref_axis',(-2.31351158639947E-16,-1.,0.));
#3443=DIRECTION('',(0.,0.,1.));
#3444=DIRECTION('',(-2.31351158639947E-16,-1.,0.));
#3445=DIRECTION('center_axis',(1.,-2.31351158639947E-16,0.));
#3446=DIRECTION('ref_axis',(2.31351158639947E-16,1.,0.));
#3447=DIRECTION('',(0.,0.,1.));
#3448=DIRECTION('',(2.31351158639947E-16,1.,0.));
#3449=DIRECTION('',(0.,0.,1.));
#3450=DIRECTION('center_axis',(-1.,4.62702317279895E-16,0.));
#3451=DIRECTION('ref_axis',(-4.62702317279895E-16,-1.,0.));
#3452=DIRECTION('',(0.,0.,1.));
#3453=DIRECTION('',(-4.62702317279895E-16,-1.,0.));
#3454=DIRECTION('',(0.,0.,1.));
#3455=DIRECTION('center_axis',(-2.31351158639947E-16,-1.,0.));
#3456=DIRECTION('ref_axis',(1.,-2.31351158639947E-16,0.));
#3457=DIRECTION('',(0.,0.,1.));
#3458=DIRECTION('',(1.,-2.31351158639947E-16,0.));
#3459=DIRECTION('center_axis',(-2.31351158639947E-16,-1.,0.));
#3460=DIRECTION('ref_axis',(1.,-2.31351158639947E-16,0.));
#3461=DIRECTION('',(0.,0.,1.));
#3462=DIRECTION('',(1.,-2.31351158639947E-16,0.));
#3463=DIRECTION('',(0.,0.,-1.));
#3464=DIRECTION('center_axis',(-1.,0.,0.));
#3465=DIRECTION('ref_axis',(0.,-1.,0.));
#3466=DIRECTION('',(0.,0.,1.));
#3467=DIRECTION('',(0.,-1.,0.));
#3468=DIRECTION('',(0.,0.,1.));
#3469=DIRECTION('center_axis',(2.31351158639947E-16,1.,0.));
#3470=DIRECTION('ref_axis',(-1.,2.31351158639947E-16,0.));
#3471=DIRECTION('',(0.,0.,1.));
#3472=DIRECTION('',(-1.,2.31351158639947E-16,0.));
#3473=DIRECTION('center_axis',(1.,0.,0.));
#3474=DIRECTION('ref_axis',(0.,1.,0.));
#3475=DIRECTION('',(0.,1.,0.));
#3476=DIRECTION('center_axis',(0.,0.,1.));
#3477=DIRECTION('ref_axis',(1.,0.,0.));
#3478=DIRECTION('center_axis',(-4.62702317279895E-16,-1.,0.));
#3479=DIRECTION('ref_axis',(1.,-4.62702317279895E-16,0.));
#3480=DIRECTION('',(0.,0.,1.));
#3481=DIRECTION('',(1.,-4.62702317279895E-16,0.));
#3482=DIRECTION('',(0.,0.,-1.));
#3483=DIRECTION('center_axis',(-1.,0.,0.));
#3484=DIRECTION('ref_axis',(0.,-1.,0.));
#3485=DIRECTION('',(0.,0.,1.));
#3486=DIRECTION('',(0.,-1.,0.));
#3487=DIRECTION('center_axis',(1.15675579319974E-16,1.,0.));
#3488=DIRECTION('ref_axis',(-1.,1.15675579319974E-16,0.));
#3489=DIRECTION('',(0.,0.,1.));
#3490=DIRECTION('',(-1.,1.15675579319974E-16,0.));
#3491=DIRECTION('',(0.,0.,1.));
#3492=DIRECTION('center_axis',(1.,0.,0.));
#3493=DIRECTION('ref_axis',(0.,1.,0.));
#3494=DIRECTION('',(0.,1.,0.));
#3495=DIRECTION('center_axis',(0.,0.,1.));
#3496=DIRECTION('ref_axis',(1.,0.,0.));
#3497=DIRECTION('center_axis',(-1.15675579319974E-16,-1.,0.));
#3498=DIRECTION('ref_axis',(1.,-1.15675579319974E-16,0.));
#3499=DIRECTION('',(0.,0.,1.));
#3500=DIRECTION('',(1.,-1.15675579319974E-16,0.));
#3501=DIRECTION('center_axis',(-1.,4.62702317279895E-16,0.));
#3502=DIRECTION('ref_axis',(-4.62702317279895E-16,-1.,0.));
#3503=DIRECTION('',(0.,0.,1.));
#3504=DIRECTION('',(-4.62702317279895E-16,-1.,0.));
#3505=DIRECTION('',(0.,0.,1.));
#3506=DIRECTION('center_axis',(0.,1.,0.));
#3507=DIRECTION('ref_axis',(-1.,0.,0.));
#3508=DIRECTION('',(-1.,0.,0.));
#3509=DIRECTION('',(0.,0.,1.));
#3510=DIRECTION('center_axis',(1.,-4.62702317279895E-16,0.));
#3511=DIRECTION('ref_axis',(4.62702317279895E-16,1.,0.));
#3512=DIRECTION('',(4.62702317279895E-16,1.,0.));
#3513=DIRECTION('center_axis',(0.,0.,1.));
#3514=DIRECTION('ref_axis',(1.,0.,0.));
#3515=DIRECTION('center_axis',(-2.31351158639947E-16,-1.,0.));
#3516=DIRECTION('ref_axis',(1.,-2.31351158639947E-16,0.));
#3517=DIRECTION('',(0.,0.,1.));
#3518=DIRECTION('',(0.,0.,1.));
#3519=DIRECTION('',(1.,-2.31351158639947E-16,0.));
#3520=DIRECTION('center_axis',(1.,0.,0.));
#3521=DIRECTION('ref_axis',(0.,1.,0.));
#3522=DIRECTION('',(0.,1.,0.));
#3523=DIRECTION('',(0.,0.,1.));
#3524=DIRECTION('center_axis',(0.,0.,1.));
#3525=DIRECTION('ref_axis',(1.,0.,0.));
#3526=DIRECTION('',(-1.,2.31351158639947E-16,0.));
#3527=DIRECTION('center_axis',(1.15675579319974E-16,1.,0.));
#3528=DIRECTION('ref_axis',(-1.,1.15675579319974E-16,0.));
#3529=DIRECTION('',(-1.,1.15675579319974E-16,0.));
#3530=DIRECTION('',(0.,0.,1.));
#3531=DIRECTION('',(0.,0.,1.));
#3532=DIRECTION('center_axis',(1.,0.,0.));
#3533=DIRECTION('ref_axis',(0.,1.,0.));
#3534=DIRECTION('',(0.,0.,-1.));
#3535=DIRECTION('',(0.,1.,0.));
#3536=DIRECTION('center_axis',(0.,0.,1.));
#3537=DIRECTION('ref_axis',(1.,0.,0.));
#3538=DIRECTION('',(1.,0.,0.));
#3539=DIRECTION('center_axis',(-1.,1.15675579319974E-16,0.));
#3540=DIRECTION('ref_axis',(-1.15675579319974E-16,-1.,0.));
#3541=DIRECTION('',(-1.15675579319974E-16,-1.,0.));
#3542=DIRECTION('center_axis',(1.,0.,0.));
#3543=DIRECTION('ref_axis',(0.,1.,0.));
#3544=DIRECTION('',(0.,1.,0.));
#3545=DIRECTION('center_axis',(0.,0.,1.));
#3546=DIRECTION('ref_axis',(1.,0.,0.));
#3547=DIRECTION('center_axis',(0.,-1.,0.));
#3548=DIRECTION('ref_axis',(1.,0.,0.));
#3549=DIRECTION('',(0.,0.,1.));
#3550=DIRECTION('',(1.,0.,0.));
#3551=DIRECTION('center_axis',(-1.,0.,0.));
#3552=DIRECTION('ref_axis',(0.,-1.,0.));
#3553=DIRECTION('',(0.,0.,1.));
#3554=DIRECTION('',(0.,-1.,0.));
#3555=DIRECTION('center_axis',(-1.15675579319974E-16,-1.,0.));
#3556=DIRECTION('ref_axis',(1.,-1.15675579319974E-16,0.));
#3557=DIRECTION('',(0.,0.,1.));
#3558=DIRECTION('',(1.,-1.15675579319974E-16,0.));
#3559=DIRECTION('center_axis',(-1.,0.,0.));
#3560=DIRECTION('ref_axis',(0.,-1.,0.));
#3561=DIRECTION('',(0.,0.,1.));
#3562=DIRECTION('',(0.,-1.,0.));
#3563=DIRECTION('',(0.,0.,1.));
#3564=DIRECTION('center_axis',(0.,1.,0.));
#3565=DIRECTION('ref_axis',(-1.,0.,0.));
#3566=DIRECTION('',(-1.,0.,0.));
#3567=DIRECTION('center_axis',(0.,0.,1.));
#3568=DIRECTION('ref_axis',(1.,0.,0.));
#3569=DIRECTION('center_axis',(-4.62702317279894E-16,-1.,0.));
#3570=DIRECTION('ref_axis',(1.,-4.62702317279894E-16,0.));
#3571=DIRECTION('',(0.,0.,1.));
#3572=DIRECTION('',(1.,-4.62702317279894E-16,0.));
#3573=DIRECTION('',(0.,0.,-1.));
#3574=DIRECTION('center_axis',(-1.,0.,0.));
#3575=DIRECTION('ref_axis',(0.,-1.,0.));
#3576=DIRECTION('',(0.,0.,1.));
#3577=DIRECTION('',(0.,-1.,0.));
#3578=DIRECTION('center_axis',(2.31351158639947E-16,1.,0.));
#3579=DIRECTION('ref_axis',(-1.,2.31351158639947E-16,0.));
#3580=DIRECTION('',(-1.,2.31351158639947E-16,0.));
#3581=DIRECTION('center_axis',(1.,0.,0.));
#3582=DIRECTION('ref_axis',(0.,1.,0.));
#3583=DIRECTION('',(0.,1.,0.));
#3584=DIRECTION('center_axis',(0.,0.,1.));
#3585=DIRECTION('ref_axis',(1.,0.,0.));
#3586=DIRECTION('center_axis',(1.,1.19248814002078E-8,9.35557957803574E-12));
#3587=DIRECTION('ref_axis',(9.35610083122892E-12,-4.37113943267162E-8,-0.999999999999999));
#3588=DIRECTION('',(9.35557957794905E-12,7.27024296641572E-15,-1.));
#3589=DIRECTION('',(-1.19248813997988E-8,0.999999999999999,-4.37114067164401E-8));
#3590=DIRECTION('',(-9.35557957794905E-12,-7.27024296641543E-15,1.));
#3591=DIRECTION('',(-1.19248813997988E-8,0.999999999999999,-4.37114067164401E-8));
#3592=DIRECTION('center_axis',(-1.19248813997988E-8,0.999999999999999,-4.37114067164401E-8));
#3593=DIRECTION('ref_axis',(0.999999999999989,1.19248879697287E-8,1.50302414349013E-7));
#3594=DIRECTION('center_axis',(-0.000777102125061929,0.999999698056098,
0.));
#3595=DIRECTION('ref_axis',(0.999999698056087,0.000777102125061921,1.50268401261713E-7));
#3596=DIRECTION('center_axis',(0.000777102125061898,-0.999999698056098,
0.));
#3597=DIRECTION('ref_axis',(0.999999698056087,0.000777102125061889,1.50268401261713E-7));
#3598=DIRECTION('',(-1.19248813997988E-8,0.999999999999999,-4.37114067164401E-8));
#3599=DIRECTION('center_axis',(-1.19248813997988E-8,0.999999999999999,-4.37114067164401E-8));
#3600=DIRECTION('ref_axis',(-0.999999999999817,-1.19248549686235E-8,6.04674504854204E-7));
#3601=DIRECTION('center_axis',(-0.000777102125061929,0.999999698056098,
0.));
#3602=DIRECTION('ref_axis',(-0.999999698055915,-0.000777102125061787,6.04708289987825E-7));
#3603=DIRECTION('',(1.19248847833357E-8,-0.999999999999999,4.37114067164401E-8));
#3604=DIRECTION('center_axis',(0.000777102125061898,-0.999999698056098,
0.));
#3605=DIRECTION('ref_axis',(-0.999999698055915,-0.000777102125061756,6.04708289987825E-7));
#3606=DIRECTION('',(-5.25625241254857E-9,1.,0.));
#3607=DIRECTION('center_axis',(1.50302414755945E-7,-4.37114049241012E-8,
-0.999999999999988));
#3608=DIRECTION('ref_axis',(-0.999999999999989,-1.19248879658699E-8,-1.50302414234692E-7));
#3609=DIRECTION('',(-0.999999698056087,-0.00077710212506192,-1.50268401147392E-7));
#3610=DIRECTION('',(0.999999698056087,0.000777102125061889,1.50268401147392E-7));
#3611=DIRECTION('',(-1.19248813997988E-8,0.999999999999999,-4.37114067164401E-8));
#3612=DIRECTION('center_axis',(-1.19248813997988E-8,0.999999999999999,-4.37114067164401E-8));
#3613=DIRECTION('ref_axis',(1.50302412004202E-7,-4.37114049241012E-8,-0.999999999999988));
#3614=DIRECTION('center_axis',(-0.000777102125061929,0.999999698056098,
0.));
#3615=DIRECTION('ref_axis',(-0.999999698056087,-0.000777102125061921,-1.50268398395649E-7));
#3616=DIRECTION('center_axis',(0.000777102125061898,-0.999999698056098,
0.));
#3617=DIRECTION('ref_axis',(-0.999999698056087,-0.000777102125061889,-1.50268398395649E-7));
#3618=DIRECTION('',(-1.19248813997988E-8,0.999999999999999,-4.37114067164401E-8));
#3619=DIRECTION('center_axis',(-1.,-1.19248813997833E-8,3.55269031577019E-13));
#3620=DIRECTION('ref_axis',(3.54747778207327E-13,4.37114091299498E-8,0.999999999999999));
#3621=DIRECTION('',(3.55269031573727E-13,2.76080402765431E-16,1.));
#3622=DIRECTION('',(-3.55269031573727E-13,-2.7608040276542E-16,-1.));
#3623=DIRECTION('center_axis',(-1.19248813997988E-8,0.999999999999999,-4.37114067164401E-8));
#3624=DIRECTION('ref_axis',(6.04674504483799E-7,4.37114139271039E-8,0.999999999999816));
#3625=DIRECTION('center_axis',(-0.000777102125061929,0.999999698056098,
0.));
#3626=DIRECTION('ref_axis',(0.999999698055915,0.000777102125061787,-6.04708290138673E-7));
#3627=DIRECTION('',(1.85935591410858E-8,-1.,0.));
#3628=DIRECTION('center_axis',(0.000777102125061898,-0.999999698056098,
0.));
#3629=DIRECTION('ref_axis',(0.999999698055915,0.000777102125061756,-6.04708290138673E-7));
#3630=DIRECTION('center_axis',(0.000777102125061929,-0.999999698056098,
0.));
#3631=DIRECTION('ref_axis',(0.999999698056098,0.000777102125061929,0.));
#3632=DIRECTION('',(-0.999999698056098,-0.000777102125061929,0.));
#3633=DIRECTION('',(0.,0.,1.));
#3634=DIRECTION('',(0.999999698056098,0.000777102125061929,0.));
#3635=DIRECTION('',(0.,0.,-1.));
#3636=DIRECTION('',(-0.999999698056098,-0.000777102125061929,0.));
#3637=DIRECTION('',(0.,0.,1.));
#3638=DIRECTION('',(0.999999698056098,0.000777102125061929,0.));
#3639=DIRECTION('',(0.,0.,-1.));
#3640=DIRECTION('',(-0.999999698056098,-0.000777102125061929,0.));
#3641=DIRECTION('',(0.,0.,1.));
#3642=DIRECTION('',(0.999999698056098,0.000777102125061929,0.));
#3643=DIRECTION('',(0.,0.,-1.));
#3644=DIRECTION('',(-0.999999698056098,-0.000777102125061929,0.));
#3645=DIRECTION('',(0.,0.,1.));
#3646=DIRECTION('',(0.999999698056098,0.000777102125061929,0.));
#3647=DIRECTION('',(0.,0.,-1.));
#3648=DIRECTION('',(-0.999999698056098,-0.000777102125061929,0.));
#3649=DIRECTION('',(0.,0.,1.));
#3650=DIRECTION('',(0.999999698056098,0.000777102125061929,0.));
#3651=DIRECTION('',(0.,0.,-1.));
#3652=DIRECTION('',(-0.999999698056098,-0.000777102125061929,0.));
#3653=DIRECTION('',(0.,0.,1.));
#3654=DIRECTION('',(0.999999698056098,0.000777102125061929,0.));
#3655=DIRECTION('',(0.,0.,-1.));
#3656=DIRECTION('',(-0.999999698056098,-0.000777102125061929,0.));
#3657=DIRECTION('',(0.,0.,-1.));
#3658=DIRECTION('',(-0.999999698056098,-0.000777102125061929,0.));
#3659=DIRECTION('',(0.,0.,1.));
#3660=DIRECTION('',(-0.999999698056098,-0.000777102125061929,0.));
#3661=DIRECTION('center_axis',(0.,0.,1.));
#3662=DIRECTION('ref_axis',(1.,0.,0.));
#3663=DIRECTION('',(-0.707106781186541,0.707106781186554,0.));
#3664=DIRECTION('',(0.,1.,0.));
#3665=DIRECTION('',(0.707106781186551,-0.707106781186544,0.));
#3666=DIRECTION('',(0.,-1.,0.));
#3667=DIRECTION('',(-0.707106781186554,-0.707106781186541,0.));
#3668=DIRECTION('',(0.,1.,0.));
#3669=DIRECTION('',(0.707106781186546,0.707106781186549,0.));
#3670=DIRECTION('',(1.,0.,0.));
#3671=DIRECTION('',(0.707106781186551,0.707106781186545,0.));
#3672=DIRECTION('',(0.,1.,0.));
#3673=DIRECTION('',(0.707106781186551,-0.707106781186544,0.));
#3674=DIRECTION('',(0.,-1.,0.));
#3675=DIRECTION('',(-0.707106781186554,-0.707106781186541,0.));
#3676=DIRECTION('',(0.,1.,0.));
#3677=DIRECTION('',(0.707106781186551,-0.707106781186544,0.));
#3678=DIRECTION('',(0.,-1.,0.));
#3679=DIRECTION('',(-0.707106781186554,-0.707106781186541,0.));
#3680=DIRECTION('',(0.,1.,0.));
#3681=DIRECTION('',(0.707681907740999,0.706531186470958,0.));
#3682=DIRECTION('',(0.999999116554012,-0.00132924459588072,0.));
#3683=DIRECTION('',(-0.707106781186551,-0.707106781186544,0.));
#3684=DIRECTION('',(-0.999999116554012,0.00132924459588057,0.));
#3685=DIRECTION('',(-0.705224448350579,0.708984116499531,0.));
#3686=DIRECTION('',(0.999999116554012,-0.00132924459588072,0.));
#3687=DIRECTION('',(-0.707106781186551,-0.707106781186544,0.));
#3688=DIRECTION('',(-0.999999116554012,0.00132924459588057,0.));
#3689=DIRECTION('',(-0.705224448350579,0.708984116499531,0.));
#3690=DIRECTION('',(0.999999116554012,-0.00132924459588072,0.));
#3691=DIRECTION('',(-0.707106781186551,-0.707106781186544,0.));
#3692=DIRECTION('',(-0.999999116554012,0.00132924459588057,0.));
#3693=DIRECTION('',(-0.705224448350579,0.708984116499531,0.));
#3694=DIRECTION('',(0.999999116554012,-0.00132924459588072,0.));
#3695=DIRECTION('',(-0.707106781186551,-0.707106781186544,0.));
#3696=DIRECTION('',(-0.999999116554012,0.00132924459588057,0.));
#3697=DIRECTION('',(-0.705224448350579,0.708984116499531,0.));
#3698=DIRECTION('',(0.999999116554012,-0.00132924459588072,0.));
#3699=DIRECTION('',(-0.707106781186551,-0.707106781186544,0.));
#3700=DIRECTION('',(-0.999999116554012,0.00132924459588057,0.));
#3701=DIRECTION('',(-0.705224448350579,0.708984116499531,0.));
#3702=DIRECTION('',(0.999999116554012,-0.00132924459588072,0.));
#3703=DIRECTION('',(0.706507741957671,-0.707705313357102,0.));
#3704=DIRECTION('',(-0.000509715308860758,-0.999999870095144,0.));
#3705=DIRECTION('',(-0.707106781186551,0.707106781186544,0.));
#3706=DIRECTION('',(0.000509715308860237,0.999999870095144,0.));
#3707=DIRECTION('',(0.696062128231137,0.717981555224325,0.));
#3708=DIRECTION('',(-0.000509715308860758,-0.999999870095144,0.));
#3709=DIRECTION('',(-0.707106781186551,0.707106781186544,0.));
#3710=DIRECTION('',(0.000509715308860237,0.999999870095144,0.));
#3711=DIRECTION('',(0.696062128231137,0.717981555224325,0.));
#3712=DIRECTION('',(-0.000509715308860758,-0.999999870095144,0.));
#3713=DIRECTION('',(-0.707106781186551,0.707106781186544,0.));
#3714=DIRECTION('',(0.000509715308860237,0.999999870095144,0.));
#3715=DIRECTION('',(0.696062128231137,0.717981555224325,0.));
#3716=DIRECTION('',(-0.000509715308860758,-0.999999870095144,0.));
#3717=DIRECTION('',(-0.707106781186547,-0.707106781186548,0.));
#3718=DIRECTION('',(0.707106781186551,0.707106781186544,0.));
#3719=DIRECTION('',(0.999999698056098,0.000777102125061991,0.));
#3720=DIRECTION('',(0.708204915193136,-0.706006939127572,0.));
#3721=DIRECTION('',(0.707106781186551,0.707106781186544,0.));
#3722=DIRECTION('',(0.999999698056098,0.000777102125061991,0.));
#3723=DIRECTION('',(0.708204915193136,-0.706006939127572,0.));
#3724=DIRECTION('',(0.707106781186551,0.707106781186544,0.));
#3725=DIRECTION('',(0.999999698056098,0.000777102125061991,0.));
#3726=DIRECTION('',(0.708204915193136,-0.706006939127572,0.));
#3727=DIRECTION('',(0.707106781186551,0.707106781186544,0.));
#3728=DIRECTION('',(0.999999698056098,0.000777102125061991,0.));
#3729=DIRECTION('',(0.708204915193136,-0.706006939127572,0.));
#3730=DIRECTION('',(0.707106781186551,0.707106781186544,0.));
#3731=DIRECTION('',(0.999999698056098,0.000777102125061991,0.));
#3732=DIRECTION('',(0.708204915193136,-0.706006939127572,0.));
#3733=DIRECTION('',(0.707106781186551,0.707106781186544,0.));
#3734=DIRECTION('',(0.999999698056098,0.000777102125061991,0.));
#3735=DIRECTION('',(0.708204915193136,-0.706006939127572,0.));
#3736=DIRECTION('',(-0.999999698056098,-0.000777102125061898,0.));
#3737=DIRECTION('',(-0.707106781186547,-0.707106781186547,0.));
#3738=DIRECTION('',(-0.000509715308860786,-0.999999870095144,0.));
#3739=DIRECTION('',(0.70650774195767,-0.707705313357102,0.));
#3740=DIRECTION('',(0.999999116554012,-0.00132924459588068,0.));
#3741=DIRECTION('',(0.707681907741,0.706531186470958,0.));
#3742=DIRECTION('',(0.,1.,0.));
#3743=DIRECTION('',(0.707106781186553,0.707106781186542,0.));
#3744=DIRECTION('',(1.,0.,0.));
#3745=DIRECTION('',(0.707106781186545,0.707106781186549,0.));
#3746=DIRECTION('',(0.,1.,0.));
#3747=DIRECTION('',(-0.707106781186541,0.707106781186554,0.));
#3748=DIRECTION('',(-0.999999698056098,-0.000777102125061898,0.));
#3749=DIRECTION('center_axis',(0.,0.,-1.));
#3750=DIRECTION('ref_axis',(-1.,0.,0.));
#3751=DIRECTION('center_axis',(0.,0.,-1.));
#3752=DIRECTION('ref_axis',(-1.,0.,0.));
#3753=DIRECTION('center_axis',(0.,0.,-1.));
#3754=DIRECTION('ref_axis',(-1.,0.,0.));
#3755=DIRECTION('center_axis',(0.,0.,-1.));
#3756=DIRECTION('ref_axis',(-1.,0.,0.));
#3757=DIRECTION('center_axis',(0.,0.,-1.));
#3758=DIRECTION('ref_axis',(-1.,0.,0.));
#3759=DIRECTION('center_axis',(0.,0.,-1.));
#3760=DIRECTION('ref_axis',(-1.,0.,0.));
#3761=DIRECTION('center_axis',(0.,0.,-1.));
#3762=DIRECTION('ref_axis',(-1.,0.,0.));
#3763=DIRECTION('center_axis',(0.,0.,-1.));
#3764=DIRECTION('ref_axis',(-1.,0.,0.));
#3765=DIRECTION('center_axis',(0.,0.,-1.));
#3766=DIRECTION('ref_axis',(-1.,0.,0.));
#3767=DIRECTION('center_axis',(0.,0.,1.));
#3768=DIRECTION('ref_axis',(-1.,0.,0.));
#3769=DIRECTION('center_axis',(0.,0.,-1.));
#3770=DIRECTION('ref_axis',(-1.,0.,0.));
#3771=DIRECTION('center_axis',(0.,0.,1.));
#3772=DIRECTION('ref_axis',(-1.,0.,0.));
#3773=DIRECTION('',(0.,0.,1.));
#3774=DIRECTION('center_axis',(0.,0.,1.));
#3775=DIRECTION('ref_axis',(-1.,0.,0.));
#3776=DIRECTION('center_axis',(0.,0.,-1.));
#3777=DIRECTION('ref_axis',(-1.,0.,0.));
#3778=DIRECTION('center_axis',(0.,0.,1.));
#3779=DIRECTION('ref_axis',(-1.,0.,0.));
#3780=DIRECTION('',(0.,0.,1.));
#3781=DIRECTION('center_axis',(0.,0.,1.));
#3782=DIRECTION('ref_axis',(-1.,0.,0.));
#3783=DIRECTION('center_axis',(0.,0.,-1.));
#3784=DIRECTION('ref_axis',(-1.,0.,0.));
#3785=DIRECTION('center_axis',(0.,0.,1.));
#3786=DIRECTION('ref_axis',(-1.,0.,0.));
#3787=DIRECTION('',(0.,0.,1.));
#3788=DIRECTION('center_axis',(0.,0.,1.));
#3789=DIRECTION('ref_axis',(-1.,0.,0.));
#3790=DIRECTION('center_axis',(0.,0.,-1.));
#3791=DIRECTION('ref_axis',(-1.,0.,0.));
#3792=DIRECTION('center_axis',(0.,0.,1.));
#3793=DIRECTION('ref_axis',(-1.,0.,0.));
#3794=DIRECTION('',(0.,0.,1.));
#3795=DIRECTION('center_axis',(0.,0.,1.));
#3796=DIRECTION('ref_axis',(-1.,0.,0.));
#3797=DIRECTION('center_axis',(0.,0.,-1.));
#3798=DIRECTION('ref_axis',(-1.,0.,0.));
#3799=DIRECTION('center_axis',(0.,0.,1.));
#3800=DIRECTION('ref_axis',(-1.,0.,0.));
#3801=DIRECTION('',(0.,0.,1.));
#3802=DIRECTION('center_axis',(0.,0.,1.));
#3803=DIRECTION('ref_axis',(-1.,0.,0.));
#3804=DIRECTION('center_axis',(0.,0.,-1.));
#3805=DIRECTION('ref_axis',(-1.,0.,0.));
#3806=DIRECTION('center_axis',(0.,0.,1.));
#3807=DIRECTION('ref_axis',(-1.,0.,0.));
#3808=DIRECTION('',(0.,0.,1.));
#3809=DIRECTION('center_axis',(0.,0.,1.));
#3810=DIRECTION('ref_axis',(-1.,0.,0.));
#3811=DIRECTION('center_axis',(0.,0.,-1.));
#3812=DIRECTION('ref_axis',(-1.,0.,0.));
#3813=DIRECTION('center_axis',(0.,0.,1.));
#3814=DIRECTION('ref_axis',(-1.,0.,0.));
#3815=DIRECTION('',(0.,0.,1.));
#3816=DIRECTION('center_axis',(0.,0.,1.));
#3817=DIRECTION('ref_axis',(-1.,0.,0.));
#3818=DIRECTION('center_axis',(0.,0.,-1.));
#3819=DIRECTION('ref_axis',(-1.,0.,0.));
#3820=DIRECTION('center_axis',(0.,0.,1.));
#3821=DIRECTION('ref_axis',(-1.,0.,0.));
#3822=DIRECTION('',(0.,0.,1.));
#3823=DIRECTION('center_axis',(0.,0.,1.));
#3824=DIRECTION('ref_axis',(-1.,0.,0.));
#3825=DIRECTION('center_axis',(0.,0.,-1.));
#3826=DIRECTION('ref_axis',(-1.,0.,0.));
#3827=DIRECTION('center_axis',(0.,0.,1.));
#3828=DIRECTION('ref_axis',(-1.,0.,0.));
#3829=DIRECTION('',(0.,0.,1.));
#3830=DIRECTION('center_axis',(1.,0.,0.));
#3831=DIRECTION('ref_axis',(0.,1.,0.));
#3832=DIRECTION('',(0.,0.,1.));
#3833=DIRECTION('',(0.,1.,0.));
#3834=DIRECTION('',(0.,0.,1.));
#3835=DIRECTION('center_axis',(0.,0.,1.));
#3836=DIRECTION('ref_axis',(1.,0.,0.));
#3837=DIRECTION('',(-0.707106781186547,-0.707106781186548,0.));
#3838=DIRECTION('',(-0.000509715308860758,-0.999999870095144,0.));
#3839=DIRECTION('',(0.706507741957671,-0.707705313357102,0.));
#3840=DIRECTION('',(0.999999116554012,-0.00132924459588072,0.));
#3841=DIRECTION('',(0.707681907740999,0.706531186470958,0.));
#3842=DIRECTION('',(0.,1.,0.));
#3843=DIRECTION('',(0.707106781186551,0.707106781186545,0.));
#3844=DIRECTION('',(1.,0.,0.));
#3845=DIRECTION('',(0.707106781186546,0.707106781186549,0.));
#3846=DIRECTION('',(0.,1.,0.));
#3847=DIRECTION('',(-0.707106781186541,0.707106781186554,0.));
#3848=DIRECTION('center_axis',(0.,0.,1.));
#3849=DIRECTION('ref_axis',(-1.,0.,0.));
#3850=DIRECTION('',(-0.708204915193136,0.706006939127572,0.));
#3851=DIRECTION('',(-0.999999698056098,-0.000777102125061991,0.));
#3852=DIRECTION('',(-0.707106781186551,-0.707106781186544,0.));
#3853=DIRECTION('center_axis',(0.,0.,1.));
#3854=DIRECTION('ref_axis',(-1.,0.,0.));
#3855=DIRECTION('',(-0.708204915193136,0.706006939127572,0.));
#3856=DIRECTION('',(-0.999999698056098,-0.000777102125061991,0.));
#3857=DIRECTION('',(-0.707106781186551,-0.707106781186544,0.));
#3858=DIRECTION('center_axis',(0.,0.,1.));
#3859=DIRECTION('ref_axis',(-1.,0.,0.));
#3860=DIRECTION('',(-0.708204915193136,0.706006939127572,0.));
#3861=DIRECTION('',(-0.999999698056098,-0.000777102125061991,0.));
#3862=DIRECTION('',(-0.707106781186551,-0.707106781186544,0.));
#3863=DIRECTION('center_axis',(0.,0.,1.));
#3864=DIRECTION('ref_axis',(-1.,0.,0.));
#3865=DIRECTION('',(-0.708204915193136,0.706006939127572,0.));
#3866=DIRECTION('',(-0.999999698056098,-0.000777102125061991,0.));
#3867=DIRECTION('',(-0.707106781186551,-0.707106781186544,0.));
#3868=DIRECTION('center_axis',(0.,0.,1.));
#3869=DIRECTION('ref_axis',(-1.,0.,0.));
#3870=DIRECTION('',(-0.708204915193136,0.706006939127572,0.));
#3871=DIRECTION('',(-0.999999698056098,-0.000777102125061991,0.));
#3872=DIRECTION('',(-0.707106781186551,-0.707106781186544,0.));
#3873=DIRECTION('center_axis',(0.,0.,1.));
#3874=DIRECTION('ref_axis',(-1.,0.,0.));
#3875=DIRECTION('',(-0.708204915193136,0.706006939127572,0.));
#3876=DIRECTION('',(-0.999999698056098,-0.000777102125061991,0.));
#3877=DIRECTION('',(-0.707106781186551,-0.707106781186544,0.));
#3878=DIRECTION('center_axis',(0.,0.,1.));
#3879=DIRECTION('ref_axis',(-1.,0.,0.));
#3880=DIRECTION('',(0.000509715308860758,0.999999870095144,0.));
#3881=DIRECTION('',(-0.696062128231137,-0.717981555224325,0.));
#3882=DIRECTION('',(-0.000509715308860237,-0.999999870095144,0.));
#3883=DIRECTION('',(0.707106781186551,-0.707106781186544,0.));
#3884=DIRECTION('center_axis',(0.,0.,1.));
#3885=DIRECTION('ref_axis',(-1.,0.,0.));
#3886=DIRECTION('',(0.000509715308860758,0.999999870095144,0.));
#3887=DIRECTION('',(-0.696062128231137,-0.717981555224325,0.));
#3888=DIRECTION('',(-0.000509715308860237,-0.999999870095144,0.));
#3889=DIRECTION('',(0.707106781186551,-0.707106781186544,0.));
#3890=DIRECTION('center_axis',(0.,0.,1.));
#3891=DIRECTION('ref_axis',(-1.,0.,0.));
#3892=DIRECTION('',(0.000509715308860758,0.999999870095144,0.));
#3893=DIRECTION('',(-0.696062128231137,-0.717981555224325,0.));
#3894=DIRECTION('',(-0.000509715308860237,-0.999999870095144,0.));
#3895=DIRECTION('',(0.707106781186551,-0.707106781186544,0.));
#3896=DIRECTION('center_axis',(0.,0.,1.));
#3897=DIRECTION('ref_axis',(-1.,0.,0.));
#3898=DIRECTION('',(-0.999999116554012,0.00132924459588072,0.));
#3899=DIRECTION('',(0.705224448350579,-0.708984116499531,0.));
#3900=DIRECTION('',(0.999999116554012,-0.00132924459588057,0.));
#3901=DIRECTION('',(0.707106781186551,0.707106781186544,0.));
#3902=DIRECTION('center_axis',(0.,0.,1.));
#3903=DIRECTION('ref_axis',(-1.,0.,0.));
#3904=DIRECTION('',(-0.999999116554012,0.00132924459588072,0.));
#3905=DIRECTION('',(0.705224448350579,-0.708984116499531,0.));
#3906=DIRECTION('',(0.999999116554012,-0.00132924459588057,0.));
#3907=DIRECTION('',(0.707106781186551,0.707106781186544,0.));
#3908=DIRECTION('center_axis',(0.,0.,1.));
#3909=DIRECTION('ref_axis',(-1.,0.,0.));
#3910=DIRECTION('',(-0.999999116554012,0.00132924459588072,0.));
#3911=DIRECTION('',(0.705224448350579,-0.708984116499531,0.));
#3912=DIRECTION('',(0.999999116554012,-0.00132924459588057,0.));
#3913=DIRECTION('',(0.707106781186551,0.707106781186544,0.));
#3914=DIRECTION('center_axis',(0.,0.,1.));
#3915=DIRECTION('ref_axis',(-1.,0.,0.));
#3916=DIRECTION('',(-0.999999116554012,0.00132924459588072,0.));
#3917=DIRECTION('',(0.705224448350579,-0.708984116499531,0.));
#3918=DIRECTION('',(0.999999116554012,-0.00132924459588057,0.));
#3919=DIRECTION('',(0.707106781186551,0.707106781186544,0.));
#3920=DIRECTION('center_axis',(0.,0.,1.));
#3921=DIRECTION('ref_axis',(-1.,0.,0.));
#3922=DIRECTION('',(-0.999999116554012,0.00132924459588072,0.));
#3923=DIRECTION('',(0.705224448350579,-0.708984116499531,0.));
#3924=DIRECTION('',(0.999999116554012,-0.00132924459588057,0.));
#3925=DIRECTION('',(0.707106781186551,0.707106781186544,0.));
#3926=DIRECTION('center_axis',(0.,0.,1.));
#3927=DIRECTION('ref_axis',(-1.,0.,0.));
#3928=DIRECTION('',(0.,-1.,0.));
#3929=DIRECTION('',(0.707106781186554,0.707106781186541,0.));
#3930=DIRECTION('',(0.,1.,0.));
#3931=DIRECTION('',(-0.707106781186551,0.707106781186544,0.));
#3932=DIRECTION('center_axis',(0.,0.,1.));
#3933=DIRECTION('ref_axis',(-1.,0.,0.));
#3934=DIRECTION('',(0.,-1.,0.));
#3935=DIRECTION('',(0.707106781186554,0.707106781186541,0.));
#3936=DIRECTION('',(0.,1.,0.));
#3937=DIRECTION('',(-0.707106781186551,0.707106781186544,0.));
#3938=DIRECTION('center_axis',(-0.707106781186554,-0.707106781186541,0.));
#3939=DIRECTION('ref_axis',(0.707106781186541,-0.707106781186554,0.));
#3940=DIRECTION('',(0.,0.,1.));
#3941=DIRECTION('center_axis',(0.706006939127572,0.708204915193136,0.));
#3942=DIRECTION('ref_axis',(-0.708204915193136,0.706006939127572,0.));
#3943=DIRECTION('',(0.,0.,1.));
#3944=DIRECTION('center_axis',(-0.000777102125061991,0.999999698056098,
0.));
#3945=DIRECTION('ref_axis',(-0.999999698056098,-0.000777102125061991,0.));
#3946=DIRECTION('',(0.,0.,1.));
#3947=DIRECTION('center_axis',(-0.707106781186544,0.707106781186551,0.));
#3948=DIRECTION('ref_axis',(-0.707106781186551,-0.707106781186544,0.));
#3949=DIRECTION('center_axis',(0.706006939127572,0.708204915193136,0.));
#3950=DIRECTION('ref_axis',(-0.708204915193136,0.706006939127572,0.));
#3951=DIRECTION('',(0.,0.,1.));
#3952=DIRECTION('center_axis',(-0.000777102125061991,0.999999698056098,
0.));
#3953=DIRECTION('ref_axis',(-0.999999698056098,-0.000777102125061991,0.));
#3954=DIRECTION('',(0.,0.,1.));
#3955=DIRECTION('center_axis',(-0.707106781186544,0.707106781186551,0.));
#3956=DIRECTION('ref_axis',(-0.707106781186551,-0.707106781186544,0.));
#3957=DIRECTION('center_axis',(0.706006939127572,0.708204915193136,0.));
#3958=DIRECTION('ref_axis',(-0.708204915193136,0.706006939127572,0.));
#3959=DIRECTION('',(0.,0.,1.));
#3960=DIRECTION('center_axis',(-0.000777102125061991,0.999999698056098,
0.));
#3961=DIRECTION('ref_axis',(-0.999999698056098,-0.000777102125061991,0.));
#3962=DIRECTION('',(0.,0.,1.));
#3963=DIRECTION('center_axis',(-0.707106781186544,0.707106781186551,0.));
#3964=DIRECTION('ref_axis',(-0.707106781186551,-0.707106781186544,0.));
#3965=DIRECTION('center_axis',(0.706006939127572,0.708204915193136,0.));
#3966=DIRECTION('ref_axis',(-0.708204915193136,0.706006939127572,0.));
#3967=DIRECTION('',(0.,0.,1.));
#3968=DIRECTION('center_axis',(-0.000777102125061991,0.999999698056098,
0.));
#3969=DIRECTION('ref_axis',(-0.999999698056098,-0.000777102125061991,0.));
#3970=DIRECTION('',(0.,0.,1.));
#3971=DIRECTION('center_axis',(-0.707106781186544,0.707106781186551,0.));
#3972=DIRECTION('ref_axis',(-0.707106781186551,-0.707106781186544,0.));
#3973=DIRECTION('center_axis',(0.706006939127572,0.708204915193136,0.));
#3974=DIRECTION('ref_axis',(-0.708204915193136,0.706006939127572,0.));
#3975=DIRECTION('',(0.,0.,-1.));
#3976=DIRECTION('center_axis',(-0.000777102125061991,0.999999698056098,
0.));
#3977=DIRECTION('ref_axis',(-0.999999698056098,-0.000777102125061991,0.));
#3978=DIRECTION('',(0.,0.,-1.));
#3979=DIRECTION('center_axis',(-0.707106781186544,0.707106781186551,0.));
#3980=DIRECTION('ref_axis',(-0.707106781186551,-0.707106781186544,0.));
#3981=DIRECTION('center_axis',(0.706006939127572,0.708204915193136,0.));
#3982=DIRECTION('ref_axis',(-0.708204915193136,0.706006939127572,0.));
#3983=DIRECTION('',(0.,0.,1.));
#3984=DIRECTION('center_axis',(-0.000777102125061991,0.999999698056098,
0.));
#3985=DIRECTION('ref_axis',(-0.999999698056098,-0.000777102125061991,0.));
#3986=DIRECTION('',(0.,0.,1.));
#3987=DIRECTION('center_axis',(-0.707106781186544,0.707106781186551,0.));
#3988=DIRECTION('ref_axis',(-0.707106781186551,-0.707106781186544,0.));
#3989=DIRECTION('center_axis',(0.707106781186548,-0.707106781186547,0.));
#3990=DIRECTION('ref_axis',(0.707106781186547,0.707106781186548,0.));
#3991=DIRECTION('',(0.,0.,1.));
#3992=DIRECTION('center_axis',(-0.717981555224325,0.696062128231137,0.));
#3993=DIRECTION('ref_axis',(-0.696062128231137,-0.717981555224325,0.));
#3994=DIRECTION('',(0.,0.,1.));
#3995=DIRECTION('',(0.,0.,1.));
#3996=DIRECTION('center_axis',(-0.999999870095144,0.000509715308860237,
0.));
#3997=DIRECTION('ref_axis',(-0.000509715308860237,-0.999999870095144,0.));
#3998=DIRECTION('',(0.,0.,1.));
#3999=DIRECTION('center_axis',(-0.707106781186544,-0.707106781186551,0.));
#4000=DIRECTION('ref_axis',(0.707106781186551,-0.707106781186544,0.));
#4001=DIRECTION('',(0.,0.,-1.));
#4002=DIRECTION('center_axis',(-0.717981555224325,0.696062128231137,0.));
#4003=DIRECTION('ref_axis',(-0.696062128231137,-0.717981555224325,0.));
#4004=DIRECTION('',(0.,0.,-1.));
#4005=DIRECTION('',(0.,0.,1.));
#4006=DIRECTION('center_axis',(-0.999999870095144,0.000509715308860237,
0.));
#4007=DIRECTION('ref_axis',(-0.000509715308860237,-0.999999870095144,0.));
#4008=DIRECTION('',(0.,0.,-1.));
#4009=DIRECTION('center_axis',(-0.707106781186544,-0.707106781186551,0.));
#4010=DIRECTION('ref_axis',(0.707106781186551,-0.707106781186544,0.));
#4011=DIRECTION('',(0.,0.,-1.));
#4012=DIRECTION('center_axis',(-0.717981555224325,0.696062128231137,0.));
#4013=DIRECTION('ref_axis',(-0.696062128231137,-0.717981555224325,0.));
#4014=DIRECTION('',(0.,0.,-1.));
#4015=DIRECTION('',(0.,0.,1.));
#4016=DIRECTION('center_axis',(-0.999999870095144,0.000509715308860237,
0.));
#4017=DIRECTION('ref_axis',(-0.000509715308860237,-0.999999870095144,0.));
#4018=DIRECTION('',(0.,0.,-1.));
#4019=DIRECTION('center_axis',(-0.707106781186544,-0.707106781186551,0.));
#4020=DIRECTION('ref_axis',(0.707106781186551,-0.707106781186544,0.));
#4021=DIRECTION('',(0.,0.,-1.));
#4022=DIRECTION('center_axis',(0.999999870095144,-0.000509715308860758,
0.));
#4023=DIRECTION('ref_axis',(0.000509715308860758,0.999999870095144,0.));
#4024=DIRECTION('',(0.,0.,1.));
#4025=DIRECTION('center_axis',(0.707705313357102,0.706507741957671,0.));
#4026=DIRECTION('ref_axis',(-0.706507741957671,0.707705313357102,0.));
#4027=DIRECTION('',(0.,0.,1.));
#4028=DIRECTION('center_axis',(-0.708984116499531,-0.705224448350579,0.));
#4029=DIRECTION('ref_axis',(0.705224448350579,-0.708984116499531,0.));
#4030=DIRECTION('',(0.,0.,-1.));
#4031=DIRECTION('',(0.,0.,1.));
#4032=DIRECTION('center_axis',(-0.00132924459588057,-0.999999116554012,
0.));
#4033=DIRECTION('ref_axis',(0.999999116554012,-0.00132924459588057,0.));
#4034=DIRECTION('',(0.,0.,-1.));
#4035=DIRECTION('center_axis',(0.707106781186544,-0.707106781186551,0.));
#4036=DIRECTION('ref_axis',(0.707106781186551,0.707106781186544,0.));
#4037=DIRECTION('',(0.,0.,-1.));
#4038=DIRECTION('center_axis',(-0.708984116499531,-0.705224448350579,0.));
#4039=DIRECTION('ref_axis',(0.705224448350579,-0.708984116499531,0.));
#4040=DIRECTION('',(0.,0.,-1.));
#4041=DIRECTION('',(0.,0.,1.));
#4042=DIRECTION('center_axis',(-0.00132924459588057,-0.999999116554012,
0.));
#4043=DIRECTION('ref_axis',(0.999999116554012,-0.00132924459588057,0.));
#4044=DIRECTION('',(0.,0.,-1.));
#4045=DIRECTION('center_axis',(0.707106781186544,-0.707106781186551,0.));
#4046=DIRECTION('ref_axis',(0.707106781186551,0.707106781186544,0.));
#4047=DIRECTION('',(0.,0.,-1.));
#4048=DIRECTION('center_axis',(-0.708984116499531,-0.705224448350579,0.));
#4049=DIRECTION('ref_axis',(0.705224448350579,-0.708984116499531,0.));
#4050=DIRECTION('',(0.,0.,-1.));
#4051=DIRECTION('',(0.,0.,1.));
#4052=DIRECTION('center_axis',(-0.00132924459588057,-0.999999116554012,
0.));
#4053=DIRECTION('ref_axis',(0.999999116554012,-0.00132924459588057,0.));
#4054=DIRECTION('',(0.,0.,-1.));
#4055=DIRECTION('center_axis',(0.707106781186544,-0.707106781186551,0.));
#4056=DIRECTION('ref_axis',(0.707106781186551,0.707106781186544,0.));
#4057=DIRECTION('',(0.,0.,-1.));
#4058=DIRECTION('center_axis',(-0.708984116499531,-0.705224448350579,0.));
#4059=DIRECTION('ref_axis',(0.705224448350579,-0.708984116499531,0.));
#4060=DIRECTION('',(0.,0.,-1.));
#4061=DIRECTION('',(0.,0.,1.));
#4062=DIRECTION('center_axis',(-0.00132924459588057,-0.999999116554012,
0.));
#4063=DIRECTION('ref_axis',(0.999999116554012,-0.00132924459588057,0.));
#4064=DIRECTION('',(0.,0.,-1.));
#4065=DIRECTION('center_axis',(0.707106781186544,-0.707106781186551,0.));
#4066=DIRECTION('ref_axis',(0.707106781186551,0.707106781186544,0.));
#4067=DIRECTION('',(0.,0.,-1.));
#4068=DIRECTION('center_axis',(-0.708984116499531,-0.705224448350579,0.));
#4069=DIRECTION('ref_axis',(0.705224448350579,-0.708984116499531,0.));
#4070=DIRECTION('',(0.,0.,-1.));
#4071=DIRECTION('',(0.,0.,1.));
#4072=DIRECTION('center_axis',(-0.00132924459588057,-0.999999116554012,
0.));
#4073=DIRECTION('ref_axis',(0.999999116554012,-0.00132924459588057,0.));
#4074=DIRECTION('',(0.,0.,-1.));
#4075=DIRECTION('center_axis',(0.707106781186544,-0.707106781186551,0.));
#4076=DIRECTION('ref_axis',(0.707106781186551,0.707106781186544,0.));
#4077=DIRECTION('',(0.,0.,-1.));
#4078=DIRECTION('center_axis',(0.00132924459588072,0.999999116554012,0.));
#4079=DIRECTION('ref_axis',(-0.999999116554012,0.00132924459588072,0.));
#4080=DIRECTION('',(0.,0.,1.));
#4081=DIRECTION('center_axis',(-0.706531186470958,0.707681907740999,0.));
#4082=DIRECTION('ref_axis',(-0.707681907740999,-0.706531186470958,0.));
#4083=DIRECTION('',(0.,0.,1.));
#4084=DIRECTION('center_axis',(0.707106781186541,-0.707106781186554,0.));
#4085=DIRECTION('ref_axis',(0.707106781186554,0.707106781186541,0.));
#4086=DIRECTION('',(0.,0.,1.));
#4087=DIRECTION('',(0.,0.,1.));
#4088=DIRECTION('center_axis',(1.,0.,0.));
#4089=DIRECTION('ref_axis',(0.,1.,0.));
#4090=DIRECTION('',(0.,0.,1.));
#4091=DIRECTION('center_axis',(0.707106781186544,0.707106781186551,0.));
#4092=DIRECTION('ref_axis',(-0.707106781186551,0.707106781186544,0.));
#4093=DIRECTION('',(0.,0.,-1.));
#4094=DIRECTION('center_axis',(0.707106781186541,-0.707106781186554,0.));
#4095=DIRECTION('ref_axis',(0.707106781186554,0.707106781186541,0.));
#4096=DIRECTION('',(0.,0.,1.));
#4097=DIRECTION('',(0.,0.,1.));
#4098=DIRECTION('center_axis',(1.,0.,0.));
#4099=DIRECTION('ref_axis',(0.,1.,0.));
#4100=DIRECTION('',(0.,0.,1.));
#4101=DIRECTION('center_axis',(0.707106781186544,0.707106781186551,0.));
#4102=DIRECTION('ref_axis',(-0.707106781186551,0.707106781186544,0.));
#4103=DIRECTION('',(0.,0.,-1.));
#4104=DIRECTION('center_axis',(-1.,0.,0.));
#4105=DIRECTION('ref_axis',(0.,-1.,0.));
#4106=DIRECTION('',(0.,0.,-1.));
#4107=DIRECTION('center_axis',(-0.707106781186545,0.707106781186551,0.));
#4108=DIRECTION('ref_axis',(-0.707106781186551,-0.707106781186545,0.));
#4109=DIRECTION('',(0.,0.,-1.));
#4110=DIRECTION('center_axis',(0.,1.,0.));
#4111=DIRECTION('ref_axis',(-1.,0.,0.));
#4112=DIRECTION('',(0.,0.,1.));
#4113=DIRECTION('center_axis',(-0.707106781186549,0.707106781186546,0.));
#4114=DIRECTION('ref_axis',(-0.707106781186546,-0.707106781186549,0.));
#4115=DIRECTION('',(0.,0.,1.));
#4116=DIRECTION('center_axis',(-1.,0.,0.));
#4117=DIRECTION('ref_axis',(0.,-1.,0.));
#4118=DIRECTION('',(0.,0.,1.));
#4119=DIRECTION('',(0.,-1.,0.));
#4120=DIRECTION('',(0.,0.,-1.));
#4121=DIRECTION('center_axis',(0.707106781186554,0.707106781186541,0.));
#4122=DIRECTION('ref_axis',(0.707106781186541,-0.707106781186554,0.));
#4123=DIRECTION('',(0.,0.,1.));
#4124=DIRECTION('',(0.,0.,-1.));
#4125=DIRECTION('center_axis',(1.,0.,0.));
#4126=DIRECTION('ref_axis',(0.,-1.,0.));
#4127=DIRECTION('',(0.,0.,1.));
#4128=DIRECTION('center_axis',(0.70710678118655,-0.707106781186546,0.));
#4129=DIRECTION('ref_axis',(-0.707106781186545,-0.707106781186549,0.));
#4130=DIRECTION('',(0.,0.,1.));
#4131=DIRECTION('center_axis',(0.,-1.,0.));
#4132=DIRECTION('ref_axis',(-1.,0.,0.));
#4133=DIRECTION('',(0.,0.,1.));
#4134=DIRECTION('center_axis',(0.707106781186542,-0.707106781186554,0.));
#4135=DIRECTION('ref_axis',(-0.707106781186553,-0.707106781186541,0.));
#4136=DIRECTION('',(0.,0.,1.));
#4137=DIRECTION('center_axis',(1.,0.,0.));
#4138=DIRECTION('ref_axis',(0.,-1.,0.));
#4139=DIRECTION('',(0.,0.,1.));
#4140=DIRECTION('center_axis',(0.706531186470958,-0.707681907741,0.));
#4141=DIRECTION('ref_axis',(-0.707681907741,-0.706531186470958,0.));
#4142=DIRECTION('',(0.,0.,1.));
#4143=DIRECTION('center_axis',(-0.00132924459588068,-0.999999116554012,
0.));
#4144=DIRECTION('ref_axis',(-0.999999116554012,0.00132924459588068,0.));
#4145=DIRECTION('',(0.,0.,1.));
#4146=DIRECTION('center_axis',(-0.707705313357102,-0.70650774195767,0.));
#4147=DIRECTION('ref_axis',(-0.70650774195767,0.707705313357102,0.));
#4148=DIRECTION('',(0.,0.,1.));
#4149=DIRECTION('center_axis',(-0.999999870095144,0.000509715308860786,
0.));
#4150=DIRECTION('ref_axis',(0.000509715308860786,0.999999870095144,0.));
#4151=DIRECTION('',(0.,0.,1.));
#4152=DIRECTION('center_axis',(-0.707106781186548,0.707106781186548,0.));
#4153=DIRECTION('ref_axis',(0.707106781186548,0.707106781186548,0.));
#4154=DIRECTION('',(0.,0.,1.));
#4155=DIRECTION('center_axis',(-0.000777102125061898,0.999999698056098,
0.));
#4156=DIRECTION('ref_axis',(0.999999698056098,0.000777102125061898,0.));
#4157=DIRECTION('center_axis',(0.707106781186541,-0.707106781186554,0.));
#4158=DIRECTION('ref_axis',(0.707106781186554,0.707106781186541,0.));
#4159=DIRECTION('',(0.707106781186554,0.707106781186541,0.));
#4160=DIRECTION('center_axis',(0.,0.,1.));
#4161=DIRECTION('ref_axis',(-1.,0.,0.));
#4162=DIRECTION('',(-0.707106781186551,0.707106781186544,0.));
#4163=DIRECTION('center_axis',(0.707106781186544,0.707106781186551,0.));
#4164=DIRECTION('ref_axis',(-0.707106781186551,0.707106781186544,0.));
#4165=CARTESIAN_POINT('',(0.,0.,0.));
#4166=CARTESIAN_POINT('Origin',(-0.000632701333742602,-0.000684513235604811,
-7.05));
#4167=CARTESIAN_POINT('',(-73.3324207085799,19.9188375973691,-7.05));
#4168=CARTESIAN_POINT('',(-34.9414990930802,19.9188375973691,-7.05));
#4169=CARTESIAN_POINT('',(-36.6665267049568,19.9188375973691,-7.05));
#4170=CARTESIAN_POINT('',(-34.9414990930802,-18.4720840181306,-7.05));
#4171=CARTESIAN_POINT('',(-34.9414990930802,9.95907654206674,-7.05));
#4172=CARTESIAN_POINT('',(-73.3324207085799,-18.4720840181306,-7.05));
#4173=CARTESIAN_POINT('',(20.9198557182927,-18.4720840181306,-7.05));
#4174=CARTESIAN_POINT('',(-73.3324207085799,-28.4318450734329,-7.05));
#4175=CARTESIAN_POINT('Origin',(-0.000632701333742602,-0.000684513235604811,
-7.05));
#4176=CARTESIAN_POINT('',(80.2312657534189,-18.4720840181306,-7.05));
#4177=CARTESIAN_POINT('',(41.8403441379192,-18.4720840181306,-7.05));
#4178=CARTESIAN_POINT('',(40.1153165260426,-18.4720840181306,-7.05));
#4179=CARTESIAN_POINT('',(41.8403441379192,19.9188375973691,-7.05));
#4180=CARTESIAN_POINT('',(41.8403441379192,-9.23638426568312,-7.05));
#4181=CARTESIAN_POINT('',(80.2312657534189,19.9188375973691,-7.05));
#4182=CARTESIAN_POINT('',(20.9198557182927,19.9188375973691,-7.05));
#4183=CARTESIAN_POINT('',(80.2312657534189,9.95907654206671,-7.05));
#4184=CARTESIAN_POINT('Origin',(-0.000632701333742602,-0.000684513235604811,
-7.05));
#4185=CARTESIAN_POINT('',(-201.609882381185,81.0248209930535,-7.05));
#4186=CARTESIAN_POINT('',(203.400643745627,81.3395556286113,-7.05));
#4187=CARTESIAN_POINT('',(-100.836800952684,81.1031319924261,-7.05));
#4188=CARTESIAN_POINT('',(210.852748,73.8874513742386,-7.05));
#4189=CARTESIAN_POINT('',(172.88538466935,111.854814704889,-7.05));
#4190=CARTESIAN_POINT('',(210.852748,21.1168886257614,-7.05));
#4191=CARTESIAN_POINT('',(210.852748,36.9433834305015,-7.05));
#4192=CARTESIAN_POINT('',(201.338029374239,11.60217,-7.05));
#4193=CARTESIAN_POINT('',(152.860009539918,-36.8758498343213,-7.05));
#4194=CARTESIAN_POINT('',(181.378029374239,11.60217,-7.05));
#4195=CARTESIAN_POINT('',(100.668698336452,11.60217,-7.05));
#4196=CARTESIAN_POINT('',(180.852748,11.0768886257614,-7.05));
#4197=CARTESIAN_POINT('',(133.132650227036,-36.6432091472019,-7.05));
#4198=CARTESIAN_POINT('',(180.852748,-71.5311417228752,-7.05));
#4199=CARTESIAN_POINT('',(180.852748,5.53810205626289,-7.05));
#4200=CARTESIAN_POINT('',(171.026987958656,-81.3409246550825,-7.05));
#4201=CARTESIAN_POINT('',(153.448414828199,-98.8909142683166,-7.05));
#4202=CARTESIAN_POINT('',(-202.418811197202,-80.8445234061565,-7.05));
#4203=CARTESIAN_POINT('',(85.4592682327013,-81.2271841255713,-7.05));
#4204=CARTESIAN_POINT('',(-210.854013402667,-72.3950230461069,-7.05));
#4205=CARTESIAN_POINT('',(-172.11090223529,-111.203806023011,-7.05));
#4206=CARTESIAN_POINT('',(-210.780487347669,71.8542160265693,-7.05));
#4207=CARTESIAN_POINT('',(-210.835535762875,-36.1441255929933,-7.05));
#4208=CARTESIAN_POINT('',(-176.049248821037,106.585454553202,-7.05));
#4209=CARTESIAN_POINT('',(80.2312657534189,58.3097592128688,-7.05));
#4210=CARTESIAN_POINT('',(-150.114263939579,58.3097592128688,-7.05));
#4211=CARTESIAN_POINT('',(-36.6665267049568,58.3097592128688,-7.05));
#4212=CARTESIAN_POINT('',(-150.114263939579,19.9188375973691,-7.05));
#4213=CARTESIAN_POINT('',(-150.114263939579,29.1545373498166,-7.05));
#4214=CARTESIAN_POINT('',(-188.505185555079,19.9188375973691,-7.05));
#4215=CARTESIAN_POINT('',(-75.0574483204565,19.9188375973691,-7.05));
#4216=CARTESIAN_POINT('',(-188.505185555079,-56.8630056336303,-7.05));
#4217=CARTESIAN_POINT('',(-188.505185555079,9.95907654206675,-7.05));
#4218=CARTESIAN_POINT('',(-150.114263939579,-56.8630056336303,-7.05));
#4219=CARTESIAN_POINT('',(-94.2529091282064,-56.8630056336303,-7.05));
#4220=CARTESIAN_POINT('',(-150.114263939579,-28.431845073433,-7.05));
#4221=CARTESIAN_POINT('',(-111.72334232408,19.9188375973691,-7.05));
#4222=CARTESIAN_POINT('',(-75.0574483204565,19.9188375973691,-7.05));
#4223=CARTESIAN_POINT('',(-111.72334232408,-56.8630056336303,-7.05));
#4224=CARTESIAN_POINT('',(-111.72334232408,9.95907654206674,-7.05));
#4225=CARTESIAN_POINT('',(80.2312657534189,-56.8630056336303,-7.05));
#4226=CARTESIAN_POINT('',(-55.8619875127067,-56.8630056336303,-7.05));
#4227=CARTESIAN_POINT('',(80.2312657534189,-28.431845073433,-7.05));
#4228=CARTESIAN_POINT('',(118.622187368919,-18.4720840181306,-7.05));
#4229=CARTESIAN_POINT('',(40.1153165260426,-18.4720840181306,-7.05));
#4230=CARTESIAN_POINT('',(118.622187368919,-56.8630056336303,-7.05));
#4231=CARTESIAN_POINT('',(118.622187368919,-9.23638426568312,-7.05));
#4232=CARTESIAN_POINT('',(157.013108984418,-56.8630056336303,-7.05));
#4233=CARTESIAN_POINT('',(59.3107773337924,-56.8630056336303,-7.05));
#4234=CARTESIAN_POINT('',(157.013108984418,-18.4720840181306,-7.05));
#4235=CARTESIAN_POINT('',(157.013108984418,-28.431845073433,-7.05));
#4236=CARTESIAN_POINT('',(78.5062381415423,-18.4720840181306,-7.05));
#4237=CARTESIAN_POINT('',(118.622187368919,19.9188375973691,-7.05));
#4238=CARTESIAN_POINT('',(118.622187368919,-9.23638426568315,-7.05));
#4239=CARTESIAN_POINT('',(157.013108984418,19.9188375973691,-7.05));
#4240=CARTESIAN_POINT('',(59.3107773337924,19.9188375973691,-7.05));
#4241=CARTESIAN_POINT('',(157.013108984418,58.3097592128687,-7.05));
#4242=CARTESIAN_POINT('',(157.013108984418,9.95907654206673,-7.05));
#4243=CARTESIAN_POINT('',(118.622187368919,58.3097592128688,-7.05));
#4244=CARTESIAN_POINT('',(78.5062381415423,58.3097592128688,-7.05));
#4245=CARTESIAN_POINT('',(118.622187368919,29.1545373498166,-7.05));
#4246=CARTESIAN_POINT('',(59.3107773337924,19.9188375973691,-7.05));
#4247=CARTESIAN_POINT('',(80.2312657534189,9.95907654206673,-7.05));
#4248=CARTESIAN_POINT('Origin',(-73.3324207085799,19.9188375973691,-6.85));
#4249=CARTESIAN_POINT('',(-34.9414990930802,19.9188375973691,-6.75));
#4250=CARTESIAN_POINT('',(-34.9414990930802,19.9188375973691,-6.85));
#4251=CARTESIAN_POINT('',(-73.3324207085799,19.9188375973691,-6.75));
#4252=CARTESIAN_POINT('',(-73.3324207085799,19.9188375973691,-6.85));
#4253=CARTESIAN_POINT('',(41.8403441379192,19.9188375973691,-6.75));
#4254=CARTESIAN_POINT('Origin',(-15.7460382853303,39.1142984051189,-6.75));
#4255=CARTESIAN_POINT('',(41.8403441379192,19.9188375973691,-6.75));
#4256=CARTESIAN_POINT('',(41.8403441379192,58.3097592128688,-6.75));
#4257=CARTESIAN_POINT('',(41.8403441379192,48.7120288089938,-6.75));
#4258=CARTESIAN_POINT('',(13.0471529262944,19.9188375973691,-6.75));
#4259=CARTESIAN_POINT('',(-73.3324207085799,58.3097592128688,-6.75));
#4260=CARTESIAN_POINT('',(-73.3324207085799,-8.87435361425569,-6.75));
#4261=CARTESIAN_POINT('',(-34.9414990930802,58.3097592128688,-6.75));
#4262=CARTESIAN_POINT('Origin',(41.8403441379192,-18.4720840181306,-6.85));
#4263=CARTESIAN_POINT('',(-34.9414990930802,-18.4720840181306,-6.75));
#4264=CARTESIAN_POINT('',(-34.9414990930802,-18.4720840181306,-6.85));
#4265=CARTESIAN_POINT('',(-73.3324207085799,-18.4720840181306,-6.75));
#4266=CARTESIAN_POINT('',(-34.9414990930802,-18.4720840181306,-6.75));
#4267=CARTESIAN_POINT('',(-73.3324207085799,-18.4720840181306,-6.85));
#4268=CARTESIAN_POINT('Origin',(-15.7460382853303,-37.6675448258805,-6.75));
#4269=CARTESIAN_POINT('',(41.8403441379192,-56.8630056336303,-6.75));
#4270=CARTESIAN_POINT('',(41.8403441379192,-18.4720840181306,-6.75));
#4271=CARTESIAN_POINT('',(41.8403441379192,-28.0698144220056,-6.75));
#4272=CARTESIAN_POINT('',(-73.3324207085799,-56.8630056336303,-6.75));
#4273=CARTESIAN_POINT('',(41.8403441379192,-56.8630056336303,-6.75));
#4274=CARTESIAN_POINT('',(-73.3324207085799,-47.2652752297554,-6.75));
#4275=CARTESIAN_POINT('',(-25.3437686892053,-18.4720840181306,-6.75));
#4276=CARTESIAN_POINT('Origin',(41.8403441379192,19.9188375973691,-6.85));
#4277=CARTESIAN_POINT('',(41.8403441379192,19.9188375973691,-6.65));
#4278=CARTESIAN_POINT('',(41.8403441379192,19.9188375973691,-6.85));
#4279=CARTESIAN_POINT('',(-34.9414990930802,19.9188375973691,-6.65));
#4280=CARTESIAN_POINT('',(3.44942252241951,19.9188375973691,-6.65));
#4281=CARTESIAN_POINT('',(-34.9414990930802,19.9188375973691,-6.85));
#4282=CARTESIAN_POINT('Origin',(41.8403441379192,58.3097592128688,-6.85));
#4283=CARTESIAN_POINT('',(41.8403441379192,58.3097592128688,-6.65));
#4284=CARTESIAN_POINT('',(41.8403441379192,58.3097592128688,-6.85));
#4285=CARTESIAN_POINT('',(41.8403441379192,58.3097592128688,-6.65));
#4286=CARTESIAN_POINT('Origin',(-73.3324207085799,-56.8630056336303,-6.85));
#4287=CARTESIAN_POINT('',(-73.3324207085799,-56.8630056336303,-6.65));
#4288=CARTESIAN_POINT('',(-73.3324207085799,-56.8630056336303,-6.85));
#4289=CARTESIAN_POINT('',(-73.3324207085799,58.3097592128688,-6.65));
#4290=CARTESIAN_POINT('',(-73.3324207085799,58.3097592128688,-6.65));
#4291=CARTESIAN_POINT('',(-73.3324207085799,58.3097592128688,-6.85));
#4292=CARTESIAN_POINT('Origin',(41.8403441379192,-18.4720840181306,-6.85));
#4293=CARTESIAN_POINT('',(41.8403441379192,-18.4720840181306,-6.65));
#4294=CARTESIAN_POINT('',(41.8403441379192,-18.4720840181306,-6.85));
#4295=CARTESIAN_POINT('',(41.8403441379192,-56.8630056336303,-6.65));
#4296=CARTESIAN_POINT('',(41.8403441379192,-18.4720840181306,-6.65));
#4297=CARTESIAN_POINT('',(41.8403441379192,-56.8630056336303,-6.85));
#4298=CARTESIAN_POINT('Origin',(-34.9414990930802,-18.4720840181306,-6.85));
#4299=CARTESIAN_POINT('',(-34.9414990930802,-18.4720840181306,-6.65));
#4300=CARTESIAN_POINT('',(-34.9414990930802,-18.4720840181306,-6.85));
#4301=CARTESIAN_POINT('',(41.8403441379192,-18.4720840181306,-6.65));
#4302=CARTESIAN_POINT('Origin',(118.622187368919,19.9188375973691,-6.85));
#4303=CARTESIAN_POINT('',(118.622187368919,19.9188375973691,-6.65));
#4304=CARTESIAN_POINT('',(118.622187368919,19.9188375973691,-6.85));
#4305=CARTESIAN_POINT('',(157.013108984418,19.9188375973691,-6.65));
#4306=CARTESIAN_POINT('',(157.013108984418,19.9188375973691,-6.65));
#4307=CARTESIAN_POINT('',(157.013108984418,19.9188375973691,-6.85));
#4308=CARTESIAN_POINT('Origin',(118.622187368919,58.3097592128688,-6.85));
#4309=CARTESIAN_POINT('',(118.622187368919,58.3097592128688,-6.65));
#4310=CARTESIAN_POINT('',(118.622187368919,58.3097592128688,-6.85));
#4311=CARTESIAN_POINT('',(118.622187368919,58.3097592128688,-6.65));
#4312=CARTESIAN_POINT('',(118.622187368919,19.9188375973691,-6.85));
#4313=CARTESIAN_POINT('Origin',(157.013108984418,58.3097592128687,-6.85));
#4314=CARTESIAN_POINT('',(157.013108984418,58.3097592128687,-6.65));
#4315=CARTESIAN_POINT('',(157.013108984418,58.3097592128687,-6.85));
#4316=CARTESIAN_POINT('',(157.013108984418,58.3097592128687,-6.65));
#4317=CARTESIAN_POINT('Origin',(157.013108984418,19.9188375973691,-6.85));
#4318=CARTESIAN_POINT('',(157.013108984418,58.3097592128687,-6.65));
#4319=CARTESIAN_POINT('Origin',(137.817648176668,39.1142984051189,-6.65));
#4320=CARTESIAN_POINT('Origin',(118.622187368919,-56.8630056336303,-6.85));
#4321=CARTESIAN_POINT('',(118.622187368919,-56.8630056336303,-6.65));
#4322=CARTESIAN_POINT('',(118.622187368919,-56.8630056336303,-6.85));
#4323=CARTESIAN_POINT('',(157.013108984418,-56.8630056336303,-6.65));
#4324=CARTESIAN_POINT('',(157.013108984418,-56.8630056336303,-6.65));
#4325=CARTESIAN_POINT('',(157.013108984418,-56.8630056336303,-6.85));
#4326=CARTESIAN_POINT('Origin',(118.622187368919,-18.4720840181306,-6.85));
#4327=CARTESIAN_POINT('',(118.622187368919,-18.4720840181306,-6.65));
#4328=CARTESIAN_POINT('',(118.622187368919,-18.4720840181306,-6.85));
#4329=CARTESIAN_POINT('',(118.622187368919,-18.4720840181306,-6.65));
#4330=CARTESIAN_POINT('Origin',(157.013108984418,-18.4720840181306,-6.85));
#4331=CARTESIAN_POINT('',(157.013108984418,-18.4720840181306,-6.65));
#4332=CARTESIAN_POINT('',(157.013108984418,-18.4720840181306,-6.85));
#4333=CARTESIAN_POINT('',(157.013108984418,-18.4720840181306,-6.65));
#4334=CARTESIAN_POINT('',(118.622187368919,-18.4720840181306,-6.85));
#4335=CARTESIAN_POINT('Origin',(157.013108984418,-56.8630056336303,-6.85));
#4336=CARTESIAN_POINT('',(157.013108984418,-18.4720840181306,-6.65));
#4337=CARTESIAN_POINT('Origin',(137.817648176668,-37.6675448258805,-6.65));
#4338=CARTESIAN_POINT('Origin',(80.2312657534189,-18.4720840181306,-6.85));
#4339=CARTESIAN_POINT('',(80.2312657534189,-18.4720840181306,-6.65));
#4340=CARTESIAN_POINT('',(80.2312657534189,-18.4720840181306,-6.85));
#4341=CARTESIAN_POINT('',(118.622187368919,-18.4720840181306,-6.65));
#4342=CARTESIAN_POINT('Origin',(80.2312657534189,19.9188375973691,-6.85));
#4343=CARTESIAN_POINT('',(80.2312657534189,19.9188375973691,-6.65));
#4344=CARTESIAN_POINT('',(80.2312657534189,19.9188375973691,-6.85));
#4345=CARTESIAN_POINT('',(80.2312657534189,19.9188375973691,-6.65));
#4346=CARTESIAN_POINT('',(80.2312657534189,-18.4720840181306,-6.85));
#4347=CARTESIAN_POINT('Origin',(118.622187368919,19.9188375973691,-6.85));
#4348=CARTESIAN_POINT('',(118.622187368919,19.9188375973691,-6.65));
#4349=CARTESIAN_POINT('',(80.2312657534189,19.9188375973691,-6.85));
#4350=CARTESIAN_POINT('Origin',(118.622187368919,-18.4720840181306,-6.85));
#4351=CARTESIAN_POINT('',(118.622187368919,19.9188375973691,-6.65));
#4352=CARTESIAN_POINT('Origin',(99.4267265611687,0.723376789619214,-6.65));
#4353=CARTESIAN_POINT('Origin',(41.8403441379192,19.9188375973691,-6.85));
#4354=CARTESIAN_POINT('',(41.8403441379192,19.9188375973691,-6.85));
#4355=CARTESIAN_POINT('',(41.8403441379192,19.9188375973691,-6.85));
#4356=CARTESIAN_POINT('',(80.2312657534189,19.9188375973691,-6.65));
#4357=CARTESIAN_POINT('Origin',(80.2312657534189,19.9188375973691,-6.85));
#4358=CARTESIAN_POINT('',(80.2312657534189,58.3097592128688,-6.65));
#4359=CARTESIAN_POINT('',(80.2312657534189,58.3097592128688,-6.65));
#4360=CARTESIAN_POINT('',(80.2312657534189,58.3097592128688,-6.85));
#4361=CARTESIAN_POINT('Origin',(61.0358049456691,39.1142984051189,-6.65));
#4362=CARTESIAN_POINT('',(80.2312657534189,58.3097592128688,-6.65));
#4363=CARTESIAN_POINT('Origin',(80.2312657534189,-18.4720840181306,-6.85));
#4364=CARTESIAN_POINT('',(80.2312657534189,-18.4720840181306,-6.65));
#4365=CARTESIAN_POINT('',(41.8403441379192,-18.4720840181306,-6.85));
#4366=CARTESIAN_POINT('',(41.8403441379192,-18.4720840181306,-6.85));
#4367=CARTESIAN_POINT('Origin',(80.2312657534189,-56.8630056336303,-6.85));
#4368=CARTESIAN_POINT('',(80.2312657534189,-56.8630056336303,-6.65));
#4369=CARTESIAN_POINT('',(80.2312657534189,-56.8630056336303,-6.85));
#4370=CARTESIAN_POINT('',(80.2312657534189,-18.4720840181306,-6.65));
#4371=CARTESIAN_POINT('Origin',(61.035804945669,-37.6675448258805,-6.65));
#4372=CARTESIAN_POINT('',(80.2312657534189,-56.8630056336303,-6.65));
#4373=CARTESIAN_POINT('Origin',(-34.9414990930802,19.9188375973691,-6.85));
#4374=CARTESIAN_POINT('',(-34.9414990930802,19.9188375973691,-6.65));
#4375=CARTESIAN_POINT('Origin',(41.8403441379192,-18.4720840181306,-6.85));
#4376=CARTESIAN_POINT('',(41.8403441379192,19.9188375973691,-6.65));
#4377=CARTESIAN_POINT('Origin',(3.44942252241951,0.723376789619226,-6.65));
#4378=CARTESIAN_POINT('Origin',(-111.72334232408,-56.8630056336303,-6.85));
#4379=CARTESIAN_POINT('',(-111.72334232408,-56.8630056336303,-6.65));
#4380=CARTESIAN_POINT('',(-111.72334232408,-56.8630056336303,-6.85));
#4381=CARTESIAN_POINT('',(-73.3324207085799,-56.8630056336303,-6.65));
#4382=CARTESIAN_POINT('Origin',(-111.72334232408,19.9188375973691,-6.85));
#4383=CARTESIAN_POINT('',(-111.72334232408,19.9188375973691,-6.65));
#4384=CARTESIAN_POINT('',(-111.72334232408,19.9188375973691,-6.85));
#4385=CARTESIAN_POINT('',(-111.72334232408,-18.4720840181306,-6.65));
#4386=CARTESIAN_POINT('Origin',(-150.114263939579,19.9188375973691,-6.85));
#4387=CARTESIAN_POINT('',(-150.114263939579,19.9188375973691,-6.65));
#4388=CARTESIAN_POINT('',(-150.114263939579,19.9188375973691,-6.85));
#4389=CARTESIAN_POINT('',(-111.72334232408,19.9188375973691,-6.65));
#4390=CARTESIAN_POINT('Origin',(-150.114263939579,58.3097592128688,-6.85));
#4391=CARTESIAN_POINT('',(-150.114263939579,58.3097592128688,-6.65));
#4392=CARTESIAN_POINT('',(-150.114263939579,58.3097592128688,-6.85));
#4393=CARTESIAN_POINT('',(-150.114263939579,58.3097592128688,-6.65));
#4394=CARTESIAN_POINT('',(-150.114263939579,19.9188375973691,-6.85));
#4395=CARTESIAN_POINT('Origin',(-73.3324207085799,58.3097592128688,-6.85));
#4396=CARTESIAN_POINT('',(-111.72334232408,58.3097592128688,-6.65));
#4397=CARTESIAN_POINT('Origin',(-111.72334232408,0.723376789619241,-6.65));
#4398=CARTESIAN_POINT('Origin',(-188.505185555079,-56.8630056336303,-6.85));
#4399=CARTESIAN_POINT('',(-188.505185555079,-56.8630056336303,-6.65));
#4400=CARTESIAN_POINT('',(-188.505185555079,-56.8630056336303,-6.85));
#4401=CARTESIAN_POINT('',(-150.114263939579,-56.8630056336303,-6.65));
#4402=CARTESIAN_POINT('',(-150.114263939579,-56.8630056336303,-6.65));
#4403=CARTESIAN_POINT('',(-150.114263939579,-56.8630056336303,-6.85));
#4404=CARTESIAN_POINT('Origin',(-188.505185555079,19.9188375973691,-6.85));
#4405=CARTESIAN_POINT('',(-188.505185555079,19.9188375973691,-6.65));
#4406=CARTESIAN_POINT('',(-188.505185555079,19.9188375973691,-6.85));
#4407=CARTESIAN_POINT('',(-188.505185555079,-18.4720840181306,-6.65));
#4408=CARTESIAN_POINT('Origin',(-150.114263939579,19.9188375973691,-6.85));
#4409=CARTESIAN_POINT('',(-150.114263939579,19.9188375973691,-6.65));
#4410=CARTESIAN_POINT('Origin',(-150.114263939579,-56.8630056336303,-6.85));
#4411=CARTESIAN_POINT('',(-150.114263939579,19.9188375973691,-6.65));
#4412=CARTESIAN_POINT('Origin',(-169.309724747329,-18.4720840181306,-6.65));
#4413=CARTESIAN_POINT('Origin',(195.338372306141,75.8644492991362,4.84499329785529));
#4414=CARTESIAN_POINT('',(195.33837228624,77.5332892710484,4.84499322490795));
#4415=CARTESIAN_POINT('',(195.338372286246,77.5332892710484,4.24499965255182));
#4416=CARTESIAN_POINT('',(195.338372286258,77.5332892710484,2.99749665077674));
#4417=CARTESIAN_POINT('',(195.338372240926,81.3332904184004,4.84499305880456));
#4418=CARTESIAN_POINT('',(195.338372306141,75.8644492991362,4.84499329785529));
#4419=CARTESIAN_POINT('',(195.338372240931,81.3332904184004,4.24499948644842));
#4420=CARTESIAN_POINT('',(195.338372240943,81.3332904184004,2.99749665078451));
#4421=CARTESIAN_POINT('',(195.338372306147,75.8644492729097,4.24499972549916));
#4422=CARTESIAN_POINT('Origin',(191.658372859253,75.8644492290261,4.24499917238636));
#4423=CARTESIAN_POINT('',(191.658373392499,77.5304295352244,0.564999652670473));
#4424=CARTESIAN_POINT('Origin',(191.658372839387,77.5304295347946,4.24499909956402));
#4425=CARTESIAN_POINT('',(191.658373347185,81.3304306825764,0.564999486567077));
#4426=CARTESIAN_POINT('Origin',(191.658372794072,81.3304306821465,4.24499893346062));
#4427=CARTESIAN_POINT('',(191.658373412366,75.8644490681681,0.564999725492822));
#4428=CARTESIAN_POINT('Origin',(185.278372650758,75.8644491791722,4.8449993808806));
#4429=CARTESIAN_POINT('',(181.598372286374,77.5226118846262,4.84500153360236));
#4430=CARTESIAN_POINT('',(181.640464335183,77.5226445944567,5.4));
#4431=CARTESIAN_POINT('Origin',(185.278372630951,77.5254716215777,4.84499930827498));
#4432=CARTESIAN_POINT('',(181.59837224106,81.3226130319782,4.84500136749897));
#4433=CARTESIAN_POINT('',(181.598372306148,75.8644491352887,4.84500160608299));
#4434=CARTESIAN_POINT('',(181.640464315209,81.3226457418283,5.4));
#4435=CARTESIAN_POINT('Origin',(185.278372585636,81.3254727689297,4.84499914217158));
#4436=CARTESIAN_POINT('',(181.640464337394,77.1020023605101,5.4));
#4437=CARTESIAN_POINT('Origin',(191.658373412366,75.8644490681681,0.564999725492822));
#4438=CARTESIAN_POINT('',(185.278372286346,77.5254716213099,0.564998693957617));
#4439=CARTESIAN_POINT('',(-4.14740867522093,77.378268399936,0.564970229239782));
#4440=CARTESIAN_POINT('',(185.278372241032,81.3254727686619,0.564998527854222));
#4441=CARTESIAN_POINT('',(-4.97787825277436,81.1776241874548,0.564969938343019));
#4442=CARTESIAN_POINT('',(185.278372306154,75.8644489920873,0.564998766563253));
#4443=CARTESIAN_POINT('Origin',(185.278371753041,75.8644491529453,4.24499821345679));
#4444=CARTESIAN_POINT('',(181.598372286374,77.5226118846262,4.24499758786336));
#4445=CARTESIAN_POINT('Origin',(185.278371733233,77.5254716208801,4.24499814085116));
#4446=CARTESIAN_POINT('',(181.598372241059,81.3226130319782,4.24499742175997));
#4447=CARTESIAN_POINT('Origin',(185.278371687919,81.325472768232,4.24499797474777));
#4448=CARTESIAN_POINT('',(181.598372306147,75.8644491090617,4.24499766034399));
#4449=CARTESIAN_POINT('Origin',(181.598372306147,75.8644491090617,4.24499766034399));
#4450=CARTESIAN_POINT('',(181.598372286373,77.5226118846262,2.69749883010422));
#4451=CARTESIAN_POINT('',(181.598372241059,81.3226130319782,2.69749883010392));
#4452=CARTESIAN_POINT('Origin',(191.65837196153,75.8644492552528,4.84499552305768));
#4453=CARTESIAN_POINT('',(195.296279648808,77.5332565607606,5.4));
#4454=CARTESIAN_POINT('Origin',(191.658371941664,77.530429534097,4.84499545023534));
#4455=CARTESIAN_POINT('',(195.296279578152,81.3332577080928,5.4));
#4456=CARTESIAN_POINT('',(195.296279656826,77.1020024853136,5.4));
#4457=CARTESIAN_POINT('Origin',(191.658371896349,81.3304306814489,4.84499528413194));
#4458=CARTESIAN_POINT('Origin',(-199.951896214153,77.2261082706291,1.15));
#4459=CARTESIAN_POINT('',(180.689019613827,77.5219052245186,5.4));
#4460=CARTESIAN_POINT('',(-100.006331375131,77.3037762049073,5.4));
#4461=CARTESIAN_POINT('',(180.689019613827,77.5219052245186,2.66));
#4462=CARTESIAN_POINT('',(180.689019613827,77.5219052245186,2.905));
#4463=CARTESIAN_POINT('',(154.29614813573,77.5013952618136,2.66));
#4464=CARTESIAN_POINT('',(-99.997143376649,77.3037833449226,2.66));
#4465=CARTESIAN_POINT('',(154.29614813573,77.5013952618136,5.4));
#4466=CARTESIAN_POINT('',(154.29614813573,77.5013952618136,2.905));
#4467=CARTESIAN_POINT('',(111.089040629123,77.4678189166143,5.4));
#4468=CARTESIAN_POINT('',(-100.006331375131,77.3037762049073,5.4));
#4469=CARTESIAN_POINT('',(111.089040629123,77.4678189166143,2.66));
#4470=CARTESIAN_POINT('',(111.089040629123,77.4678189166143,2.905));
#4471=CARTESIAN_POINT('',(84.6961691510252,77.4473089539093,2.66));
#4472=CARTESIAN_POINT('',(-99.997143376649,77.3037833449226,2.66));
#4473=CARTESIAN_POINT('',(84.6961691510252,77.4473089539093,5.4));
#4474=CARTESIAN_POINT('',(84.6961691510252,77.4473089539093,2.905));
#4475=CARTESIAN_POINT('',(41.4890616444182,77.4137326087099,5.4));
#4476=CARTESIAN_POINT('',(-100.006331375131,77.3037762049073,5.4));
#4477=CARTESIAN_POINT('',(41.4890616444182,77.4137326087099,2.66));
#4478=CARTESIAN_POINT('',(41.4890616444182,77.4137326087099,2.905));
#4479=CARTESIAN_POINT('',(15.0961901663207,77.393222646005,2.66));
#4480=CARTESIAN_POINT('',(-99.997143376649,77.3037833449226,2.66));
#4481=CARTESIAN_POINT('',(15.0961901663207,77.393222646005,5.4));
#4482=CARTESIAN_POINT('',(15.0961901663207,77.393222646005,2.905));
#4483=CARTESIAN_POINT('',(-28.1109173402862,77.3596463008057,5.4));
#4484=CARTESIAN_POINT('',(-100.006331375131,77.3037762049073,5.4));
#4485=CARTESIAN_POINT('',(-28.1109173402862,77.3596463008057,2.66));
#4486=CARTESIAN_POINT('',(-28.1109173402862,77.3596463008057,2.905));
#4487=CARTESIAN_POINT('',(-54.5037888183837,77.3391363381007,2.66));
#4488=CARTESIAN_POINT('',(-99.997143376649,77.3037833449226,2.66));
#4489=CARTESIAN_POINT('',(-54.5037888183837,77.3391363381007,5.4));
#4490=CARTESIAN_POINT('',(-54.5037888183837,77.3391363381007,2.905));
#4491=CARTESIAN_POINT('',(-97.7108963249907,77.3055599929013,5.4));
#4492=CARTESIAN_POINT('',(-100.006331375131,77.3037762049073,5.4));
#4493=CARTESIAN_POINT('',(-97.7108963249907,77.3055599929013,2.66));
#4494=CARTESIAN_POINT('',(-97.7108963249907,77.3055599929013,2.905));
#4495=CARTESIAN_POINT('',(-124.103767803088,77.2850500301964,2.66));
#4496=CARTESIAN_POINT('',(-99.997143376649,77.3037833449226,2.66));
#4497=CARTESIAN_POINT('',(-124.103767803088,77.2850500301964,5.4));
#4498=CARTESIAN_POINT('',(-124.103767803088,77.2850500301964,2.905));
#4499=CARTESIAN_POINT('',(-167.310875309695,77.251473684997,5.4));
#4500=CARTESIAN_POINT('',(-100.006331375131,77.3037762049073,5.4));
#4501=CARTESIAN_POINT('',(-167.310875309695,77.251473684997,2.66));
#4502=CARTESIAN_POINT('',(-167.310875309695,77.251473684997,2.905));
#4503=CARTESIAN_POINT('',(-193.703746787793,77.2309637222921,2.66));
#4504=CARTESIAN_POINT('',(-99.997143376649,77.3037833449226,2.66));
#4505=CARTESIAN_POINT('',(-193.703746787793,77.230963722292,5.4));
#4506=CARTESIAN_POINT('',(-193.703746787793,77.2309637222921,2.905));
#4507=CARTESIAN_POINT('',(-200.034647873101,77.2260439641196,5.4));
#4508=CARTESIAN_POINT('',(-100.006331375131,77.3037762049073,5.4));
#4509=CARTESIAN_POINT('',(-200.034647873101,77.2260439641196,-2.85));
#4510=CARTESIAN_POINT('',(-200.034647873101,77.2260439641196,1.15));
#4511=CARTESIAN_POINT('',(201.827855573397,77.5383322638241,-2.85));
#4512=CARTESIAN_POINT('',(100.842288723634,77.4598561415292,-2.85));
#4513=CARTESIAN_POINT('',(201.827855573397,77.5383322638241,5.4));
#4514=CARTESIAN_POINT('',(201.827855573397,77.5383322638241,1.15));
#4515=CARTESIAN_POINT('',(-100.006331375131,77.3037762049073,5.4));
#4516=CARTESIAN_POINT('Origin',(-0.000632701333742602,-0.000684513235604811,
5.4));
#4517=CARTESIAN_POINT('',(207.052748,72.3134398372208,5.4));
#4518=CARTESIAN_POINT('',(170.784809214671,108.58137862255,5.4));
#4519=CARTESIAN_POINT('',(207.052748,61.2429471493925,5.4));
#4520=CARTESIAN_POINT('',(207.052748,36.1149563057553,5.4));
#4521=CARTESIAN_POINT('',(209.832646987322,58.4630481620702,5.4));
#4522=CARTESIAN_POINT('',(171.843813624578,96.4518815248146,5.4));
#4523=CARTESIAN_POINT('',(209.832646987322,37.634621037324,5.4));
#4524=CARTESIAN_POINT('',(209.832646987322,19.0240750432307,5.4));
#4525=CARTESIAN_POINT('',(207.052748,34.8547220500016,5.4));
#4526=CARTESIAN_POINT('',(146.82910457445,-25.3689213755477,5.4));
#4527=CARTESIAN_POINT('',(207.052748,22.6909001627792,5.4));
#4528=CARTESIAN_POINT('',(207.052748,36.1149563057553,5.4));
#4529=CARTESIAN_POINT('',(199.764017837221,15.40217,5.4));
#4530=CARTESIAN_POINT('',(149.587217333782,-34.7746305034393,5.4));
#4531=CARTESIAN_POINT('',(179.804017837221,15.40217,5.4));
#4532=CARTESIAN_POINT('',(99.8402712117062,15.40217,5.4));
#4533=CARTESIAN_POINT('',(177.052748,12.6509001627792,5.4));
#4534=CARTESIAN_POINT('',(131.031430896154,-33.3704169410662,5.4));
#4535=CARTESIAN_POINT('',(177.052748,6.02852439366364,5.4));
#4536=CARTESIAN_POINT('',(177.052748,6.36652918100909,5.4));
#4537=CARTESIAN_POINT('',(179.832646987322,3.2486254063413,5.4));
#4538=CARTESIAN_POINT('',(135.540207935645,47.5410644580178,5.4));
#4539=CARTESIAN_POINT('',(179.832646987322,-17.5798017184049,5.4));
#4540=CARTESIAN_POINT('',(179.832646987322,-8.5831363346337,5.4));
#4541=CARTESIAN_POINT('',(177.052748,-20.3597007057272,5.4));
#4542=CARTESIAN_POINT('',(138.132710263382,-59.2797384423446,5.4));
#4543=CARTESIAN_POINT('',(177.052748,-38.9714756063364,5.4));
#4544=CARTESIAN_POINT('',(177.052748,6.36652918100909,5.4));
#4545=CARTESIAN_POINT('',(179.832646987322,-41.7513745936587,5.4));
#4546=CARTESIAN_POINT('',(124.290207935645,13.7910644580177,5.4));
#4547=CARTESIAN_POINT('',(179.832646987322,-62.5798017184049,5.4));
#4548=CARTESIAN_POINT('',(179.832646987322,-31.0831363346337,5.4));
#4549=CARTESIAN_POINT('',(177.052748,-65.3597007057272,5.4));
#4550=CARTESIAN_POINT('',(149.382710263382,-93.0297384423448,5.4));
#4551=CARTESIAN_POINT('',(177.052748,-69.9553186317209,5.4));
#4552=CARTESIAN_POINT('',(177.052748,6.36652918100909,5.4));
#4553=CARTESIAN_POINT('',(169.456881184841,-77.5388342401969,5.4));
#4554=CARTESIAN_POINT('',(150.176658692552,-96.7877062600911,5.4));
#4555=CARTESIAN_POINT('',(166.193458412428,-77.5344963492803,5.4));
#4556=CARTESIAN_POINT('',(84.6352888867551,-77.4260854974133,5.4));
#4557=CARTESIAN_POINT('',(163.414620704263,-80.3133340574447,5.4));
#4558=CARTESIAN_POINT('',(142.785691719823,-100.942263041885,5.4));
#4559=CARTESIAN_POINT('',(142.584654245245,-80.2856459126357,5.4));
#4560=CARTESIAN_POINT('',(71.4462736418888,-80.19108552112,5.4));
#4561=CARTESIAN_POINT('',(139.813213860374,-77.4994305207927,5.4));
#4562=CARTESIAN_POINT('',(85.9232601210999,-23.322180526977,5.4));
#4563=CARTESIAN_POINT('',(82.1935326218909,-77.4228398032263,5.4));
#4564=CARTESIAN_POINT('',(84.6352888867551,-77.4260854974133,5.4));
#4565=CARTESIAN_POINT('',(79.4146949137264,-80.2016775113907,5.4));
#4566=CARTESIAN_POINT('',(79.7578332404066,-79.8585391847106,5.4));
#4567=CARTESIAN_POINT('',(58.5847284547076,-80.1739893665818,5.4));
#4568=CARTESIAN_POINT('',(29.4463107466203,-80.135257248093,5.4));
#4569=CARTESIAN_POINT('',(55.8132880698373,-77.3877739747387,5.4));
#4570=CARTESIAN_POINT('',(22.8395735659415,-44.2382711463415,5.4));
#4571=CARTESIAN_POINT('',(-1.80639316864608,-77.3111832571724,5.4));
#4572=CARTESIAN_POINT('',(84.6352888867551,-77.4260854974133,5.4));
#4573=CARTESIAN_POINT('',(-4.58523087681055,-80.0900209653368,5.4));
#4574=CARTESIAN_POINT('',(16.7299747609905,-58.7748153275359,5.4));
#4575=CARTESIAN_POINT('',(-25.4151973358293,-80.0623328205278,5.4));
#4576=CARTESIAN_POINT('',(-12.5536521486482,-80.0794289750661,5.4));
#4577=CARTESIAN_POINT('',(-28.1866377206996,-77.2761174286848,5.4));
#4578=CARTESIAN_POINT('',(-40.244112989217,-65.1543617657059,5.4));
#4579=CARTESIAN_POINT('',(-85.806318959183,-77.1995267111184,5.4));
#4580=CARTESIAN_POINT('',(84.6352888867551,-77.4260854974133,5.4));
#4581=CARTESIAN_POINT('',(-88.5851566673475,-79.9783644192828,5.4));
#4582=CARTESIAN_POINT('',(-46.2978837184255,-37.6910914703612,5.4));
#4583=CARTESIAN_POINT('',(-109.415123126366,-79.9506762744738,5.4));
#4584=CARTESIAN_POINT('',(-54.5536150439167,-80.0236007020391,5.4));
#4585=CARTESIAN_POINT('',(-112.186563511237,-77.1644608826308,5.4));
#4586=CARTESIAN_POINT('',(-103.327799544375,-86.0704523850704,5.4));
#4587=CARTESIAN_POINT('',(-169.80624474972,-77.0878701650644,5.4));
#4588=CARTESIAN_POINT('',(84.6352888867551,-77.4260854974133,5.4));
#4589=CARTESIAN_POINT('',(-172.585082457884,-79.8667078732288,5.4));
#4590=CARTESIAN_POINT('',(-109.325742197842,-16.6073676131865,5.4));
#4591=CARTESIAN_POINT('',(-193.415048916903,-79.8390197284198,5.4));
#4592=CARTESIAN_POINT('',(-96.5535779391852,-79.9677724290121,5.4));
#4593=CARTESIAN_POINT('',(-196.186489301774,-77.0528043365768,5.4));
#4594=CARTESIAN_POINT('',(-166.411486099534,-106.986543004435,5.4));
#4595=CARTESIAN_POINT('',(-200.840823705641,-77.0466175822574,5.4));
#4596=CARTESIAN_POINT('',(84.6352888867551,-77.4260854974133,5.4));
#4597=CARTESIAN_POINT('',(-207.053211980978,-70.8236989502392,5.4));
#4598=CARTESIAN_POINT('',(-170.006512938846,-107.933194285435,5.4));
#4599=CARTESIAN_POINT('',(-207.050811533295,-66.1143105335439,5.4));
#4600=CARTESIAN_POINT('',(-207.035114195815,-35.3180303985136,5.4));
#4601=CARTESIAN_POINT('',(-209.797360932343,-63.3677611344955,5.4));
#4602=CARTESIAN_POINT('',(-173.04339584385,-100.121726222989,5.4));
#4603=CARTESIAN_POINT('',(-209.786748976522,-42.5483855762974,5.4));
#4604=CARTESIAN_POINT('',(-209.775981301623,-21.4235079972944,5.4));
#4605=CARTESIAN_POINT('',(-207.037354078933,-39.712410532643,5.4));
#4606=CARTESIAN_POINT('',(-147.218593918421,21.9900793884494,5.4));
#4607=CARTESIAN_POINT('',(-207.02405147958,-13.6143173535488,5.4));
#4608=CARTESIAN_POINT('',(-207.035114195815,-35.3180303985136,5.4));
#4609=CARTESIAN_POINT('',(-209.770600878628,-10.8677679545005,5.4));
#4610=CARTESIAN_POINT('',(-159.898327508564,-60.7400413245636,5.4));
#4611=CARTESIAN_POINT('',(-209.759988922807,9.95160760369769,5.4));
#4612=CARTESIAN_POINT('',(-209.762601274766,4.82648859270314,5.4));
#4613=CARTESIAN_POINT('',(-207.010594025218,12.7875826473521,5.4));
#4614=CARTESIAN_POINT('',(-160.317008762507,60.9515777940444,5.4));
#4615=CARTESIAN_POINT('',(-206.997291425865,38.8856758264463,5.4));
#4616=CARTESIAN_POINT('',(-207.035114195815,-35.3180303985136,5.4));
#4617=CARTESIAN_POINT('',(-209.743840824913,41.6322252254946,5.4));
#4618=CARTESIAN_POINT('',(-146.753259173279,-21.3583564261384,5.4));
#4619=CARTESIAN_POINT('',(-209.733228869091,62.4516007836927,5.4));
#4620=CARTESIAN_POINT('',(-209.749221247908,31.0764851827007,5.4));
#4621=CARTESIAN_POINT('',(-206.983833971503,65.2875758273472,5.4));
#4622=CARTESIAN_POINT('',(-173.415423606594,99.9130761996394,5.4));
#4623=CARTESIAN_POINT('',(-206.981289560812,70.2794022764088,5.4));
#4624=CARTESIAN_POINT('',(-207.035114195815,-35.3180303985136,5.4));
#4625=CARTESIAN_POINT('',(-172.776878832344,104.483813004876,5.4));
#4626=CARTESIAN_POINT('',(-190.923225393353,80.0114851167314,5.4));
#4627=CARTESIAN_POINT('',(-163.341905320001,107.592805190083,5.4));
#4628=CARTESIAN_POINT('',(-170.095714842753,80.027670224327,5.4));
#4629=CARTESIAN_POINT('',(-85.2861993714549,80.0935758989251,5.4));
#4630=CARTESIAN_POINT('',(-106.294771474464,16.4247386792762,5.4));
#4631=CARTESIAN_POINT('',(-121.323246408649,80.0655714246357,5.4));
#4632=CARTESIAN_POINT('',(-111.155442658449,90.2333751748356,5.4));
#4633=CARTESIAN_POINT('',(-100.495735858049,80.0817565322313,5.4));
#4634=CARTESIAN_POINT('',(-50.4862098791027,80.1206190528772,5.4));
#4635=CARTESIAN_POINT('',(-54.1353519342017,33.8652561258085,5.4));
#4636=CARTESIAN_POINT('',(-51.7232674239443,80.11965773254,5.4));
#4637=CARTESIAN_POINT('',(-58.9689799968966,72.8739451595877,5.4));
#4638=CARTESIAN_POINT('',(-30.8957568733441,80.1358428401356,5.4));
#4639=CARTESIAN_POINT('',(-15.6862203867505,80.1476622068294,5.4));
#4640=CARTESIAN_POINT('',(-1.97593239393971,51.3057735723407,5.4));
#4641=CARTESIAN_POINT('',(17.8767115607601,80.1737440404443,5.4));
#4642=CARTESIAN_POINT('',(-6.78251733534457,55.5145151443399,5.4));
#4643=CARTESIAN_POINT('',(38.7042221113603,80.1899291480399,5.4));
#4644=CARTESIAN_POINT('',(19.1137691056017,80.1747053607815,5.4));
#4645=CARTESIAN_POINT('',(50.1834871463223,68.7462910188729,5.4));
#4646=CARTESIAN_POINT('',(87.4766905454645,80.2278303483486,5.4));
#4647=CARTESIAN_POINT('',(45.4039453262075,38.155085129092,5.4));
#4648=CARTESIAN_POINT('',(108.304201096065,80.2440154559442,5.4));
#4649=CARTESIAN_POINT('',(53.913758597954,80.2017485147336,5.4));
#4650=CARTESIAN_POINT('',(102.342906686584,86.1868084654051,5.4));
#4651=CARTESIAN_POINT('',(157.076669530169,80.2819166562529,5.4));
#4652=CARTESIAN_POINT('',(97.5904079877596,20.7956551138441,5.4));
#4653=CARTESIAN_POINT('',(177.904180080769,80.2981017638485,5.4));
#4654=CARTESIAN_POINT('',(88.7137480903062,80.2287916686858,5.4));
#4655=CARTESIAN_POINT('',(154.502326226846,103.627325911937,5.4));
#4656=CARTESIAN_POINT('',(-201.609882381185,81.0248209930535,5.4));
#4657=CARTESIAN_POINT('',(-201.609882381185,81.0248209930535,5.4));
#4658=CARTESIAN_POINT('',(-210.780487347669,71.8542160265693,5.4));
#4659=CARTESIAN_POINT('',(-210.780487347669,71.8542160265693,5.4));
#4660=CARTESIAN_POINT('',(-210.854013402667,-72.3950230461069,5.4));
#4661=CARTESIAN_POINT('',(-210.854013402667,-72.3950230461069,5.4));
#4662=CARTESIAN_POINT('',(-202.418811197202,-80.8445234061565,5.4));
#4663=CARTESIAN_POINT('',(-202.418811197202,-80.8445234061565,5.4));
#4664=CARTESIAN_POINT('',(171.026987958656,-81.3409246550825,5.4));
#4665=CARTESIAN_POINT('',(171.026987958656,-81.3409246550825,5.4));
#4666=CARTESIAN_POINT('',(180.852748,-71.5311417228752,5.4));
#4667=CARTESIAN_POINT('',(180.852748,-71.5311417228752,5.4));
#4668=CARTESIAN_POINT('',(180.852748,11.0768886257614,5.4));
#4669=CARTESIAN_POINT('',(180.852748,11.0768886257614,5.4));
#4670=CARTESIAN_POINT('',(181.378029374239,11.60217,5.4));
#4671=CARTESIAN_POINT('',(181.378029374239,11.60217,5.4));
#4672=CARTESIAN_POINT('',(201.338029374239,11.60217,5.4));
#4673=CARTESIAN_POINT('',(201.338029374239,11.60217,5.4));
#4674=CARTESIAN_POINT('',(210.852748,21.1168886257614,5.4));
#4675=CARTESIAN_POINT('',(210.852748,21.1168886257614,5.4));
#4676=CARTESIAN_POINT('',(210.852748,73.8874513742386,5.4));
#4677=CARTESIAN_POINT('',(210.852748,73.8874513742386,5.4));
#4678=CARTESIAN_POINT('',(203.400643745627,81.3395556286113,5.4));
#4679=CARTESIAN_POINT('',(203.400643745627,81.3395556286113,5.4));
#4680=CARTESIAN_POINT('',(-201.609882381185,81.0248209930535,5.4));
#4681=CARTESIAN_POINT('',(-76.8012258650647,79.2207215775464,5.4));
#4682=CARTESIAN_POINT('Origin',(-78.2012258650647,79.2207215775464,5.4));
#4683=CARTESIAN_POINT('',(175.997341285874,-75.0915548124689,5.4));
#4684=CARTESIAN_POINT('Origin',(174.597341285874,-75.0915548124689,5.4));
#4685=CARTESIAN_POINT('',(-203.451576790692,75.0961208150378,5.4));
#4686=CARTESIAN_POINT('Origin',(-204.851576790692,75.0961208150378,5.4));
#4687=CARTESIAN_POINT('',(54.48623314,-79.284150727057,5.4));
#4688=CARTESIAN_POINT('Origin',(53.08623314,-79.284150727057,5.4));
#4689=CARTESIAN_POINT('',(65.1770839094892,79.3310532570988,5.4));
#4690=CARTESIAN_POINT('Origin',(63.7770839094892,79.3310532570988,5.4));
#4691=CARTESIAN_POINT('',(206.151885802865,17.7030321971351,5.4));
#4692=CARTESIAN_POINT('Origin',(204.751885802865,17.7030321971351,5.4));
#4693=CARTESIAN_POINT('',(-203.891715071622,-75.27746574619,5.4));
#4694=CARTESIAN_POINT('Origin',(-205.291715071622,-75.27746574619,5.4));
#4695=CARTESIAN_POINT('',(-82.4387011956863,-79.1021438372567,5.4));
#4696=CARTESIAN_POINT('Origin',(-83.8387011956863,-79.1021438372567,5.4));
#4697=CARTESIAN_POINT('',(207.183498829756,76.2696947759737,5.4));
#4698=CARTESIAN_POINT('Origin',(205.783498829756,76.2696947759737,5.4));
#4699=CARTESIAN_POINT('Origin',(205.783498829756,76.2696947759737,1.5));
#4700=CARTESIAN_POINT('',(207.183498829756,76.2696947759737,1.5));
#4701=CARTESIAN_POINT('Origin',(205.783498829756,76.2696947759737,1.5));
#4702=CARTESIAN_POINT('Origin',(205.783498829756,76.2696947759737,8.5));
#4703=CARTESIAN_POINT('',(207.183498829756,76.2696947759737,8.5));
#4704=CARTESIAN_POINT('Origin',(-83.8387011956863,-79.1021438372567,1.5));
#4705=CARTESIAN_POINT('',(-82.4387011956863,-79.1021438372567,1.5));
#4706=CARTESIAN_POINT('Origin',(-83.8387011956863,-79.1021438372567,1.5));
#4707=CARTESIAN_POINT('Origin',(-83.8387011956863,-79.1021438372567,8.5));
#4708=CARTESIAN_POINT('',(-82.4387011956863,-79.1021438372567,8.5));
#4709=CARTESIAN_POINT('Origin',(-205.291715071622,-75.27746574619,1.5));
#4710=CARTESIAN_POINT('',(-203.891715071622,-75.27746574619,1.5));
#4711=CARTESIAN_POINT('Origin',(-205.291715071622,-75.27746574619,1.5));
#4712=CARTESIAN_POINT('Origin',(-205.291715071622,-75.27746574619,8.5));
#4713=CARTESIAN_POINT('',(-203.891715071622,-75.27746574619,8.5));
#4714=CARTESIAN_POINT('Origin',(204.751885802865,17.7030321971351,1.5));
#4715=CARTESIAN_POINT('',(206.151885802865,17.7030321971351,1.5));
#4716=CARTESIAN_POINT('Origin',(204.751885802865,17.7030321971351,1.5));
#4717=CARTESIAN_POINT('Origin',(204.751885802865,17.7030321971351,8.5));
#4718=CARTESIAN_POINT('',(206.151885802865,17.7030321971351,8.5));
#4719=CARTESIAN_POINT('Origin',(63.7770839094892,79.3310532570988,1.5));
#4720=CARTESIAN_POINT('',(65.1770839094892,79.3310532570988,1.5));
#4721=CARTESIAN_POINT('Origin',(63.7770839094892,79.3310532570988,1.5));
#4722=CARTESIAN_POINT('Origin',(63.7770839094892,79.3310532570988,8.5));
#4723=CARTESIAN_POINT('',(65.1770839094892,79.3310532570988,8.5));
#4724=CARTESIAN_POINT('Origin',(53.08623314,-79.284150727057,1.5));
#4725=CARTESIAN_POINT('',(54.48623314,-79.284150727057,1.5));
#4726=CARTESIAN_POINT('Origin',(53.08623314,-79.284150727057,1.5));
#4727=CARTESIAN_POINT('Origin',(53.08623314,-79.284150727057,8.5));
#4728=CARTESIAN_POINT('',(54.48623314,-79.284150727057,8.5));
#4729=CARTESIAN_POINT('Origin',(-204.851576790692,75.0961208150378,1.5));
#4730=CARTESIAN_POINT('',(-203.451576790692,75.0961208150378,1.5));
#4731=CARTESIAN_POINT('Origin',(-204.851576790692,75.0961208150378,1.5));
#4732=CARTESIAN_POINT('Origin',(-204.851576790692,75.0961208150378,8.5));
#4733=CARTESIAN_POINT('',(-203.451576790692,75.0961208150378,8.5));
#4734=CARTESIAN_POINT('Origin',(174.597341285874,-75.0915548124689,1.5));
#4735=CARTESIAN_POINT('',(175.997341285874,-75.0915548124689,1.5));
#4736=CARTESIAN_POINT('Origin',(174.597341285874,-75.0915548124689,1.5));
#4737=CARTESIAN_POINT('Origin',(174.597341285874,-75.0915548124689,8.5));
#4738=CARTESIAN_POINT('',(175.997341285874,-75.0915548124689,8.5));
#4739=CARTESIAN_POINT('Origin',(-78.2012258650647,79.2207215775464,1.5));
#4740=CARTESIAN_POINT('',(-76.8012258650647,79.2207215775464,1.5));
#4741=CARTESIAN_POINT('Origin',(-78.2012258650647,79.2207215775464,1.5));
#4742=CARTESIAN_POINT('Origin',(-78.2012258650647,79.2207215775464,8.5));
#4743=CARTESIAN_POINT('',(-76.8012258650647,79.2207215775464,8.5));
#4744=CARTESIAN_POINT('Origin',(209.832646987322,38.0488345996971,4.66));
#4745=CARTESIAN_POINT('',(209.832646987322,58.4630481620702,2.66));
#4746=CARTESIAN_POINT('',(209.832646987322,58.4630481620702,4.66));
#4747=CARTESIAN_POINT('',(209.832646987322,37.634621037324,2.66));
#4748=CARTESIAN_POINT('',(209.832646987322,19.0206666045486,2.66));
#4749=CARTESIAN_POINT('',(209.832646987322,37.634621037324,4.66));
#4750=CARTESIAN_POINT('Origin',(-0.00021090044459271,-0.000228171078529016,
-2.85));
#4751=CARTESIAN_POINT('',(-206.981289560812,70.2794022764088,-2.85));
#4752=CARTESIAN_POINT('',(-169.361863802169,107.898828035052,-2.85));
#4753=CARTESIAN_POINT('',(-207.053211980978,-70.8236989502392,-2.85));
#4754=CARTESIAN_POINT('',(-206.999195070292,35.1509553921175,-2.85));
#4755=CARTESIAN_POINT('',(-200.840823705641,-77.0466175822574,-2.85));
#4756=CARTESIAN_POINT('',(-173.054220786836,-104.880320396741,-2.85));
#4757=CARTESIAN_POINT('',(169.456881184841,-77.5388342401969,-2.85));
#4758=CARTESIAN_POINT('',(-100.430508375778,-77.1800875691938,-2.85));
#4759=CARTESIAN_POINT('',(177.052748,-69.9553186317209,-2.85));
#4760=CARTESIAN_POINT('',(146.437626392877,-100.520658732163,-2.85));
#4761=CARTESIAN_POINT('',(177.052748,12.6509001627792,-2.85));
#4762=CARTESIAN_POINT('',(177.052748,-34.9363043726851,-2.85));
#4763=CARTESIAN_POINT('',(179.804017837221,15.40217,-2.85));
#4764=CARTESIAN_POINT('',(129.597436869543,-34.8044109676777,-2.85));
#4765=CARTESIAN_POINT('',(199.764017837221,15.40217,-2.85));
#4766=CARTESIAN_POINT('',(89.8604821121508,15.40217,-2.85));
#4767=CARTESIAN_POINT('',(207.052748,22.6909001627792,-2.85));
#4768=CARTESIAN_POINT('',(146.001650431916,-38.3601974053047,-2.85));
#4769=CARTESIAN_POINT('',(207.052748,72.3134398372208,-2.85));
#4770=CARTESIAN_POINT('',(207.052748,11.3867573520876,-2.85));
#4771=CARTESIAN_POINT('',(173.338635955083,106.027551882138,-2.85));
#4772=CARTESIAN_POINT('Origin',(0.0177486041386032,-0.0075013905998933,
2.66));
#4773=CARTESIAN_POINT('',(-170.095714842753,80.027670224327,2.66));
#4774=CARTESIAN_POINT('',(-106.288457652858,16.4184444531694,2.66));
#4775=CARTESIAN_POINT('',(-190.923225393353,80.0114851167314,2.66));
#4776=CARTESIAN_POINT('',(-85.277011372973,80.0935830389404,2.66));
#4777=CARTESIAN_POINT('',(-163.339014212974,107.595696297111,2.66));
#4778=CARTESIAN_POINT('Origin',(0.0177486041386032,-0.0075013905998933,
2.66));
#4779=CARTESIAN_POINT('',(-100.495735858049,80.0817565322313,2.66));
#4780=CARTESIAN_POINT('',(-54.1290381125958,33.8589618997017,2.66));
#4781=CARTESIAN_POINT('',(-121.323246408649,80.0655714246357,2.66));
#4782=CARTESIAN_POINT('',(-50.4770218806208,80.1206261928925,2.66));
#4783=CARTESIAN_POINT('',(-111.152551551422,90.2362662818626,2.66));
#4784=CARTESIAN_POINT('Origin',(0.0177486041386032,-0.0075013905998933,
2.66));
#4785=CARTESIAN_POINT('',(-30.8957568733441,80.1358428401356,2.66));
#4786=CARTESIAN_POINT('',(-1.96961857233383,51.2994793462339,2.66));
#4787=CARTESIAN_POINT('',(-51.7232674239443,80.11965773254,2.66));
#4788=CARTESIAN_POINT('',(-15.6770323882686,80.1476693468446,2.66));
#4789=CARTESIAN_POINT('',(-58.9660888898696,72.8768362666148,2.66));
#4790=CARTESIAN_POINT('Origin',(0.0177486041386032,-0.0075013905998933,
2.66));
#4791=CARTESIAN_POINT('',(38.7042221113603,80.1899291480399,2.66));
#4792=CARTESIAN_POINT('',(50.1898009679282,68.7399967927661,2.66));
#4793=CARTESIAN_POINT('',(17.8767115607601,80.1737440404443,2.66));
#4794=CARTESIAN_POINT('',(19.1229571040836,80.1747125007968,2.66));
#4795=CARTESIAN_POINT('',(-6.77962622831755,55.5174062513669,2.66));
#4796=CARTESIAN_POINT('Origin',(0.0177486041386032,-0.0075013905998933,
2.66));
#4797=CARTESIAN_POINT('',(108.304201096065,80.2440154559442,2.66));
#4798=CARTESIAN_POINT('',(102.34922050819,86.1805142392983,2.66));
#4799=CARTESIAN_POINT('',(87.4766905454645,80.2278303483486,2.66));
#4800=CARTESIAN_POINT('',(53.9229465964359,80.2017556547489,2.66));
#4801=CARTESIAN_POINT('',(45.4068364332345,38.157976236119,2.66));
#4802=CARTESIAN_POINT('Origin',(0.0177486041386032,-0.0075013905998933,
2.66));
#4803=CARTESIAN_POINT('',(177.904180080769,80.2981017638485,2.66));
#4804=CARTESIAN_POINT('',(154.508640048452,103.621031685831,2.66));
#4805=CARTESIAN_POINT('',(157.076669530169,80.2819166562529,2.66));
#4806=CARTESIAN_POINT('',(88.7229360887881,80.2287988087011,2.66));
#4807=CARTESIAN_POINT('',(97.5932990947866,20.7985462208711,2.66));
#4808=CARTESIAN_POINT('Origin',(0.0177486041386032,-0.0075013905998933,
2.66));
#4809=CARTESIAN_POINT('',(-207.037354078933,-39.712410532643,2.66));
#4810=CARTESIAN_POINT('',(-207.050811533295,-66.1143105335438,2.66));
#4811=CARTESIAN_POINT('',(-207.03511593076,-35.3214341516944,2.66));
#4812=CARTESIAN_POINT('',(-209.786748976522,-42.5483855762973,2.66));
#4813=CARTESIAN_POINT('',(-147.215844424848,21.992915465275,2.66));
#4814=CARTESIAN_POINT('',(-209.797360932343,-63.3677611344955,2.66));
#4815=CARTESIAN_POINT('',(-209.775983036569,-21.4269117504752,2.66));
#4816=CARTESIAN_POINT('',(-173.03709629814,-100.128025768698,2.66));
#4817=CARTESIAN_POINT('Origin',(0.0177486041386032,-0.0075013905998933,
2.66));
#4818=CARTESIAN_POINT('',(-207.010594025218,12.7875826473521,2.66));
#4819=CARTESIAN_POINT('',(-207.02405147958,-13.6143173535488,2.66));
#4820=CARTESIAN_POINT('',(-207.03511593076,-35.3214341516944,2.66));
#4821=CARTESIAN_POINT('',(-209.759988922807,9.95160760369769,2.66));
#4822=CARTESIAN_POINT('',(-160.314259268935,60.95441387087,2.66));
#4823=CARTESIAN_POINT('',(-209.770600878628,-10.8677679545005,2.66));
#4824=CARTESIAN_POINT('',(-209.762603009711,4.82308483952233,2.66));
#4825=CARTESIAN_POINT('',(-159.892027962855,-60.7463408702728,2.66));
#4826=CARTESIAN_POINT('Origin',(0.0177486041386032,-0.0075013905998933,
2.66));
#4827=CARTESIAN_POINT('',(-206.983833971503,65.2875758273471,2.66));
#4828=CARTESIAN_POINT('',(-206.997291425865,38.8856758264463,2.66));
#4829=CARTESIAN_POINT('',(-207.03511593076,-35.3214341516944,2.66));
#4830=CARTESIAN_POINT('',(-209.733228869091,62.4516007836928,2.66));
#4831=CARTESIAN_POINT('',(-173.412674113022,99.915912276465,2.66));
#4832=CARTESIAN_POINT('',(-209.743840824913,41.6322252254945,2.66));
#4833=CARTESIAN_POINT('',(-209.749222982853,31.0730814295199,2.66));
#4834=CARTESIAN_POINT('',(-146.74695962757,-21.3646559718476,2.66));
#4835=CARTESIAN_POINT('Origin',(0.0177486041386032,-0.0075013905998933,
2.66));
#4836=CARTESIAN_POINT('',(139.813213860374,-77.4994305207927,2.66));
#4837=CARTESIAN_POINT('',(166.193458412428,-77.5344963492803,2.66));
#4838=CARTESIAN_POINT('',(84.6444840538971,-77.4260977200503,2.66));
#4839=CARTESIAN_POINT('',(142.584654245245,-80.2856459126357,2.66));
#4840=CARTESIAN_POINT('',(85.9295352095767,-23.3284890689882,2.66));
#4841=CARTESIAN_POINT('',(163.414620704263,-80.3133340574447,2.66));
#4842=CARTESIAN_POINT('',(71.4554688090307,-80.1910977437571,2.66));
#4843=CARTESIAN_POINT('',(142.78858282685,-100.939371934858,2.66));
#4844=CARTESIAN_POINT('Origin',(0.0177486041386032,-0.0075013905998933,
2.66));
#4845=CARTESIAN_POINT('',(55.8132880698373,-77.3877739747387,2.66));
#4846=CARTESIAN_POINT('',(82.1935326218909,-77.4228398032263,2.66));
#4847=CARTESIAN_POINT('',(84.6444840538971,-77.4260977200503,2.66));
#4848=CARTESIAN_POINT('',(58.5847284547076,-80.1739893665818,2.66));
#4849=CARTESIAN_POINT('',(22.8458486544183,-44.2445796883526,2.66));
#4850=CARTESIAN_POINT('',(79.4146949137264,-80.2016775113908,2.66));
#4851=CARTESIAN_POINT('',(29.4555059137623,-80.1352694707301,2.66));
#4852=CARTESIAN_POINT('',(79.7607243474336,-79.8556480776836,2.66));
#4853=CARTESIAN_POINT('Origin',(0.0177486041386032,-0.0075013905998933,
2.66));
#4854=CARTESIAN_POINT('',(-28.1866377206997,-77.2761174286848,2.66));
#4855=CARTESIAN_POINT('',(-1.8063931686461,-77.3111832571724,2.66));
#4856=CARTESIAN_POINT('',(84.6444840538971,-77.4260977200503,2.66));
#4857=CARTESIAN_POINT('',(-25.4151973358293,-80.0623328205278,2.66));
#4858=CARTESIAN_POINT('',(-40.2378379007402,-65.1606703077171,2.66));
#4859=CARTESIAN_POINT('',(-4.58523087681055,-80.0900209653368,2.66));
#4860=CARTESIAN_POINT('',(-12.5444569815062,-80.0794411977031,2.66));
#4861=CARTESIAN_POINT('',(16.7328658680176,-58.7719242205089,2.66));
#4862=CARTESIAN_POINT('Origin',(0.0177486041386032,-0.0075013905998933,
2.66));
#4863=CARTESIAN_POINT('',(-112.186563511237,-77.1644608826308,2.66));
#4864=CARTESIAN_POINT('',(-85.8063189591831,-77.1995267111184,2.66));
#4865=CARTESIAN_POINT('',(84.6444840538971,-77.4260977200503,2.66));
#4866=CARTESIAN_POINT('',(-109.415123126366,-79.9506762744738,2.66));
#4867=CARTESIAN_POINT('',(-103.321524455899,-86.0767609270815,2.66));
#4868=CARTESIAN_POINT('',(-88.5851566673475,-79.9783644192828,2.66));
#4869=CARTESIAN_POINT('',(-54.5444198767747,-80.0236129246761,2.66));
#4870=CARTESIAN_POINT('',(-46.2949926113985,-37.6882003633342,2.66));
#4871=CARTESIAN_POINT('Origin',(0.0177486041386032,-0.0075013905998933,
2.66));
#4872=CARTESIAN_POINT('',(-196.186489301774,-77.0528043365768,2.66));
#4873=CARTESIAN_POINT('',(-169.80624474972,-77.0878701650644,2.66));
#4874=CARTESIAN_POINT('',(84.6444840538971,-77.4260977200503,2.66));
#4875=CARTESIAN_POINT('',(-193.415048916903,-79.8390197284198,2.66));
#4876=CARTESIAN_POINT('',(-166.405211011057,-106.992851546446,2.66));
#4877=CARTESIAN_POINT('',(-172.585082457884,-79.8667078732288,2.66));
#4878=CARTESIAN_POINT('',(-96.5443827720432,-79.9677846516491,2.66));
#4879=CARTESIAN_POINT('',(-109.322851090815,-16.6044765061594,2.66));
#4880=CARTESIAN_POINT('Origin',(0.0177486041386032,-0.0075013905998933,
2.66));
#4881=CARTESIAN_POINT('',(177.052748,-20.3597007057272,2.66));
#4882=CARTESIAN_POINT('',(177.052748,6.02852439366364,2.66));
#4883=CARTESIAN_POINT('',(177.052748,6.36312074232695,2.66));
#4884=CARTESIAN_POINT('',(179.832646987322,-17.5798017184049,2.66));
#4885=CARTESIAN_POINT('',(138.135601370409,-59.2768473353175,2.66));
#4886=CARTESIAN_POINT('',(179.832646987322,3.2486254063413,2.66));
#4887=CARTESIAN_POINT('',(179.832646987322,-8.58654477331584,2.66));
#4888=CARTESIAN_POINT('',(135.546507481355,47.5347649123087,2.66));
#4889=CARTESIAN_POINT('Origin',(0.0177486041386032,-0.0075013905998933,
2.66));
#4890=CARTESIAN_POINT('',(177.052748,-65.3597007057272,2.66));
#4891=CARTESIAN_POINT('',(177.052748,-38.9714756063364,2.66));
#4892=CARTESIAN_POINT('',(177.052748,6.36312074232695,2.66));
#4893=CARTESIAN_POINT('',(179.832646987322,-62.5798017184049,2.66));
#4894=CARTESIAN_POINT('',(149.385601370409,-93.0268473353177,2.66));
#4895=CARTESIAN_POINT('',(179.832646987322,-41.7513745936587,2.66));
#4896=CARTESIAN_POINT('',(179.832646987322,-31.0865447733158,2.66));
#4897=CARTESIAN_POINT('',(124.296507481355,13.7847649123086,2.66));
#4898=CARTESIAN_POINT('Origin',(201.88649860478,77.4796892324411,1.15));
#4899=CARTESIAN_POINT('',(207.052748,72.3134398372208,1.15));
#4900=CARTESIAN_POINT('Origin',(180.180179589823,78.0291660188812,4.66));
#4901=CARTESIAN_POINT('',(177.904180080769,80.2981017638485,4.66));
#4902=CARTESIAN_POINT('Origin',(177.49042178603,80.2977802313013,4.66));
#4903=CARTESIAN_POINT('',(157.076669530169,80.2819166562529,4.66));
#4904=CARTESIAN_POINT('Origin',(156.784098145847,79.9893452719306,4.66));
#4905=CARTESIAN_POINT('Origin',(110.580200605119,77.9750797109769,4.66));
#4906=CARTESIAN_POINT('',(108.304201096065,80.2440154559442,4.66));
#4907=CARTESIAN_POINT('Origin',(107.890442801326,80.243693923397,4.66));
#4908=CARTESIAN_POINT('',(87.4766905454645,80.2278303483486,4.66));
#4909=CARTESIAN_POINT('Origin',(87.1841191611422,79.9352589640263,4.66));
#4910=CARTESIAN_POINT('Origin',(40.9802216204146,77.9209934030726,4.66));
#4911=CARTESIAN_POINT('',(38.7042221113603,80.1899291480399,4.66));
#4912=CARTESIAN_POINT('Origin',(38.2904638166212,80.1896076154927,4.66));
#4913=CARTESIAN_POINT('',(17.8767115607601,80.1737440404443,4.66));
#4914=CARTESIAN_POINT('Origin',(17.5841401764377,79.8811726561219,4.66));
#4915=CARTESIAN_POINT('Origin',(-28.6197573642898,77.8669070951683,4.66));
#4916=CARTESIAN_POINT('',(-30.8957568733441,80.1358428401356,4.66));
#4917=CARTESIAN_POINT('Origin',(-31.3095151680833,80.1355213075884,4.66));
#4918=CARTESIAN_POINT('',(-51.7232674239443,80.11965773254,4.66));
#4919=CARTESIAN_POINT('Origin',(-52.0158388082667,79.8270863482176,4.66));
#4920=CARTESIAN_POINT('Origin',(-98.2197363489943,77.8128207872639,4.66));
#4921=CARTESIAN_POINT('',(-100.495735858049,80.0817565322313,4.66));
#4922=CARTESIAN_POINT('Origin',(-100.909494152788,80.0814349996841,4.66));
#4923=CARTESIAN_POINT('',(-121.323246408649,80.0655714246357,4.66));
#4924=CARTESIAN_POINT('Origin',(-121.615817792971,79.7730000403133,4.66));
#4925=CARTESIAN_POINT('Origin',(-167.819715333699,77.7587344793596,4.66));
#4926=CARTESIAN_POINT('',(-170.095714842753,80.027670224327,4.66));
#4927=CARTESIAN_POINT('Origin',(-170.509473137492,80.0273486917798,4.66));
#4928=CARTESIAN_POINT('',(-190.923225393353,80.0114851167314,4.66));
#4929=CARTESIAN_POINT('Origin',(-191.215796777676,79.718913732409,4.66));
#4930=CARTESIAN_POINT('Origin',(-206.922753138794,70.3379386984271,1.15));
#4931=CARTESIAN_POINT('',(-206.981289560812,70.2794022764088,1.15));
#4932=CARTESIAN_POINT('Origin',(-207.502442961615,64.7526355193317,4.66));
#4933=CARTESIAN_POINT('',(-209.733228869091,62.4516007836928,4.66));
#4934=CARTESIAN_POINT('',(-206.983833971503,65.2875758273471,2.905));
#4935=CARTESIAN_POINT('Origin',(-209.733435235533,62.0467347517813,4.66));
#4936=CARTESIAN_POINT('',(-209.743840824913,41.6322252254945,4.66));
#4937=CARTESIAN_POINT('Origin',(-209.450736452801,41.339120853383,4.66));
#4938=CARTESIAN_POINT('',(-206.997291425865,38.8856758264463,2.905));
#4939=CARTESIAN_POINT('Origin',(-207.52920301533,12.2526423393366,4.66));
#4940=CARTESIAN_POINT('',(-209.759988922807,9.95160760369769,4.66));
#4941=CARTESIAN_POINT('',(-207.010594025218,12.7875826473521,2.905));
#4942=CARTESIAN_POINT('Origin',(-209.760195289248,9.54674157178625,4.66));
#4943=CARTESIAN_POINT('',(-209.770600878628,-10.8677679545005,4.66));
#4944=CARTESIAN_POINT('Origin',(-209.477496506517,-11.160872326612,4.66));
#4945=CARTESIAN_POINT('',(-207.02405147958,-13.6143173535488,2.905));
#4946=CARTESIAN_POINT('Origin',(-207.555963069045,-40.2473508406584,4.66));
#4947=CARTESIAN_POINT('',(-209.786748976522,-42.5483855762973,4.66));
#4948=CARTESIAN_POINT('',(-207.037354078933,-39.712410532643,2.905));
#4949=CARTESIAN_POINT('Origin',(-209.786955342963,-42.9532516082088,4.66));
#4950=CARTESIAN_POINT('',(-209.797360932343,-63.3677611344955,4.66));
#4951=CARTESIAN_POINT('Origin',(-209.504256560232,-63.6608655066071,4.66));
#4952=CARTESIAN_POINT('',(-207.050811533295,-66.1143105335438,2.905));
#4953=CARTESIAN_POINT('Origin',(-207.053169774908,-70.7408957389739,1.15));
#4954=CARTESIAN_POINT('',(-207.053211980978,-70.8236989502392,1.15));
#4955=CARTESIAN_POINT('Origin',(-200.899312795072,-76.9880293504437,1.15));
#4956=CARTESIAN_POINT('',(-200.840823705641,-77.0466175822574,1.15));
#4957=CARTESIAN_POINT('Origin',(-195.682340180219,-77.5596411604634,4.66));
#4958=CARTESIAN_POINT('',(-193.415048916903,-79.8390197284198,4.66));
#4959=CARTESIAN_POINT('',(-196.186489301774,-77.0528043365768,2.905));
#4960=CARTESIAN_POINT('Origin',(-193.000056852934,-79.8395713548655,4.66));
#4961=CARTESIAN_POINT('',(-172.585082457884,-79.8667078732288,4.66));
#4962=CARTESIAN_POINT('Origin',(-172.291638496071,-79.5732639114157,4.66));
#4963=CARTESIAN_POINT('',(-169.80624474972,-77.0878701650644,2.905));
#4964=CARTESIAN_POINT('Origin',(-111.682414389682,-77.6712977065174,4.66));
#4965=CARTESIAN_POINT('',(-109.415123126366,-79.9506762744738,4.66));
#4966=CARTESIAN_POINT('',(-112.186563511237,-77.1644608826308,2.905));
#4967=CARTESIAN_POINT('Origin',(-109.000131062397,-79.9512279009195,4.66));
#4968=CARTESIAN_POINT('',(-88.5851566673475,-79.9783644192828,4.66));
#4969=CARTESIAN_POINT('Origin',(-88.2917127055344,-79.6849204574697,4.66));
#4970=CARTESIAN_POINT('',(-85.8063189591831,-77.1995267111184,2.905));
#4971=CARTESIAN_POINT('Origin',(-27.6824885991453,-77.7829542525714,4.66));
#4972=CARTESIAN_POINT('',(-25.4151973358293,-80.0623328205278,4.66));
#4973=CARTESIAN_POINT('',(-28.1866377206997,-77.2761174286848,2.905));
#4974=CARTESIAN_POINT('Origin',(-25.0002052718601,-80.0628844469735,4.66));
#4975=CARTESIAN_POINT('',(-4.58523087681055,-80.0900209653368,4.66));
#4976=CARTESIAN_POINT('Origin',(-4.2917869149974,-79.7965770035236,4.66));
#4977=CARTESIAN_POINT('',(-1.8063931686461,-77.3111832571724,2.905));
#4978=CARTESIAN_POINT('Origin',(56.3174371913916,-77.8946107986253,4.66));
#4979=CARTESIAN_POINT('',(58.5847284547076,-80.1739893665818,4.66));
#4980=CARTESIAN_POINT('',(55.8132880698373,-77.3877739747387,2.905));
#4981=CARTESIAN_POINT('Origin',(58.9997205186769,-80.1745409930274,4.66));
#4982=CARTESIAN_POINT('',(79.4146949137264,-80.2016775113908,4.66));
#4983=CARTESIAN_POINT('Origin',(79.7081388755396,-79.9082335495776,4.66));
#4984=CARTESIAN_POINT('',(82.1935326218909,-77.4228398032263,2.905));
#4985=CARTESIAN_POINT('Origin',(140.317362981929,-78.0062673446793,4.66));
#4986=CARTESIAN_POINT('',(142.584654245245,-80.2856459126357,4.66));
#4987=CARTESIAN_POINT('',(139.813213860374,-77.4994305207927,2.905));
#4988=CARTESIAN_POINT('Origin',(142.999646309214,-80.2861975390814,4.66));
#4989=CARTESIAN_POINT('',(163.414620704263,-80.3133340574447,4.66));
#4990=CARTESIAN_POINT('Origin',(163.708064666077,-80.0198900956316,4.66));
#4991=CARTESIAN_POINT('',(166.193458412428,-77.5344963492803,2.905));
#4992=CARTESIAN_POINT('Origin',(169.3739781373,-77.5387240416716,1.15));
#4993=CARTESIAN_POINT('',(169.456881184841,-77.5388342401969,1.15));
#4994=CARTESIAN_POINT('Origin',(176.994054237294,-70.0139169558399,1.15));
#4995=CARTESIAN_POINT('',(177.052748,-69.9553186317209,1.15));
#4996=CARTESIAN_POINT('Origin',(177.559854781187,-64.8525939245407,4.66));
#4997=CARTESIAN_POINT('',(179.832646987322,-62.5798017184049,4.66));
#4998=CARTESIAN_POINT('',(177.052748,-65.3597007057272,2.905));
#4999=CARTESIAN_POINT('Origin',(179.832646987322,-62.1655881560318,4.66));
#5000=CARTESIAN_POINT('',(179.832646987322,-41.7513745936587,4.66));
#5001=CARTESIAN_POINT('Origin',(179.539753768509,-41.4584813748452,4.66));
#5002=CARTESIAN_POINT('',(177.052748,-38.9714756063364,2.905));
#5003=CARTESIAN_POINT('Origin',(177.559854781187,-19.8525939245407,4.66));
#5004=CARTESIAN_POINT('',(179.832646987322,-17.5798017184049,4.66));
#5005=CARTESIAN_POINT('',(177.052748,-20.3597007057272,2.905));
#5006=CARTESIAN_POINT('Origin',(179.832646987322,-17.1655881560318,4.66));
#5007=CARTESIAN_POINT('',(179.832646987322,3.2486254063413,4.66));
#5008=CARTESIAN_POINT('Origin',(179.539753768509,3.54151862515476,4.66));
#5009=CARTESIAN_POINT('',(177.052748,6.02852439366364,2.905));
#5010=CARTESIAN_POINT('Origin',(177.052748,12.7337428752538,1.15));
#5011=CARTESIAN_POINT('',(177.052748,12.6509001627792,1.15));
#5012=CARTESIAN_POINT('Origin',(179.862596480984,15.4607486437627,1.15));
#5013=CARTESIAN_POINT('',(179.804017837221,15.40217,1.15));
#5014=CARTESIAN_POINT('Origin',(199.681175124746,15.40217,1.15));
#5015=CARTESIAN_POINT('',(199.764017837221,15.40217,1.15));
#5016=CARTESIAN_POINT('Origin',(206.994169356237,22.6323215190165,1.15));
#5017=CARTESIAN_POINT('',(207.052748,22.6909001627792,1.15));
#5018=CARTESIAN_POINT('Origin',(207.052748,72.2305971247462,1.15));
#5019=CARTESIAN_POINT('',(207.052748,34.8547220500017,2.66));
#5020=CARTESIAN_POINT('',(207.052748,34.8547220500017,2.905));
#5021=CARTESIAN_POINT('',(207.052748,61.2429471493925,2.66));
#5022=CARTESIAN_POINT('',(207.052748,36.1115478670731,2.66));
#5023=CARTESIAN_POINT('',(207.052748,61.2429471493925,2.905));
#5024=CARTESIAN_POINT('Origin',(203.400643745627,81.3395556286113,1.15));
#5025=CARTESIAN_POINT('',(210.852748,73.8874513742386,1.15));
#5026=CARTESIAN_POINT('',(203.400643745627,81.3395556286113,1.15));
#5027=CARTESIAN_POINT('Origin',(210.852748,73.8874513742386,1.15));
#5028=CARTESIAN_POINT('',(210.852748,21.1168886257614,1.15));
#5029=CARTESIAN_POINT('Origin',(210.852748,21.1168886257614,1.15));
#5030=CARTESIAN_POINT('',(201.338029374239,11.60217,1.15));
#5031=CARTESIAN_POINT('Origin',(201.338029374239,11.60217,1.15));
#5032=CARTESIAN_POINT('',(181.378029374239,11.60217,1.15));
#5033=CARTESIAN_POINT('Origin',(181.378029374239,11.60217,1.15));
#5034=CARTESIAN_POINT('',(180.852748,11.0768886257614,1.15));
#5035=CARTESIAN_POINT('Origin',(180.852748,11.0768886257614,1.15));
#5036=CARTESIAN_POINT('',(180.852748,-71.5311417228752,1.15));
#5037=CARTESIAN_POINT('Origin',(180.852748,-71.5311417228752,1.15));
#5038=CARTESIAN_POINT('',(171.026987958656,-81.3409246550825,1.15));
#5039=CARTESIAN_POINT('Origin',(171.026987958656,-81.3409246550825,1.15));
#5040=CARTESIAN_POINT('',(-202.418811197202,-80.8445234061565,1.15));
#5041=CARTESIAN_POINT('Origin',(-202.418811197202,-80.8445234061565,1.15));
#5042=CARTESIAN_POINT('',(-210.854013402667,-72.3950230461069,1.15));
#5043=CARTESIAN_POINT('Origin',(-210.854013402667,-72.3950230461069,1.15));
#5044=CARTESIAN_POINT('',(-210.780487347669,71.8542160265693,1.15));
#5045=CARTESIAN_POINT('Origin',(-210.780487347669,71.8542160265693,1.15));
#5046=CARTESIAN_POINT('',(-201.609882381185,81.0248209930535,1.15));
#5047=CARTESIAN_POINT('Origin',(-201.609882381185,81.0248209930535,1.15));
#5048=CARTESIAN_POINT('Origin',(207.559854781187,35.3618288311882,4.66));
#5049=CARTESIAN_POINT('',(146.831995681477,-25.3660302685206,2.66));
#5050=CARTESIAN_POINT('Origin',(0.0177486041386032,-0.0075013905998933,
2.66));
#5051=CARTESIAN_POINT('',(171.850113170287,96.4455819791054,2.66));
#5052=CARTESIAN_POINT('Origin',(209.539753768509,58.7559413808836,4.66));
#5053=UNCERTAINTY_MEASURE_WITH_UNIT(LENGTH_MEASURE(0.01),#5057,
'DISTANCE_ACCURACY_VALUE',
'Maximum model space distance between geometric entities at asserted c
onnectivities');
#5054=UNCERTAINTY_MEASURE_WITH_UNIT(LENGTH_MEASURE(0.01),#5057,
'DISTANCE_ACCURACY_VALUE',
'Maximum model space distance between geometric entities at asserted c
onnectivities');
#5055=(
GEOMETRIC_REPRESENTATION_CONTEXT(3)
GLOBAL_UNCERTAINTY_ASSIGNED_CONTEXT((#5053))
GLOBAL_UNIT_ASSIGNED_CONTEXT((#5057,#5059,#5060))
REPRESENTATION_CONTEXT('','3D')
);
#5056=(
GEOMETRIC_REPRESENTATION_CONTEXT(3)
GLOBAL_UNCERTAINTY_ASSIGNED_CONTEXT((#5054))
GLOBAL_UNIT_ASSIGNED_CONTEXT((#5057,#5059,#5060))
REPRESENTATION_CONTEXT('','3D')
);
#5057=(
LENGTH_UNIT()
NAMED_UNIT(*)
SI_UNIT(.MILLI.,.METRE.)
);
#5058=(
LENGTH_UNIT()
NAMED_UNIT(*)
SI_UNIT($,.METRE.)
);
#5059=(
NAMED_UNIT(*)
PLANE_ANGLE_UNIT()
SI_UNIT($,.RADIAN.)
);
#5060=(
NAMED_UNIT(*)
SI_UNIT($,.STERADIAN.)
SOLID_ANGLE_UNIT()
);
#5061=SHAPE_DEFINITION_REPRESENTATION(#5062,#5063);
#5062=PRODUCT_DEFINITION_SHAPE('',$,#5065);
#5063=SHAPE_REPRESENTATION('',(#3171),#5055);
#5064=PRODUCT_DEFINITION_CONTEXT('part definition',#5069,'design');
#5065=PRODUCT_DEFINITION('2026-09-11-23-24-51-523','case-bottom',#5066,
#5064);
#5066=PRODUCT_DEFINITION_FORMATION('',$,#5071);
#5067=PRODUCT_RELATED_PRODUCT_CATEGORY('case-bottom','case-bottom',(#5071));
#5068=APPLICATION_PROTOCOL_DEFINITION('international standard',
'automotive_design',2009,#5069);
#5069=APPLICATION_CONTEXT(
'Core Data for Automotive Mechanical Design Process');
#5070=PRODUCT_CONTEXT('part definition',#5069,'mechanical');
#5071=PRODUCT('2026-09-11-23-24-51-523','case-bottom',$,(#5070));
#5072=PRESENTATION_STYLE_ASSIGNMENT((#5074));
#5073=PRESENTATION_STYLE_ASSIGNMENT((#5075));
#5074=SURFACE_STYLE_USAGE(.BOTH.,#5076);
#5075=SURFACE_STYLE_USAGE(.BOTH.,#5077);
#5076=SURFACE_SIDE_STYLE('',(#5078));
#5077=SURFACE_SIDE_STYLE('',(#5079));
#5078=SURFACE_STYLE_FILL_AREA(#5080);
#5079=SURFACE_STYLE_FILL_AREA(#5081);
#5080=FILL_AREA_STYLE('Steel - Satin',(#5082));
#5081=FILL_AREA_STYLE('ABS Red matte',(#5083));
#5082=FILL_AREA_STYLE_COLOUR('Steel - Satin',#5084);
#5083=FILL_AREA_STYLE_COLOUR('ABS Red matte',#5085);
#5084=COLOUR_RGB('Steel - Satin',0.627450980392157,0.627450980392157,0.627450980392157);
#5085=COLOUR_RGB('ABS Red matte',1.,0.333333333333333,0.333333333333333);
ENDSEC;
END-ISO-10303-21;
