ISO-10303-21;
HEADER;
/* Generated by software containing ST-Developer
 * from STEP Tools, Inc. (www.steptools.com) 
 */

FILE_DESCRIPTION(
/* description */ (''),
/* implementation_level */ '2;1');

FILE_NAME(
/* name */ 'case-top.step',
/* time_stamp */ '2026-09-11T23:24:59+03:00',
/* author */ (''),
/* organization */ (''),
/* preprocessor_version */ 'ST-DEVELOPER v20.1',
/* originating_system */ 'Autodesk Translation Framework v15.8.0.0',
/* authorisation */ '');

FILE_SCHEMA (('AUTOMOTIVE_DESIGN { 1 0 10303 214 3 1 1 }'));
ENDSEC;

DATA;
#10=MECHANICAL_DESIGN_GEOMETRIC_PRESENTATION_REPRESENTATION('',(#13),#3601);
#11=SHAPE_REPRESENTATION_RELATIONSHIP('SRR','None',#3608,#12);
#12=ADVANCED_BREP_SHAPE_REPRESENTATION('',(#14),#3600);
#13=STYLED_ITEM('',(#3618),#14);
#14=MANIFOLD_SOLID_BREP('case-top',#2261);
#15=FACE_BOUND('',#252,.T.);
#16=FACE_BOUND('',#253,.T.);
#17=FACE_BOUND('',#254,.T.);
#18=FACE_BOUND('',#255,.T.);
#19=FACE_BOUND('',#256,.T.);
#20=FACE_BOUND('',#257,.T.);
#21=FACE_BOUND('',#258,.T.);
#22=FACE_BOUND('',#259,.T.);
#23=FACE_BOUND('',#260,.T.);
#24=FACE_BOUND('',#261,.T.);
#25=FACE_BOUND('',#354,.T.);
#26=FACE_BOUND('',#355,.T.);
#27=FACE_BOUND('',#356,.T.);
#28=FACE_BOUND('',#357,.T.);
#29=FACE_BOUND('',#358,.T.);
#30=FACE_BOUND('',#359,.T.);
#31=FACE_BOUND('',#360,.T.);
#32=FACE_BOUND('',#361,.T.);
#33=FACE_BOUND('',#362,.T.);
#34=PLANE('',#2305);
#35=PLANE('',#2309);
#36=PLANE('',#2310);
#37=PLANE('',#2311);
#38=PLANE('',#2312);
#39=PLANE('',#2313);
#40=PLANE('',#2314);
#41=PLANE('',#2315);
#42=PLANE('',#2316);
#43=PLANE('',#2317);
#44=PLANE('',#2318);
#45=PLANE('',#2319);
#46=PLANE('',#2320);
#47=PLANE('',#2321);
#48=PLANE('',#2322);
#49=PLANE('',#2323);
#50=PLANE('',#2324);
#51=PLANE('',#2325);
#52=PLANE('',#2326);
#53=PLANE('',#2327);
#54=PLANE('',#2328);
#55=PLANE('',#2329);
#56=PLANE('',#2330);
#57=PLANE('',#2331);
#58=PLANE('',#2332);
#59=PLANE('',#2333);
#60=PLANE('',#2334);
#61=PLANE('',#2335);
#62=PLANE('',#2336);
#63=PLANE('',#2337);
#64=PLANE('',#2338);
#65=PLANE('',#2339);
#66=PLANE('',#2340);
#67=PLANE('',#2341);
#68=PLANE('',#2342);
#69=PLANE('',#2343);
#70=PLANE('',#2344);
#71=PLANE('',#2345);
#72=PLANE('',#2346);
#73=PLANE('',#2347);
#74=PLANE('',#2348);
#75=PLANE('',#2349);
#76=PLANE('',#2350);
#77=PLANE('',#2351);
#78=PLANE('',#2352);
#79=PLANE('',#2353);
#80=PLANE('',#2354);
#81=PLANE('',#2355);
#82=PLANE('',#2356);
#83=PLANE('',#2357);
#84=PLANE('',#2358);
#85=PLANE('',#2359);
#86=PLANE('',#2360);
#87=PLANE('',#2361);
#88=PLANE('',#2362);
#89=PLANE('',#2363);
#90=PLANE('',#2364);
#91=PLANE('',#2365);
#92=PLANE('',#2366);
#93=PLANE('',#2367);
#94=PLANE('',#2368);
#95=PLANE('',#2369);
#96=PLANE('',#2370);
#97=PLANE('',#2371);
#98=PLANE('',#2372);
#99=PLANE('',#2373);
#100=PLANE('',#2374);
#101=PLANE('',#2375);
#102=PLANE('',#2376);
#103=PLANE('',#2377);
#104=PLANE('',#2378);
#105=PLANE('',#2379);
#106=PLANE('',#2380);
#107=PLANE('',#2381);
#108=PLANE('',#2382);
#109=PLANE('',#2383);
#110=PLANE('',#2384);
#111=PLANE('',#2385);
#112=PLANE('',#2386);
#113=PLANE('',#2387);
#114=PLANE('',#2388);
#115=PLANE('',#2389);
#116=PLANE('',#2390);
#117=PLANE('',#2391);
#118=PLANE('',#2392);
#119=PLANE('',#2393);
#120=PLANE('',#2394);
#121=PLANE('',#2395);
#122=PLANE('',#2396);
#123=PLANE('',#2397);
#124=PLANE('',#2398);
#125=PLANE('',#2399);
#126=PLANE('',#2400);
#127=PLANE('',#2401);
#128=PLANE('',#2402);
#129=PLANE('',#2403);
#130=FACE_OUTER_BOUND('',#237,.T.);
#131=FACE_OUTER_BOUND('',#238,.T.);
#132=FACE_OUTER_BOUND('',#239,.T.);
#133=FACE_OUTER_BOUND('',#240,.T.);
#134=FACE_OUTER_BOUND('',#241,.T.);
#135=FACE_OUTER_BOUND('',#242,.T.);
#136=FACE_OUTER_BOUND('',#243,.T.);
#137=FACE_OUTER_BOUND('',#244,.T.);
#138=FACE_OUTER_BOUND('',#245,.T.);
#139=FACE_OUTER_BOUND('',#246,.T.);
#140=FACE_OUTER_BOUND('',#247,.T.);
#141=FACE_OUTER_BOUND('',#248,.T.);
#142=FACE_OUTER_BOUND('',#249,.T.);
#143=FACE_OUTER_BOUND('',#250,.T.);
#144=FACE_OUTER_BOUND('',#251,.T.);
#145=FACE_OUTER_BOUND('',#262,.T.);
#146=FACE_OUTER_BOUND('',#263,.T.);
#147=FACE_OUTER_BOUND('',#264,.T.);
#148=FACE_OUTER_BOUND('',#265,.T.);
#149=FACE_OUTER_BOUND('',#266,.T.);
#150=FACE_OUTER_BOUND('',#267,.T.);
#151=FACE_OUTER_BOUND('',#268,.T.);
#152=FACE_OUTER_BOUND('',#269,.T.);
#153=FACE_OUTER_BOUND('',#270,.T.);
#154=FACE_OUTER_BOUND('',#271,.T.);
#155=FACE_OUTER_BOUND('',#272,.T.);
#156=FACE_OUTER_BOUND('',#273,.T.);
#157=FACE_OUTER_BOUND('',#274,.T.);
#158=FACE_OUTER_BOUND('',#275,.T.);
#159=FACE_OUTER_BOUND('',#276,.T.);
#160=FACE_OUTER_BOUND('',#277,.T.);
#161=FACE_OUTER_BOUND('',#278,.T.);
#162=FACE_OUTER_BOUND('',#279,.T.);
#163=FACE_OUTER_BOUND('',#280,.T.);
#164=FACE_OUTER_BOUND('',#281,.T.);
#165=FACE_OUTER_BOUND('',#282,.T.);
#166=FACE_OUTER_BOUND('',#283,.T.);
#167=FACE_OUTER_BOUND('',#284,.T.);
#168=FACE_OUTER_BOUND('',#285,.T.);
#169=FACE_OUTER_BOUND('',#286,.T.);
#170=FACE_OUTER_BOUND('',#287,.T.);
#171=FACE_OUTER_BOUND('',#288,.T.);
#172=FACE_OUTER_BOUND('',#289,.T.);
#173=FACE_OUTER_BOUND('',#290,.T.);
#174=FACE_OUTER_BOUND('',#291,.T.);
#175=FACE_OUTER_BOUND('',#292,.T.);
#176=FACE_OUTER_BOUND('',#293,.T.);
#177=FACE_OUTER_BOUND('',#294,.T.);
#178=FACE_OUTER_BOUND('',#295,.T.);
#179=FACE_OUTER_BOUND('',#296,.T.);
#180=FACE_OUTER_BOUND('',#297,.T.);
#181=FACE_OUTER_BOUND('',#298,.T.);
#182=FACE_OUTER_BOUND('',#299,.T.);
#183=FACE_OUTER_BOUND('',#300,.T.);
#184=FACE_OUTER_BOUND('',#301,.T.);
#185=FACE_OUTER_BOUND('',#302,.T.);
#186=FACE_OUTER_BOUND('',#303,.T.);
#187=FACE_OUTER_BOUND('',#304,.T.);
#188=FACE_OUTER_BOUND('',#305,.T.);
#189=FACE_OUTER_BOUND('',#306,.T.);
#190=FACE_OUTER_BOUND('',#307,.T.);
#191=FACE_OUTER_BOUND('',#308,.T.);
#192=FACE_OUTER_BOUND('',#309,.T.);
#193=FACE_OUTER_BOUND('',#310,.T.);
#194=FACE_OUTER_BOUND('',#311,.T.);
#195=FACE_OUTER_BOUND('',#312,.T.);
#196=FACE_OUTER_BOUND('',#313,.T.);
#197=FACE_OUTER_BOUND('',#314,.T.);
#198=FACE_OUTER_BOUND('',#315,.T.);
#199=FACE_OUTER_BOUND('',#316,.T.);
#200=FACE_OUTER_BOUND('',#317,.T.);
#201=FACE_OUTER_BOUND('',#318,.T.);
#202=FACE_OUTER_BOUND('',#319,.T.);
#203=FACE_OUTER_BOUND('',#320,.T.);
#204=FACE_OUTER_BOUND('',#321,.T.);
#205=FACE_OUTER_BOUND('',#322,.T.);
#206=FACE_OUTER_BOUND('',#323,.T.);
#207=FACE_OUTER_BOUND('',#324,.T.);
#208=FACE_OUTER_BOUND('',#325,.T.);
#209=FACE_OUTER_BOUND('',#326,.T.);
#210=FACE_OUTER_BOUND('',#327,.T.);
#211=FACE_OUTER_BOUND('',#328,.T.);
#212=FACE_OUTER_BOUND('',#329,.T.);
#213=FACE_OUTER_BOUND('',#330,.T.);
#214=FACE_OUTER_BOUND('',#331,.T.);
#215=FACE_OUTER_BOUND('',#332,.T.);
#216=FACE_OUTER_BOUND('',#333,.T.);
#217=FACE_OUTER_BOUND('',#334,.T.);
#218=FACE_OUTER_BOUND('',#335,.T.);
#219=FACE_OUTER_BOUND('',#336,.T.);
#220=FACE_OUTER_BOUND('',#337,.T.);
#221=FACE_OUTER_BOUND('',#338,.T.);
#222=FACE_OUTER_BOUND('',#339,.T.);
#223=FACE_OUTER_BOUND('',#340,.T.);
#224=FACE_OUTER_BOUND('',#341,.T.);
#225=FACE_OUTER_BOUND('',#342,.T.);
#226=FACE_OUTER_BOUND('',#343,.T.);
#227=FACE_OUTER_BOUND('',#344,.T.);
#228=FACE_OUTER_BOUND('',#345,.T.);
#229=FACE_OUTER_BOUND('',#346,.T.);
#230=FACE_OUTER_BOUND('',#347,.T.);
#231=FACE_OUTER_BOUND('',#348,.T.);
#232=FACE_OUTER_BOUND('',#349,.T.);
#233=FACE_OUTER_BOUND('',#350,.T.);
#234=FACE_OUTER_BOUND('',#351,.T.);
#235=FACE_OUTER_BOUND('',#352,.T.);
#236=FACE_OUTER_BOUND('',#353,.T.);
#237=EDGE_LOOP('',(#1507,#1508,#1509,#1510));
#238=EDGE_LOOP('',(#1511,#1512,#1513,#1514));
#239=EDGE_LOOP('',(#1515,#1516,#1517,#1518));
#240=EDGE_LOOP('',(#1519,#1520,#1521,#1522));
#241=EDGE_LOOP('',(#1523,#1524,#1525,#1526));
#242=EDGE_LOOP('',(#1527,#1528,#1529,#1530));
#243=EDGE_LOOP('',(#1531,#1532,#1533,#1534));
#244=EDGE_LOOP('',(#1535,#1536,#1537,#1538));
#245=EDGE_LOOP('',(#1539,#1540,#1541,#1542));
#246=EDGE_LOOP('',(#1543,#1544,#1545,#1546));
#247=EDGE_LOOP('',(#1547,#1548,#1549,#1550));
#248=EDGE_LOOP('',(#1551,#1552,#1553,#1554));
#249=EDGE_LOOP('',(#1555,#1556,#1557,#1558,#1559,#1560,#1561,#1562,#1563,
#1564,#1565,#1566,#1567,#1568,#1569,#1570,#1571,#1572,#1573,#1574,#1575,
#1576,#1577,#1578,#1579,#1580,#1581,#1582,#1583,#1584,#1585,#1586));
#250=EDGE_LOOP('',(#1587,#1588,#1589,#1590,#1591,#1592,#1593,#1594));
#251=EDGE_LOOP('',(#1595,#1596,#1597,#1598,#1599,#1600,#1601,#1602,#1603,
#1604,#1605,#1606));
#252=EDGE_LOOP('',(#1607,#1608,#1609,#1610,#1611,#1612,#1613,#1614,#1615,
#1616,#1617,#1618));
#253=EDGE_LOOP('',(#1619));
#254=EDGE_LOOP('',(#1620));
#255=EDGE_LOOP('',(#1621));
#256=EDGE_LOOP('',(#1622));
#257=EDGE_LOOP('',(#1623));
#258=EDGE_LOOP('',(#1624));
#259=EDGE_LOOP('',(#1625));
#260=EDGE_LOOP('',(#1626));
#261=EDGE_LOOP('',(#1627));
#262=EDGE_LOOP('',(#1628,#1629,#1630,#1631));
#263=EDGE_LOOP('',(#1632,#1633,#1634,#1635));
#264=EDGE_LOOP('',(#1636,#1637,#1638,#1639,#1640));
#265=EDGE_LOOP('',(#1641,#1642,#1643,#1644));
#266=EDGE_LOOP('',(#1645,#1646,#1647,#1648));
#267=EDGE_LOOP('',(#1649,#1650,#1651,#1652));
#268=EDGE_LOOP('',(#1653,#1654,#1655,#1656));
#269=EDGE_LOOP('',(#1657,#1658,#1659,#1660));
#270=EDGE_LOOP('',(#1661,#1662,#1663,#1664));
#271=EDGE_LOOP('',(#1665,#1666,#1667,#1668));
#272=EDGE_LOOP('',(#1669,#1670,#1671,#1672));
#273=EDGE_LOOP('',(#1673,#1674,#1675,#1676));
#274=EDGE_LOOP('',(#1677,#1678,#1679,#1680));
#275=EDGE_LOOP('',(#1681,#1682,#1683,#1684));
#276=EDGE_LOOP('',(#1685,#1686,#1687,#1688));
#277=EDGE_LOOP('',(#1689,#1690,#1691,#1692));
#278=EDGE_LOOP('',(#1693,#1694,#1695,#1696));
#279=EDGE_LOOP('',(#1697,#1698,#1699,#1700));
#280=EDGE_LOOP('',(#1701,#1702,#1703,#1704));
#281=EDGE_LOOP('',(#1705,#1706,#1707,#1708));
#282=EDGE_LOOP('',(#1709,#1710,#1711,#1712));
#283=EDGE_LOOP('',(#1713,#1714,#1715,#1716));
#284=EDGE_LOOP('',(#1717,#1718,#1719,#1720));
#285=EDGE_LOOP('',(#1721,#1722,#1723,#1724));
#286=EDGE_LOOP('',(#1725,#1726,#1727,#1728));
#287=EDGE_LOOP('',(#1729,#1730,#1731,#1732));
#288=EDGE_LOOP('',(#1733,#1734,#1735,#1736));
#289=EDGE_LOOP('',(#1737,#1738,#1739,#1740));
#290=EDGE_LOOP('',(#1741,#1742,#1743,#1744));
#291=EDGE_LOOP('',(#1745,#1746,#1747,#1748));
#292=EDGE_LOOP('',(#1749,#1750,#1751,#1752));
#293=EDGE_LOOP('',(#1753,#1754,#1755,#1756));
#294=EDGE_LOOP('',(#1757,#1758,#1759,#1760));
#295=EDGE_LOOP('',(#1761,#1762,#1763,#1764));
#296=EDGE_LOOP('',(#1765,#1766,#1767,#1768));
#297=EDGE_LOOP('',(#1769,#1770,#1771,#1772));
#298=EDGE_LOOP('',(#1773,#1774,#1775,#1776));
#299=EDGE_LOOP('',(#1777,#1778,#1779,#1780));
#300=EDGE_LOOP('',(#1781,#1782,#1783,#1784));
#301=EDGE_LOOP('',(#1785,#1786,#1787,#1788));
#302=EDGE_LOOP('',(#1789,#1790,#1791,#1792));
#303=EDGE_LOOP('',(#1793,#1794,#1795,#1796));
#304=EDGE_LOOP('',(#1797,#1798,#1799,#1800));
#305=EDGE_LOOP('',(#1801,#1802,#1803,#1804));
#306=EDGE_LOOP('',(#1805,#1806,#1807,#1808));
#307=EDGE_LOOP('',(#1809,#1810,#1811,#1812));
#308=EDGE_LOOP('',(#1813,#1814,#1815,#1816));
#309=EDGE_LOOP('',(#1817,#1818,#1819,#1820));
#310=EDGE_LOOP('',(#1821,#1822,#1823,#1824));
#311=EDGE_LOOP('',(#1825,#1826,#1827,#1828));
#312=EDGE_LOOP('',(#1829,#1830,#1831,#1832));
#313=EDGE_LOOP('',(#1833,#1834,#1835,#1836));
#314=EDGE_LOOP('',(#1837,#1838,#1839,#1840));
#315=EDGE_LOOP('',(#1841,#1842,#1843,#1844));
#316=EDGE_LOOP('',(#1845,#1846,#1847,#1848));
#317=EDGE_LOOP('',(#1849,#1850,#1851,#1852));
#318=EDGE_LOOP('',(#1853,#1854,#1855,#1856));
#319=EDGE_LOOP('',(#1857,#1858,#1859,#1860));
#320=EDGE_LOOP('',(#1861,#1862,#1863,#1864));
#321=EDGE_LOOP('',(#1865,#1866,#1867,#1868));
#322=EDGE_LOOP('',(#1869,#1870,#1871,#1872));
#323=EDGE_LOOP('',(#1873,#1874,#1875,#1876));
#324=EDGE_LOOP('',(#1877,#1878,#1879,#1880));
#325=EDGE_LOOP('',(#1881,#1882,#1883,#1884));
#326=EDGE_LOOP('',(#1885,#1886,#1887,#1888));
#327=EDGE_LOOP('',(#1889,#1890,#1891,#1892));
#328=EDGE_LOOP('',(#1893,#1894,#1895,#1896));
#329=EDGE_LOOP('',(#1897,#1898,#1899,#1900));
#330=EDGE_LOOP('',(#1901,#1902,#1903,#1904));
#331=EDGE_LOOP('',(#1905,#1906,#1907,#1908));
#332=EDGE_LOOP('',(#1909,#1910,#1911,#1912,#1913,#1914,#1915,#1916));
#333=EDGE_LOOP('',(#1917,#1918,#1919,#1920));
#334=EDGE_LOOP('',(#1921,#1922,#1923,#1924));
#335=EDGE_LOOP('',(#1925,#1926,#1927,#1928));
#336=EDGE_LOOP('',(#1929,#1930,#1931,#1932,#1933,#1934,#1935,#1936,#1937,
#1938,#1939,#1940));
#337=EDGE_LOOP('',(#1941,#1942,#1943,#1944));
#338=EDGE_LOOP('',(#1945,#1946,#1947,#1948,#1949,#1950,#1951,#1952,#1953,
#1954,#1955,#1956,#1957,#1958,#1959,#1960,#1961,#1962,#1963,#1964,#1965,
#1966,#1967,#1968));
#339=EDGE_LOOP('',(#1969,#1970,#1971,#1972));
#340=EDGE_LOOP('',(#1973,#1974,#1975,#1976,#1977,#1978,#1979,#1980,#1981,
#1982,#1983,#1984,#1985,#1986,#1987,#1988));
#341=EDGE_LOOP('',(#1989,#1990,#1991,#1992));
#342=EDGE_LOOP('',(#1993,#1994,#1995,#1996));
#343=EDGE_LOOP('',(#1997,#1998,#1999,#2000));
#344=EDGE_LOOP('',(#2001,#2002,#2003,#2004));
#345=EDGE_LOOP('',(#2005,#2006,#2007,#2008));
#346=EDGE_LOOP('',(#2009,#2010,#2011,#2012));
#347=EDGE_LOOP('',(#2013,#2014,#2015,#2016));
#348=EDGE_LOOP('',(#2017,#2018,#2019,#2020));
#349=EDGE_LOOP('',(#2021,#2022,#2023,#2024));
#350=EDGE_LOOP('',(#2025,#2026,#2027,#2028));
#351=EDGE_LOOP('',(#2029,#2030,#2031,#2032));
#352=EDGE_LOOP('',(#2033,#2034,#2035,#2036));
#353=EDGE_LOOP('',(#2037,#2038,#2039,#2040,#2041,#2042,#2043,#2044,#2045,
#2046,#2047,#2048,#2049,#2050,#2051,#2052,#2053,#2054,#2055,#2056,#2057,
#2058,#2059,#2060,#2061,#2062,#2063,#2064,#2065,#2066,#2067,#2068,#2069,
#2070,#2071,#2072,#2073,#2074,#2075,#2076,#2077,#2078,#2079,#2080,#2081,
#2082,#2083,#2084,#2085,#2086,#2087,#2088,#2089,#2090,#2091,#2092,#2093,
#2094,#2095,#2096,#2097,#2098,#2099,#2100,#2101,#2102,#2103,#2104,#2105,
#2106,#2107,#2108,#2109,#2110,#2111,#2112,#2113,#2114,#2115,#2116,#2117,
#2118,#2119,#2120,#2121,#2122,#2123,#2124,#2125,#2126,#2127,#2128,#2129,
#2130,#2131,#2132,#2133));
#354=EDGE_LOOP('',(#2134));
#355=EDGE_LOOP('',(#2135));
#356=EDGE_LOOP('',(#2136));
#357=EDGE_LOOP('',(#2137));
#358=EDGE_LOOP('',(#2138));
#359=EDGE_LOOP('',(#2139));
#360=EDGE_LOOP('',(#2140));
#361=EDGE_LOOP('',(#2141));
#362=EDGE_LOOP('',(#2142));
#363=LINE('',#2965,#659);
#364=LINE('',#2971,#660);
#365=LINE('',#2977,#661);
#366=LINE('',#2983,#662);
#367=LINE('',#2989,#663);
#368=LINE('',#2995,#664);
#369=LINE('',#3001,#665);
#370=LINE('',#3007,#666);
#371=LINE('',#3013,#667);
#372=LINE('',#3020,#668);
#373=LINE('',#3023,#669);
#374=LINE('',#3026,#670);
#375=LINE('',#3028,#671);
#376=LINE('',#3029,#672);
#377=LINE('',#3034,#673);
#378=LINE('',#3038,#674);
#379=LINE('',#3040,#675);
#380=LINE('',#3042,#676);
#381=LINE('',#3044,#677);
#382=LINE('',#3046,#678);
#383=LINE('',#3048,#679);
#384=LINE('',#3050,#680);
#385=LINE('',#3052,#681);
#386=LINE('',#3054,#682);
#387=LINE('',#3056,#683);
#388=LINE('',#3058,#684);
#389=LINE('',#3060,#685);
#390=LINE('',#3062,#686);
#391=LINE('',#3064,#687);
#392=LINE('',#3066,#688);
#393=LINE('',#3068,#689);
#394=LINE('',#3070,#690);
#395=LINE('',#3072,#691);
#396=LINE('',#3074,#692);
#397=LINE('',#3076,#693);
#398=LINE('',#3078,#694);
#399=LINE('',#3080,#695);
#400=LINE('',#3082,#696);
#401=LINE('',#3084,#697);
#402=LINE('',#3086,#698);
#403=LINE('',#3088,#699);
#404=LINE('',#3090,#700);
#405=LINE('',#3092,#701);
#406=LINE('',#3093,#702);
#407=LINE('',#3096,#703);
#408=LINE('',#3098,#704);
#409=LINE('',#3100,#705);
#410=LINE('',#3102,#706);
#411=LINE('',#3103,#707);
#412=LINE('',#3106,#708);
#413=LINE('',#3108,#709);
#414=LINE('',#3110,#710);
#415=LINE('',#3112,#711);
#416=LINE('',#3114,#712);
#417=LINE('',#3116,#713);
#418=LINE('',#3118,#714);
#419=LINE('',#3120,#715);
#420=LINE('',#3122,#716);
#421=LINE('',#3124,#717);
#422=LINE('',#3125,#718);
#423=LINE('',#3127,#719);
#424=LINE('',#3129,#720);
#425=LINE('',#3131,#721);
#426=LINE('',#3133,#722);
#427=LINE('',#3135,#723);
#428=LINE('',#3137,#724);
#429=LINE('',#3139,#725);
#430=LINE('',#3141,#726);
#431=LINE('',#3143,#727);
#432=LINE('',#3145,#728);
#433=LINE('',#3146,#729);
#434=LINE('',#3150,#730);
#435=LINE('',#3151,#731);
#436=LINE('',#3152,#732);
#437=LINE('',#3155,#733);
#438=LINE('',#3157,#734);
#439=LINE('',#3158,#735);
#440=LINE('',#3161,#736);
#441=LINE('',#3162,#737);
#442=LINE('',#3166,#738);
#443=LINE('',#3168,#739);
#444=LINE('',#3170,#740);
#445=LINE('',#3171,#741);
#446=LINE('',#3175,#742);
#447=LINE('',#3177,#743);
#448=LINE('',#3179,#744);
#449=LINE('',#3180,#745);
#450=LINE('',#3184,#746);
#451=LINE('',#3186,#747);
#452=LINE('',#3188,#748);
#453=LINE('',#3189,#749);
#454=LINE('',#3193,#750);
#455=LINE('',#3195,#751);
#456=LINE('',#3197,#752);
#457=LINE('',#3198,#753);
#458=LINE('',#3202,#754);
#459=LINE('',#3204,#755);
#460=LINE('',#3206,#756);
#461=LINE('',#3207,#757);
#462=LINE('',#3211,#758);
#463=LINE('',#3213,#759);
#464=LINE('',#3215,#760);
#465=LINE('',#3216,#761);
#466=LINE('',#3220,#762);
#467=LINE('',#3222,#763);
#468=LINE('',#3224,#764);
#469=LINE('',#3225,#765);
#470=LINE('',#3229,#766);
#471=LINE('',#3231,#767);
#472=LINE('',#3233,#768);
#473=LINE('',#3234,#769);
#474=LINE('',#3238,#770);
#475=LINE('',#3240,#771);
#476=LINE('',#3242,#772);
#477=LINE('',#3243,#773);
#478=LINE('',#3247,#774);
#479=LINE('',#3249,#775);
#480=LINE('',#3251,#776);
#481=LINE('',#3252,#777);
#482=LINE('',#3256,#778);
#483=LINE('',#3258,#779);
#484=LINE('',#3260,#780);
#485=LINE('',#3261,#781);
#486=LINE('',#3264,#782);
#487=LINE('',#3266,#783);
#488=LINE('',#3267,#784);
#489=LINE('',#3270,#785);
#490=LINE('',#3272,#786);
#491=LINE('',#3273,#787);
#492=LINE('',#3276,#788);
#493=LINE('',#3278,#789);
#494=LINE('',#3279,#790);
#495=LINE('',#3282,#791);
#496=LINE('',#3284,#792);
#497=LINE('',#3285,#793);
#498=LINE('',#3288,#794);
#499=LINE('',#3290,#795);
#500=LINE('',#3291,#796);
#501=LINE('',#3294,#797);
#502=LINE('',#3295,#798);
#503=LINE('',#3298,#799);
#504=LINE('',#3300,#800);
#505=LINE('',#3301,#801);
#506=LINE('',#3304,#802);
#507=LINE('',#3306,#803);
#508=LINE('',#3307,#804);
#509=LINE('',#3310,#805);
#510=LINE('',#3312,#806);
#511=LINE('',#3313,#807);
#512=LINE('',#3316,#808);
#513=LINE('',#3318,#809);
#514=LINE('',#3319,#810);
#515=LINE('',#3322,#811);
#516=LINE('',#3324,#812);
#517=LINE('',#3325,#813);
#518=LINE('',#3328,#814);
#519=LINE('',#3330,#815);
#520=LINE('',#3331,#816);
#521=LINE('',#3334,#817);
#522=LINE('',#3336,#818);
#523=LINE('',#3337,#819);
#524=LINE('',#3340,#820);
#525=LINE('',#3342,#821);
#526=LINE('',#3343,#822);
#527=LINE('',#3346,#823);
#528=LINE('',#3348,#824);
#529=LINE('',#3349,#825);
#530=LINE('',#3352,#826);
#531=LINE('',#3354,#827);
#532=LINE('',#3355,#828);
#533=LINE('',#3358,#829);
#534=LINE('',#3359,#830);
#535=LINE('',#3362,#831);
#536=LINE('',#3363,#832);
#537=LINE('',#3366,#833);
#538=LINE('',#3367,#834);
#539=LINE('',#3370,#835);
#540=LINE('',#3371,#836);
#541=LINE('',#3374,#837);
#542=LINE('',#3375,#838);
#543=LINE('',#3378,#839);
#544=LINE('',#3380,#840);
#545=LINE('',#3381,#841);
#546=LINE('',#3384,#842);
#547=LINE('',#3385,#843);
#548=LINE('',#3388,#844);
#549=LINE('',#3389,#845);
#550=LINE('',#3392,#846);
#551=LINE('',#3393,#847);
#552=LINE('',#3396,#848);
#553=LINE('',#3397,#849);
#554=LINE('',#3400,#850);
#555=LINE('',#3401,#851);
#556=LINE('',#3404,#852);
#557=LINE('',#3405,#853);
#558=LINE('',#3408,#854);
#559=LINE('',#3409,#855);
#560=LINE('',#3412,#856);
#561=LINE('',#3413,#857);
#562=LINE('',#3416,#858);
#563=LINE('',#3417,#859);
#564=LINE('',#3420,#860);
#565=LINE('',#3421,#861);
#566=LINE('',#3424,#862);
#567=LINE('',#3425,#863);
#568=LINE('',#3428,#864);
#569=LINE('',#3429,#865);
#570=LINE('',#3432,#866);
#571=LINE('',#3433,#867);
#572=LINE('',#3436,#868);
#573=LINE('',#3437,#869);
#574=LINE('',#3440,#870);
#575=LINE('',#3441,#871);
#576=LINE('',#3444,#872);
#577=LINE('',#3445,#873);
#578=LINE('',#3448,#874);
#579=LINE('',#3449,#875);
#580=LINE('',#3452,#876);
#581=LINE('',#3453,#877);
#582=LINE('',#3456,#878);
#583=LINE('',#3457,#879);
#584=LINE('',#3460,#880);
#585=LINE('',#3461,#881);
#586=LINE('',#3464,#882);
#587=LINE('',#3465,#883);
#588=LINE('',#3468,#884);
#589=LINE('',#3469,#885);
#590=LINE('',#3472,#886);
#591=LINE('',#3473,#887);
#592=LINE('',#3475,#888);
#593=LINE('',#3478,#889);
#594=LINE('',#3479,#890);
#595=LINE('',#3481,#891);
#596=LINE('',#3484,#892);
#597=LINE('',#3485,#893);
#598=LINE('',#3487,#894);
#599=LINE('',#3490,#895);
#600=LINE('',#3491,#896);
#601=LINE('',#3493,#897);
#602=LINE('',#3496,#898);
#603=LINE('',#3497,#899);
#604=LINE('',#3499,#900);
#605=LINE('',#3501,#901);
#606=LINE('',#3504,#902);
#607=LINE('',#3505,#903);
#608=LINE('',#3508,#904);
#609=LINE('',#3509,#905);
#610=LINE('',#3510,#906);
#611=LINE('',#3513,#907);
#612=LINE('',#3514,#908);
#613=LINE('',#3517,#909);
#614=LINE('',#3518,#910);
#615=LINE('',#3521,#911);
#616=LINE('',#3522,#912);
#617=LINE('',#3524,#913);
#618=LINE('',#3526,#914);
#619=LINE('',#3527,#915);
#620=LINE('',#3528,#916);
#621=LINE('',#3531,#917);
#622=LINE('',#3532,#918);
#623=LINE('',#3534,#919);
#624=LINE('',#3535,#920);
#625=LINE('',#3536,#921);
#626=LINE('',#3537,#922);
#627=LINE('',#3539,#923);
#628=LINE('',#3540,#924);
#629=LINE('',#3541,#925);
#630=LINE('',#3544,#926);
#631=LINE('',#3545,#927);
#632=LINE('',#3547,#928);
#633=LINE('',#3548,#929);
#634=LINE('',#3550,#930);
#635=LINE('',#3551,#931);
#636=LINE('',#3552,#932);
#637=LINE('',#3554,#933);
#638=LINE('',#3557,#934);
#639=LINE('',#3558,#935);
#640=LINE('',#3561,#936);
#641=LINE('',#3562,#937);
#642=LINE('',#3565,#938);
#643=LINE('',#3566,#939);
#644=LINE('',#3569,#940);
#645=LINE('',#3570,#941);
#646=LINE('',#3573,#942);
#647=LINE('',#3574,#943);
#648=LINE('',#3577,#944);
#649=LINE('',#3578,#945);
#650=LINE('',#3581,#946);
#651=LINE('',#3582,#947);
#652=LINE('',#3585,#948);
#653=LINE('',#3586,#949);
#654=LINE('',#3589,#950);
#655=LINE('',#3590,#951);
#656=LINE('',#3593,#952);
#657=LINE('',#3594,#953);
#658=LINE('',#3596,#954);
#659=VECTOR('',#2410,1.20000000000001);
#660=VECTOR('',#2417,1.19999999999999);
#661=VECTOR('',#2424,1.19999999999997);
#662=VECTOR('',#2431,1.20000000000001);
#663=VECTOR('',#2438,1.2);
#664=VECTOR('',#2445,1.2);
#665=VECTOR('',#2452,1.19999999999997);
#666=VECTOR('',#2459,1.20000000000001);
#667=VECTOR('',#2466,1.2);
#668=VECTOR('',#2473,10.);
#669=VECTOR('',#2476,10.);
#670=VECTOR('',#2479,10.);
#671=VECTOR('',#2480,10.);
#672=VECTOR('',#2481,10.);
#673=VECTOR('',#2486,10.);
#674=VECTOR('',#2491,10.);
#675=VECTOR('',#2492,10.);
#676=VECTOR('',#2493,10.);
#677=VECTOR('',#2494,10.);
#678=VECTOR('',#2495,10.);
#679=VECTOR('',#2496,10.);
#680=VECTOR('',#2497,10.);
#681=VECTOR('',#2498,10.);
#682=VECTOR('',#2499,10.);
#683=VECTOR('',#2500,10.);
#684=VECTOR('',#2501,10.);
#685=VECTOR('',#2502,10.);
#686=VECTOR('',#2503,10.);
#687=VECTOR('',#2504,10.);
#688=VECTOR('',#2505,10.);
#689=VECTOR('',#2506,10.);
#690=VECTOR('',#2507,10.);
#691=VECTOR('',#2508,10.);
#692=VECTOR('',#2509,10.);
#693=VECTOR('',#2510,10.);
#694=VECTOR('',#2511,10.);
#695=VECTOR('',#2512,10.);
#696=VECTOR('',#2513,10.);
#697=VECTOR('',#2514,10.);
#698=VECTOR('',#2515,10.);
#699=VECTOR('',#2516,10.);
#700=VECTOR('',#2517,10.);
#701=VECTOR('',#2518,10.);
#702=VECTOR('',#2519,10.);
#703=VECTOR('',#2522,10.);
#704=VECTOR('',#2523,10.);
#705=VECTOR('',#2524,10.);
#706=VECTOR('',#2525,10.);
#707=VECTOR('',#2526,10.);
#708=VECTOR('',#2529,10.);
#709=VECTOR('',#2530,10.);
#710=VECTOR('',#2531,10.);
#711=VECTOR('',#2532,10.);
#712=VECTOR('',#2533,10.);
#713=VECTOR('',#2534,10.);
#714=VECTOR('',#2535,10.);
#715=VECTOR('',#2536,10.);
#716=VECTOR('',#2537,10.);
#717=VECTOR('',#2538,10.);
#718=VECTOR('',#2539,10.);
#719=VECTOR('',#2540,10.);
#720=VECTOR('',#2541,10.);
#721=VECTOR('',#2542,10.);
#722=VECTOR('',#2543,10.);
#723=VECTOR('',#2544,10.);
#724=VECTOR('',#2545,10.);
#725=VECTOR('',#2546,10.);
#726=VECTOR('',#2547,10.);
#727=VECTOR('',#2548,10.);
#728=VECTOR('',#2549,10.);
#729=VECTOR('',#2550,10.);
#730=VECTOR('',#2553,10.);
#731=VECTOR('',#2554,10.);
#732=VECTOR('',#2555,10.);
#733=VECTOR('',#2558,10.);
#734=VECTOR('',#2559,10.);
#735=VECTOR('',#2560,10.);
#736=VECTOR('',#2563,10.);
#737=VECTOR('',#2564,10.);
#738=VECTOR('',#2567,10.);
#739=VECTOR('',#2568,10.);
#740=VECTOR('',#2569,10.);
#741=VECTOR('',#2570,10.);
#742=VECTOR('',#2573,10.);
#743=VECTOR('',#2574,10.);
#744=VECTOR('',#2575,10.);
#745=VECTOR('',#2576,10.);
#746=VECTOR('',#2579,10.);
#747=VECTOR('',#2580,10.);
#748=VECTOR('',#2581,10.);
#749=VECTOR('',#2582,10.);
#750=VECTOR('',#2585,10.);
#751=VECTOR('',#2586,10.);
#752=VECTOR('',#2587,10.);
#753=VECTOR('',#2588,10.);
#754=VECTOR('',#2591,10.);
#755=VECTOR('',#2592,10.);
#756=VECTOR('',#2593,10.);
#757=VECTOR('',#2594,10.);
#758=VECTOR('',#2597,10.);
#759=VECTOR('',#2598,10.);
#760=VECTOR('',#2599,10.);
#761=VECTOR('',#2600,10.);
#762=VECTOR('',#2603,10.);
#763=VECTOR('',#2604,10.);
#764=VECTOR('',#2605,10.);
#765=VECTOR('',#2606,10.);
#766=VECTOR('',#2609,10.);
#767=VECTOR('',#2610,10.);
#768=VECTOR('',#2611,10.);
#769=VECTOR('',#2612,10.);
#770=VECTOR('',#2615,10.);
#771=VECTOR('',#2616,10.);
#772=VECTOR('',#2617,10.);
#773=VECTOR('',#2618,10.);
#774=VECTOR('',#2621,10.);
#775=VECTOR('',#2622,10.);
#776=VECTOR('',#2623,10.);
#777=VECTOR('',#2624,10.);
#778=VECTOR('',#2627,10.);
#779=VECTOR('',#2628,10.);
#780=VECTOR('',#2629,10.);
#781=VECTOR('',#2630,10.);
#782=VECTOR('',#2633,10.);
#783=VECTOR('',#2634,10.);
#784=VECTOR('',#2635,10.);
#785=VECTOR('',#2638,10.);
#786=VECTOR('',#2639,10.);
#787=VECTOR('',#2640,10.);
#788=VECTOR('',#2643,10.);
#789=VECTOR('',#2644,10.);
#790=VECTOR('',#2645,10.);
#791=VECTOR('',#2648,10.);
#792=VECTOR('',#2649,10.);
#793=VECTOR('',#2650,10.);
#794=VECTOR('',#2653,10.);
#795=VECTOR('',#2654,10.);
#796=VECTOR('',#2655,10.);
#797=VECTOR('',#2658,10.);
#798=VECTOR('',#2659,10.);
#799=VECTOR('',#2662,10.);
#800=VECTOR('',#2663,10.);
#801=VECTOR('',#2664,10.);
#802=VECTOR('',#2667,10.);
#803=VECTOR('',#2668,10.);
#804=VECTOR('',#2669,10.);
#805=VECTOR('',#2672,10.);
#806=VECTOR('',#2673,10.);
#807=VECTOR('',#2674,10.);
#808=VECTOR('',#2677,10.);
#809=VECTOR('',#2678,10.);
#810=VECTOR('',#2679,10.);
#811=VECTOR('',#2682,10.);
#812=VECTOR('',#2683,10.);
#813=VECTOR('',#2684,10.);
#814=VECTOR('',#2687,10.);
#815=VECTOR('',#2688,10.);
#816=VECTOR('',#2689,10.);
#817=VECTOR('',#2692,10.);
#818=VECTOR('',#2693,10.);
#819=VECTOR('',#2694,10.);
#820=VECTOR('',#2697,10.);
#821=VECTOR('',#2698,10.);
#822=VECTOR('',#2699,10.);
#823=VECTOR('',#2702,10.);
#824=VECTOR('',#2703,10.);
#825=VECTOR('',#2704,10.);
#826=VECTOR('',#2707,10.);
#827=VECTOR('',#2708,10.);
#828=VECTOR('',#2709,10.);
#829=VECTOR('',#2712,10.);
#830=VECTOR('',#2713,10.);
#831=VECTOR('',#2716,10.);
#832=VECTOR('',#2717,10.);
#833=VECTOR('',#2720,10.);
#834=VECTOR('',#2721,10.);
#835=VECTOR('',#2724,10.);
#836=VECTOR('',#2725,10.);
#837=VECTOR('',#2728,10.);
#838=VECTOR('',#2729,10.);
#839=VECTOR('',#2732,10.);
#840=VECTOR('',#2733,10.);
#841=VECTOR('',#2734,10.);
#842=VECTOR('',#2737,10.);
#843=VECTOR('',#2738,10.);
#844=VECTOR('',#2741,10.);
#845=VECTOR('',#2742,10.);
#846=VECTOR('',#2745,10.);
#847=VECTOR('',#2746,10.);
#848=VECTOR('',#2749,10.);
#849=VECTOR('',#2750,10.);
#850=VECTOR('',#2753,10.);
#851=VECTOR('',#2754,10.);
#852=VECTOR('',#2757,10.);
#853=VECTOR('',#2758,10.);
#854=VECTOR('',#2761,10.);
#855=VECTOR('',#2762,10.);
#856=VECTOR('',#2765,10.);
#857=VECTOR('',#2766,10.);
#858=VECTOR('',#2769,10.);
#859=VECTOR('',#2770,10.);
#860=VECTOR('',#2773,10.);
#861=VECTOR('',#2774,10.);
#862=VECTOR('',#2777,10.);
#863=VECTOR('',#2778,10.);
#864=VECTOR('',#2781,10.);
#865=VECTOR('',#2782,10.);
#866=VECTOR('',#2785,10.);
#867=VECTOR('',#2786,10.);
#868=VECTOR('',#2789,10.);
#869=VECTOR('',#2790,10.);
#870=VECTOR('',#2793,10.);
#871=VECTOR('',#2794,10.);
#872=VECTOR('',#2797,10.);
#873=VECTOR('',#2798,10.);
#874=VECTOR('',#2801,10.);
#875=VECTOR('',#2802,10.);
#876=VECTOR('',#2805,10.);
#877=VECTOR('',#2806,10.);
#878=VECTOR('',#2809,10.);
#879=VECTOR('',#2810,10.);
#880=VECTOR('',#2813,10.);
#881=VECTOR('',#2814,10.);
#882=VECTOR('',#2817,10.);
#883=VECTOR('',#2818,10.);
#884=VECTOR('',#2821,10.);
#885=VECTOR('',#2822,10.);
#886=VECTOR('',#2825,10.);
#887=VECTOR('',#2826,10.);
#888=VECTOR('',#2829,10.);
#889=VECTOR('',#2832,10.);
#890=VECTOR('',#2833,10.);
#891=VECTOR('',#2836,10.);
#892=VECTOR('',#2839,10.);
#893=VECTOR('',#2840,10.);
#894=VECTOR('',#2843,10.);
#895=VECTOR('',#2846,10.);
#896=VECTOR('',#2847,10.);
#897=VECTOR('',#2850,10.);
#898=VECTOR('',#2853,10.);
#899=VECTOR('',#2854,10.);
#900=VECTOR('',#2857,10.);
#901=VECTOR('',#2860,10.);
#902=VECTOR('',#2863,10.);
#903=VECTOR('',#2864,10.);
#904=VECTOR('',#2867,10.);
#905=VECTOR('',#2868,10.);
#906=VECTOR('',#2869,10.);
#907=VECTOR('',#2872,10.);
#908=VECTOR('',#2873,10.);
#909=VECTOR('',#2876,10.);
#910=VECTOR('',#2877,10.);
#911=VECTOR('',#2880,10.);
#912=VECTOR('',#2881,10.);
#913=VECTOR('',#2884,10.);
#914=VECTOR('',#2885,10.);
#915=VECTOR('',#2886,10.);
#916=VECTOR('',#2887,10.);
#917=VECTOR('',#2890,10.);
#918=VECTOR('',#2891,10.);
#919=VECTOR('',#2894,10.);
#920=VECTOR('',#2895,10.);
#921=VECTOR('',#2896,10.);
#922=VECTOR('',#2897,10.);
#923=VECTOR('',#2898,10.);
#924=VECTOR('',#2899,10.);
#925=VECTOR('',#2900,10.);
#926=VECTOR('',#2903,10.);
#927=VECTOR('',#2904,10.);
#928=VECTOR('',#2907,10.);
#929=VECTOR('',#2908,10.);
#930=VECTOR('',#2909,10.);
#931=VECTOR('',#2910,10.);
#932=VECTOR('',#2911,10.);
#933=VECTOR('',#2914,10.);
#934=VECTOR('',#2917,10.);
#935=VECTOR('',#2918,10.);
#936=VECTOR('',#2921,10.);
#937=VECTOR('',#2922,10.);
#938=VECTOR('',#2925,10.);
#939=VECTOR('',#2926,10.);
#940=VECTOR('',#2929,10.);
#941=VECTOR('',#2930,10.);
#942=VECTOR('',#2933,10.);
#943=VECTOR('',#2934,10.);
#944=VECTOR('',#2937,10.);
#945=VECTOR('',#2938,10.);
#946=VECTOR('',#2941,10.);
#947=VECTOR('',#2942,10.);
#948=VECTOR('',#2945,10.);
#949=VECTOR('',#2946,10.);
#950=VECTOR('',#2949,10.);
#951=VECTOR('',#2950,10.);
#952=VECTOR('',#2953,10.);
#953=VECTOR('',#2954,10.);
#954=VECTOR('',#2957,10.);
#955=CIRCLE('',#2276,1.20000000000001);
#956=CIRCLE('',#2277,1.20000000000001);
#957=CIRCLE('',#2279,1.19999999999999);
#958=CIRCLE('',#2280,1.19999999999999);
#959=CIRCLE('',#2282,1.19999999999997);
#960=CIRCLE('',#2283,1.19999999999997);
#961=CIRCLE('',#2285,1.20000000000001);
#962=CIRCLE('',#2286,1.20000000000001);
#963=CIRCLE('',#2288,1.2);
#964=CIRCLE('',#2289,1.2);
#965=CIRCLE('',#2291,1.2);
#966=CIRCLE('',#2292,1.2);
#967=CIRCLE('',#2294,1.19999999999997);
#968=CIRCLE('',#2295,1.19999999999997);
#969=CIRCLE('',#2297,1.20000000000001);
#970=CIRCLE('',#2298,1.20000000000001);
#971=CIRCLE('',#2300,1.2);
#972=CIRCLE('',#2301,1.2);
#973=CIRCLE('',#2303,3.68000145573135);
#974=CIRCLE('',#2304,3.68000145573135);
#975=CIRCLE('',#2307,3.68000145573137);
#976=CIRCLE('',#2308,3.68000145573137);
#977=VERTEX_POINT('',#2962);
#978=VERTEX_POINT('',#2964);
#979=VERTEX_POINT('',#2968);
#980=VERTEX_POINT('',#2970);
#981=VERTEX_POINT('',#2974);
#982=VERTEX_POINT('',#2976);
#983=VERTEX_POINT('',#2980);
#984=VERTEX_POINT('',#2982);
#985=VERTEX_POINT('',#2986);
#986=VERTEX_POINT('',#2988);
#987=VERTEX_POINT('',#2992);
#988=VERTEX_POINT('',#2994);
#989=VERTEX_POINT('',#2998);
#990=VERTEX_POINT('',#3000);
#991=VERTEX_POINT('',#3004);
#992=VERTEX_POINT('',#3006);
#993=VERTEX_POINT('',#3010);
#994=VERTEX_POINT('',#3012);
#995=VERTEX_POINT('',#3016);
#996=VERTEX_POINT('',#3017);
#997=VERTEX_POINT('',#3019);
#998=VERTEX_POINT('',#3021);
#999=VERTEX_POINT('',#3025);
#1000=VERTEX_POINT('',#3027);
#1001=VERTEX_POINT('',#3031);
#1002=VERTEX_POINT('',#3033);
#1003=VERTEX_POINT('',#3037);
#1004=VERTEX_POINT('',#3039);
#1005=VERTEX_POINT('',#3041);
#1006=VERTEX_POINT('',#3043);
#1007=VERTEX_POINT('',#3045);
#1008=VERTEX_POINT('',#3047);
#1009=VERTEX_POINT('',#3049);
#1010=VERTEX_POINT('',#3051);
#1011=VERTEX_POINT('',#3053);
#1012=VERTEX_POINT('',#3055);
#1013=VERTEX_POINT('',#3057);
#1014=VERTEX_POINT('',#3059);
#1015=VERTEX_POINT('',#3061);
#1016=VERTEX_POINT('',#3063);
#1017=VERTEX_POINT('',#3065);
#1018=VERTEX_POINT('',#3067);
#1019=VERTEX_POINT('',#3069);
#1020=VERTEX_POINT('',#3071);
#1021=VERTEX_POINT('',#3073);
#1022=VERTEX_POINT('',#3075);
#1023=VERTEX_POINT('',#3077);
#1024=VERTEX_POINT('',#3079);
#1025=VERTEX_POINT('',#3081);
#1026=VERTEX_POINT('',#3083);
#1027=VERTEX_POINT('',#3085);
#1028=VERTEX_POINT('',#3087);
#1029=VERTEX_POINT('',#3089);
#1030=VERTEX_POINT('',#3091);
#1031=VERTEX_POINT('',#3095);
#1032=VERTEX_POINT('',#3097);
#1033=VERTEX_POINT('',#3099);
#1034=VERTEX_POINT('',#3101);
#1035=VERTEX_POINT('',#3105);
#1036=VERTEX_POINT('',#3107);
#1037=VERTEX_POINT('',#3109);
#1038=VERTEX_POINT('',#3111);
#1039=VERTEX_POINT('',#3113);
#1040=VERTEX_POINT('',#3115);
#1041=VERTEX_POINT('',#3117);
#1042=VERTEX_POINT('',#3119);
#1043=VERTEX_POINT('',#3121);
#1044=VERTEX_POINT('',#3123);
#1045=VERTEX_POINT('',#3126);
#1046=VERTEX_POINT('',#3128);
#1047=VERTEX_POINT('',#3130);
#1048=VERTEX_POINT('',#3132);
#1049=VERTEX_POINT('',#3134);
#1050=VERTEX_POINT('',#3136);
#1051=VERTEX_POINT('',#3138);
#1052=VERTEX_POINT('',#3140);
#1053=VERTEX_POINT('',#3142);
#1054=VERTEX_POINT('',#3144);
#1055=VERTEX_POINT('',#3148);
#1056=VERTEX_POINT('',#3149);
#1057=VERTEX_POINT('',#3154);
#1058=VERTEX_POINT('',#3156);
#1059=VERTEX_POINT('',#3160);
#1060=VERTEX_POINT('',#3164);
#1061=VERTEX_POINT('',#3165);
#1062=VERTEX_POINT('',#3167);
#1063=VERTEX_POINT('',#3169);
#1064=VERTEX_POINT('',#3173);
#1065=VERTEX_POINT('',#3174);
#1066=VERTEX_POINT('',#3176);
#1067=VERTEX_POINT('',#3178);
#1068=VERTEX_POINT('',#3182);
#1069=VERTEX_POINT('',#3183);
#1070=VERTEX_POINT('',#3185);
#1071=VERTEX_POINT('',#3187);
#1072=VERTEX_POINT('',#3191);
#1073=VERTEX_POINT('',#3192);
#1074=VERTEX_POINT('',#3194);
#1075=VERTEX_POINT('',#3196);
#1076=VERTEX_POINT('',#3200);
#1077=VERTEX_POINT('',#3201);
#1078=VERTEX_POINT('',#3203);
#1079=VERTEX_POINT('',#3205);
#1080=VERTEX_POINT('',#3209);
#1081=VERTEX_POINT('',#3210);
#1082=VERTEX_POINT('',#3212);
#1083=VERTEX_POINT('',#3214);
#1084=VERTEX_POINT('',#3218);
#1085=VERTEX_POINT('',#3219);
#1086=VERTEX_POINT('',#3221);
#1087=VERTEX_POINT('',#3223);
#1088=VERTEX_POINT('',#3227);
#1089=VERTEX_POINT('',#3228);
#1090=VERTEX_POINT('',#3230);
#1091=VERTEX_POINT('',#3232);
#1092=VERTEX_POINT('',#3236);
#1093=VERTEX_POINT('',#3237);
#1094=VERTEX_POINT('',#3239);
#1095=VERTEX_POINT('',#3241);
#1096=VERTEX_POINT('',#3245);
#1097=VERTEX_POINT('',#3246);
#1098=VERTEX_POINT('',#3248);
#1099=VERTEX_POINT('',#3250);
#1100=VERTEX_POINT('',#3254);
#1101=VERTEX_POINT('',#3255);
#1102=VERTEX_POINT('',#3257);
#1103=VERTEX_POINT('',#3259);
#1104=VERTEX_POINT('',#3263);
#1105=VERTEX_POINT('',#3265);
#1106=VERTEX_POINT('',#3269);
#1107=VERTEX_POINT('',#3271);
#1108=VERTEX_POINT('',#3275);
#1109=VERTEX_POINT('',#3277);
#1110=VERTEX_POINT('',#3281);
#1111=VERTEX_POINT('',#3283);
#1112=VERTEX_POINT('',#3287);
#1113=VERTEX_POINT('',#3289);
#1114=VERTEX_POINT('',#3293);
#1115=VERTEX_POINT('',#3297);
#1116=VERTEX_POINT('',#3299);
#1117=VERTEX_POINT('',#3303);
#1118=VERTEX_POINT('',#3305);
#1119=VERTEX_POINT('',#3309);
#1120=VERTEX_POINT('',#3311);
#1121=VERTEX_POINT('',#3315);
#1122=VERTEX_POINT('',#3317);
#1123=VERTEX_POINT('',#3321);
#1124=VERTEX_POINT('',#3323);
#1125=VERTEX_POINT('',#3327);
#1126=VERTEX_POINT('',#3329);
#1127=VERTEX_POINT('',#3333);
#1128=VERTEX_POINT('',#3335);
#1129=VERTEX_POINT('',#3339);
#1130=VERTEX_POINT('',#3341);
#1131=VERTEX_POINT('',#3345);
#1132=VERTEX_POINT('',#3347);
#1133=VERTEX_POINT('',#3351);
#1134=VERTEX_POINT('',#3353);
#1135=VERTEX_POINT('',#3357);
#1136=VERTEX_POINT('',#3361);
#1137=VERTEX_POINT('',#3365);
#1138=VERTEX_POINT('',#3369);
#1139=VERTEX_POINT('',#3373);
#1140=VERTEX_POINT('',#3377);
#1141=VERTEX_POINT('',#3379);
#1142=VERTEX_POINT('',#3383);
#1143=VERTEX_POINT('',#3387);
#1144=VERTEX_POINT('',#3391);
#1145=VERTEX_POINT('',#3395);
#1146=VERTEX_POINT('',#3399);
#1147=VERTEX_POINT('',#3403);
#1148=VERTEX_POINT('',#3407);
#1149=VERTEX_POINT('',#3411);
#1150=VERTEX_POINT('',#3415);
#1151=VERTEX_POINT('',#3419);
#1152=VERTEX_POINT('',#3423);
#1153=VERTEX_POINT('',#3427);
#1154=VERTEX_POINT('',#3431);
#1155=VERTEX_POINT('',#3435);
#1156=VERTEX_POINT('',#3439);
#1157=VERTEX_POINT('',#3443);
#1158=VERTEX_POINT('',#3447);
#1159=VERTEX_POINT('',#3451);
#1160=VERTEX_POINT('',#3455);
#1161=VERTEX_POINT('',#3459);
#1162=VERTEX_POINT('',#3463);
#1163=VERTEX_POINT('',#3467);
#1164=VERTEX_POINT('',#3471);
#1165=VERTEX_POINT('',#3477);
#1166=VERTEX_POINT('',#3483);
#1167=VERTEX_POINT('',#3489);
#1168=VERTEX_POINT('',#3495);
#1169=VERTEX_POINT('',#3503);
#1170=VERTEX_POINT('',#3507);
#1171=VERTEX_POINT('',#3512);
#1172=VERTEX_POINT('',#3516);
#1173=VERTEX_POINT('',#3520);
#1174=VERTEX_POINT('',#3525);
#1175=VERTEX_POINT('',#3530);
#1176=VERTEX_POINT('',#3538);
#1177=VERTEX_POINT('',#3543);
#1178=VERTEX_POINT('',#3549);
#1179=VERTEX_POINT('',#3556);
#1180=VERTEX_POINT('',#3560);
#1181=VERTEX_POINT('',#3564);
#1182=VERTEX_POINT('',#3568);
#1183=VERTEX_POINT('',#3572);
#1184=VERTEX_POINT('',#3576);
#1185=VERTEX_POINT('',#3580);
#1186=VERTEX_POINT('',#3584);
#1187=VERTEX_POINT('',#3588);
#1188=VERTEX_POINT('',#3592);
#1189=EDGE_CURVE('',#977,#977,#955,.T.);
#1190=EDGE_CURVE('',#977,#978,#363,.T.);
#1191=EDGE_CURVE('',#978,#978,#956,.T.);
#1192=EDGE_CURVE('',#979,#979,#957,.T.);
#1193=EDGE_CURVE('',#979,#980,#364,.T.);
#1194=EDGE_CURVE('',#980,#980,#958,.T.);
#1195=EDGE_CURVE('',#981,#981,#959,.T.);
#1196=EDGE_CURVE('',#981,#982,#365,.T.);
#1197=EDGE_CURVE('',#982,#982,#960,.T.);
#1198=EDGE_CURVE('',#983,#983,#961,.T.);
#1199=EDGE_CURVE('',#983,#984,#366,.T.);
#1200=EDGE_CURVE('',#984,#984,#962,.T.);
#1201=EDGE_CURVE('',#985,#985,#963,.T.);
#1202=EDGE_CURVE('',#985,#986,#367,.T.);
#1203=EDGE_CURVE('',#986,#986,#964,.T.);
#1204=EDGE_CURVE('',#987,#987,#965,.T.);
#1205=EDGE_CURVE('',#987,#988,#368,.T.);
#1206=EDGE_CURVE('',#988,#988,#966,.T.);
#1207=EDGE_CURVE('',#989,#989,#967,.T.);
#1208=EDGE_CURVE('',#989,#990,#369,.T.);
#1209=EDGE_CURVE('',#990,#990,#968,.T.);
#1210=EDGE_CURVE('',#991,#991,#969,.T.);
#1211=EDGE_CURVE('',#991,#992,#370,.T.);
#1212=EDGE_CURVE('',#992,#992,#970,.T.);
#1213=EDGE_CURVE('',#993,#993,#971,.T.);
#1214=EDGE_CURVE('',#993,#994,#371,.T.);
#1215=EDGE_CURVE('',#994,#994,#972,.T.);
#1216=EDGE_CURVE('',#995,#996,#973,.T.);
#1217=EDGE_CURVE('',#995,#997,#372,.T.);
#1218=EDGE_CURVE('',#998,#997,#974,.T.);
#1219=EDGE_CURVE('',#996,#998,#373,.T.);
#1220=EDGE_CURVE('',#999,#995,#374,.T.);
#1221=EDGE_CURVE('',#999,#1000,#375,.T.);
#1222=EDGE_CURVE('',#997,#1000,#376,.T.);
#1223=EDGE_CURVE('',#1001,#999,#975,.T.);
#1224=EDGE_CURVE('',#1002,#1001,#377,.T.);
#1225=EDGE_CURVE('',#1000,#1002,#976,.T.);
#1226=EDGE_CURVE('',#996,#1003,#378,.F.);
#1227=EDGE_CURVE('',#1003,#1004,#379,.T.);
#1228=EDGE_CURVE('',#1005,#1004,#380,.F.);
#1229=EDGE_CURVE('',#1006,#1005,#381,.F.);
#1230=EDGE_CURVE('',#1006,#1007,#382,.F.);
#1231=EDGE_CURVE('',#1007,#1008,#383,.F.);
#1232=EDGE_CURVE('',#1008,#1009,#384,.F.);
#1233=EDGE_CURVE('',#1009,#1010,#385,.F.);
#1234=EDGE_CURVE('',#1010,#1011,#386,.F.);
#1235=EDGE_CURVE('',#1011,#1012,#387,.F.);
#1236=EDGE_CURVE('',#1012,#1013,#388,.F.);
#1237=EDGE_CURVE('',#1013,#1014,#389,.F.);
#1238=EDGE_CURVE('',#1014,#1015,#390,.F.);
#1239=EDGE_CURVE('',#1015,#1016,#391,.F.);
#1240=EDGE_CURVE('',#1016,#1017,#392,.F.);
#1241=EDGE_CURVE('',#1017,#1018,#393,.F.);
#1242=EDGE_CURVE('',#1018,#1019,#394,.F.);
#1243=EDGE_CURVE('',#1019,#1020,#395,.F.);
#1244=EDGE_CURVE('',#1020,#1021,#396,.F.);
#1245=EDGE_CURVE('',#1021,#1022,#397,.F.);
#1246=EDGE_CURVE('',#1022,#1023,#398,.F.);
#1247=EDGE_CURVE('',#1023,#1024,#399,.F.);
#1248=EDGE_CURVE('',#1024,#1025,#400,.F.);
#1249=EDGE_CURVE('',#1025,#1026,#401,.F.);
#1250=EDGE_CURVE('',#1026,#1027,#402,.F.);
#1251=EDGE_CURVE('',#1027,#1028,#403,.F.);
#1252=EDGE_CURVE('',#1028,#1029,#404,.F.);
#1253=EDGE_CURVE('',#1029,#1030,#405,.T.);
#1254=EDGE_CURVE('',#1030,#1001,#406,.F.);
#1255=EDGE_CURVE('',#1031,#1002,#407,.T.);
#1256=EDGE_CURVE('',#1031,#1032,#408,.T.);
#1257=EDGE_CURVE('',#1033,#1032,#409,.T.);
#1258=EDGE_CURVE('',#1034,#1033,#410,.T.);
#1259=EDGE_CURVE('',#998,#1034,#411,.T.);
#1260=EDGE_CURVE('',#1035,#1033,#412,.T.);
#1261=EDGE_CURVE('',#1032,#1036,#413,.T.);
#1262=EDGE_CURVE('',#1036,#1037,#414,.T.);
#1263=EDGE_CURVE('',#1037,#1038,#415,.T.);
#1264=EDGE_CURVE('',#1038,#1039,#416,.T.);
#1265=EDGE_CURVE('',#1039,#1040,#417,.T.);
#1266=EDGE_CURVE('',#1040,#1041,#418,.T.);
#1267=EDGE_CURVE('',#1041,#1042,#419,.T.);
#1268=EDGE_CURVE('',#1042,#1043,#420,.T.);
#1269=EDGE_CURVE('',#1043,#1044,#421,.T.);
#1270=EDGE_CURVE('',#1044,#1035,#422,.T.);
#1271=EDGE_CURVE('',#1004,#1045,#423,.F.);
#1272=EDGE_CURVE('',#1045,#1046,#424,.F.);
#1273=EDGE_CURVE('',#1046,#1047,#425,.F.);
#1274=EDGE_CURVE('',#1047,#1048,#426,.F.);
#1275=EDGE_CURVE('',#1048,#1049,#427,.F.);
#1276=EDGE_CURVE('',#1049,#1050,#428,.F.);
#1277=EDGE_CURVE('',#1050,#1051,#429,.F.);
#1278=EDGE_CURVE('',#1051,#1052,#430,.F.);
#1279=EDGE_CURVE('',#1052,#1053,#431,.F.);
#1280=EDGE_CURVE('',#1053,#1054,#432,.F.);
#1281=EDGE_CURVE('',#1054,#1005,#433,.F.);
#1282=EDGE_CURVE('',#1055,#1056,#434,.T.);
#1283=EDGE_CURVE('',#1055,#1030,#435,.T.);
#1284=EDGE_CURVE('',#1056,#1029,#436,.T.);
#1285=EDGE_CURVE('',#1056,#1057,#437,.F.);
#1286=EDGE_CURVE('',#1058,#1057,#438,.F.);
#1287=EDGE_CURVE('',#1055,#1058,#439,.F.);
#1288=EDGE_CURVE('',#1059,#1028,#440,.F.);
#1289=EDGE_CURVE('',#1057,#1059,#441,.F.);
#1290=EDGE_CURVE('',#1060,#1061,#442,.F.);
#1291=EDGE_CURVE('',#1060,#1062,#443,.T.);
#1292=EDGE_CURVE('',#1062,#1063,#444,.F.);
#1293=EDGE_CURVE('',#1061,#1063,#445,.F.);
#1294=EDGE_CURVE('',#1064,#1065,#446,.F.);
#1295=EDGE_CURVE('',#1064,#1066,#447,.T.);
#1296=EDGE_CURVE('',#1066,#1067,#448,.F.);
#1297=EDGE_CURVE('',#1065,#1067,#449,.F.);
#1298=EDGE_CURVE('',#1068,#1069,#450,.F.);
#1299=EDGE_CURVE('',#1068,#1070,#451,.T.);
#1300=EDGE_CURVE('',#1070,#1071,#452,.F.);
#1301=EDGE_CURVE('',#1069,#1071,#453,.F.);
#1302=EDGE_CURVE('',#1072,#1073,#454,.F.);
#1303=EDGE_CURVE('',#1072,#1074,#455,.T.);
#1304=EDGE_CURVE('',#1074,#1075,#456,.F.);
#1305=EDGE_CURVE('',#1073,#1075,#457,.F.);
#1306=EDGE_CURVE('',#1076,#1077,#458,.F.);
#1307=EDGE_CURVE('',#1076,#1078,#459,.T.);
#1308=EDGE_CURVE('',#1078,#1079,#460,.F.);
#1309=EDGE_CURVE('',#1077,#1079,#461,.F.);
#1310=EDGE_CURVE('',#1080,#1081,#462,.F.);
#1311=EDGE_CURVE('',#1080,#1082,#463,.T.);
#1312=EDGE_CURVE('',#1082,#1083,#464,.F.);
#1313=EDGE_CURVE('',#1081,#1083,#465,.F.);
#1314=EDGE_CURVE('',#1084,#1085,#466,.F.);
#1315=EDGE_CURVE('',#1084,#1086,#467,.T.);
#1316=EDGE_CURVE('',#1086,#1087,#468,.F.);
#1317=EDGE_CURVE('',#1085,#1087,#469,.F.);
#1318=EDGE_CURVE('',#1088,#1089,#470,.F.);
#1319=EDGE_CURVE('',#1088,#1090,#471,.T.);
#1320=EDGE_CURVE('',#1090,#1091,#472,.F.);
#1321=EDGE_CURVE('',#1089,#1091,#473,.F.);
#1322=EDGE_CURVE('',#1092,#1093,#474,.F.);
#1323=EDGE_CURVE('',#1092,#1094,#475,.F.);
#1324=EDGE_CURVE('',#1094,#1095,#476,.F.);
#1325=EDGE_CURVE('',#1093,#1095,#477,.F.);
#1326=EDGE_CURVE('',#1096,#1097,#478,.F.);
#1327=EDGE_CURVE('',#1096,#1098,#479,.T.);
#1328=EDGE_CURVE('',#1098,#1099,#480,.F.);
#1329=EDGE_CURVE('',#1097,#1099,#481,.F.);
#1330=EDGE_CURVE('',#1100,#1101,#482,.F.);
#1331=EDGE_CURVE('',#1100,#1102,#483,.T.);
#1332=EDGE_CURVE('',#1102,#1103,#484,.F.);
#1333=EDGE_CURVE('',#1101,#1103,#485,.F.);
#1334=EDGE_CURVE('',#1104,#1007,#486,.F.);
#1335=EDGE_CURVE('',#1104,#1105,#487,.F.);
#1336=EDGE_CURVE('',#1105,#1008,#488,.F.);
#1337=EDGE_CURVE('',#1106,#1011,#489,.F.);
#1338=EDGE_CURVE('',#1106,#1107,#490,.F.);
#1339=EDGE_CURVE('',#1107,#1012,#491,.F.);
#1340=EDGE_CURVE('',#1108,#1015,#492,.F.);
#1341=EDGE_CURVE('',#1108,#1109,#493,.F.);
#1342=EDGE_CURVE('',#1109,#1016,#494,.F.);
#1343=EDGE_CURVE('',#1110,#1019,#495,.F.);
#1344=EDGE_CURVE('',#1110,#1111,#496,.F.);
#1345=EDGE_CURVE('',#1111,#1020,#497,.F.);
#1346=EDGE_CURVE('',#1112,#1023,#498,.F.);
#1347=EDGE_CURVE('',#1112,#1113,#499,.F.);
#1348=EDGE_CURVE('',#1113,#1024,#500,.F.);
#1349=EDGE_CURVE('',#1114,#1027,#501,.F.);
#1350=EDGE_CURVE('',#1114,#1059,#502,.F.);
#1351=EDGE_CURVE('',#1067,#1115,#503,.F.);
#1352=EDGE_CURVE('',#1116,#1066,#504,.F.);
#1353=EDGE_CURVE('',#1115,#1116,#505,.F.);
#1354=EDGE_CURVE('',#1071,#1117,#506,.F.);
#1355=EDGE_CURVE('',#1118,#1070,#507,.F.);
#1356=EDGE_CURVE('',#1117,#1118,#508,.F.);
#1357=EDGE_CURVE('',#1075,#1119,#509,.F.);
#1358=EDGE_CURVE('',#1120,#1074,#510,.F.);
#1359=EDGE_CURVE('',#1119,#1120,#511,.F.);
#1360=EDGE_CURVE('',#1079,#1121,#512,.F.);
#1361=EDGE_CURVE('',#1122,#1078,#513,.F.);
#1362=EDGE_CURVE('',#1121,#1122,#514,.F.);
#1363=EDGE_CURVE('',#1083,#1123,#515,.F.);
#1364=EDGE_CURVE('',#1124,#1082,#516,.F.);
#1365=EDGE_CURVE('',#1123,#1124,#517,.F.);
#1366=EDGE_CURVE('',#1087,#1125,#518,.F.);
#1367=EDGE_CURVE('',#1126,#1086,#519,.F.);
#1368=EDGE_CURVE('',#1125,#1126,#520,.F.);
#1369=EDGE_CURVE('',#1091,#1127,#521,.F.);
#1370=EDGE_CURVE('',#1128,#1090,#522,.F.);
#1371=EDGE_CURVE('',#1127,#1128,#523,.F.);
#1372=EDGE_CURVE('',#1095,#1129,#524,.F.);
#1373=EDGE_CURVE('',#1130,#1094,#525,.F.);
#1374=EDGE_CURVE('',#1129,#1130,#526,.F.);
#1375=EDGE_CURVE('',#1099,#1131,#527,.F.);
#1376=EDGE_CURVE('',#1132,#1098,#528,.F.);
#1377=EDGE_CURVE('',#1131,#1132,#529,.F.);
#1378=EDGE_CURVE('',#1103,#1133,#530,.F.);
#1379=EDGE_CURVE('',#1134,#1102,#531,.F.);
#1380=EDGE_CURVE('',#1133,#1134,#532,.F.);
#1381=EDGE_CURVE('',#1135,#1105,#533,.F.);
#1382=EDGE_CURVE('',#1009,#1135,#534,.F.);
#1383=EDGE_CURVE('',#1136,#1107,#535,.F.);
#1384=EDGE_CURVE('',#1013,#1136,#536,.F.);
#1385=EDGE_CURVE('',#1137,#1109,#537,.F.);
#1386=EDGE_CURVE('',#1017,#1137,#538,.F.);
#1387=EDGE_CURVE('',#1138,#1111,#539,.F.);
#1388=EDGE_CURVE('',#1021,#1138,#540,.F.);
#1389=EDGE_CURVE('',#1139,#1113,#541,.F.);
#1390=EDGE_CURVE('',#1025,#1139,#542,.F.);
#1391=EDGE_CURVE('',#1063,#1140,#543,.F.);
#1392=EDGE_CURVE('',#1141,#1062,#544,.F.);
#1393=EDGE_CURVE('',#1140,#1141,#545,.F.);
#1394=EDGE_CURVE('',#1142,#1060,#546,.F.);
#1395=EDGE_CURVE('',#1142,#1141,#547,.T.);
#1396=EDGE_CURVE('',#1143,#1142,#548,.F.);
#1397=EDGE_CURVE('',#1140,#1143,#549,.F.);
#1398=EDGE_CURVE('',#1144,#1064,#550,.F.);
#1399=EDGE_CURVE('',#1144,#1116,#551,.T.);
#1400=EDGE_CURVE('',#1145,#1144,#552,.F.);
#1401=EDGE_CURVE('',#1115,#1145,#553,.F.);
#1402=EDGE_CURVE('',#1146,#1068,#554,.F.);
#1403=EDGE_CURVE('',#1146,#1118,#555,.T.);
#1404=EDGE_CURVE('',#1147,#1146,#556,.F.);
#1405=EDGE_CURVE('',#1117,#1147,#557,.F.);
#1406=EDGE_CURVE('',#1148,#1072,#558,.F.);
#1407=EDGE_CURVE('',#1148,#1120,#559,.T.);
#1408=EDGE_CURVE('',#1149,#1148,#560,.F.);
#1409=EDGE_CURVE('',#1119,#1149,#561,.F.);
#1410=EDGE_CURVE('',#1150,#1076,#562,.F.);
#1411=EDGE_CURVE('',#1150,#1122,#563,.T.);
#1412=EDGE_CURVE('',#1151,#1150,#564,.F.);
#1413=EDGE_CURVE('',#1121,#1151,#565,.F.);
#1414=EDGE_CURVE('',#1152,#1080,#566,.F.);
#1415=EDGE_CURVE('',#1152,#1124,#567,.T.);
#1416=EDGE_CURVE('',#1153,#1152,#568,.F.);
#1417=EDGE_CURVE('',#1123,#1153,#569,.F.);
#1418=EDGE_CURVE('',#1154,#1084,#570,.F.);
#1419=EDGE_CURVE('',#1154,#1126,#571,.T.);
#1420=EDGE_CURVE('',#1155,#1154,#572,.F.);
#1421=EDGE_CURVE('',#1125,#1155,#573,.F.);
#1422=EDGE_CURVE('',#1156,#1088,#574,.F.);
#1423=EDGE_CURVE('',#1156,#1128,#575,.T.);
#1424=EDGE_CURVE('',#1157,#1156,#576,.F.);
#1425=EDGE_CURVE('',#1127,#1157,#577,.F.);
#1426=EDGE_CURVE('',#1158,#1092,#578,.F.);
#1427=EDGE_CURVE('',#1158,#1130,#579,.F.);
#1428=EDGE_CURVE('',#1159,#1158,#580,.F.);
#1429=EDGE_CURVE('',#1129,#1159,#581,.F.);
#1430=EDGE_CURVE('',#1160,#1096,#582,.F.);
#1431=EDGE_CURVE('',#1160,#1132,#583,.T.);
#1432=EDGE_CURVE('',#1161,#1160,#584,.F.);
#1433=EDGE_CURVE('',#1131,#1161,#585,.F.);
#1434=EDGE_CURVE('',#1162,#1100,#586,.F.);
#1435=EDGE_CURVE('',#1162,#1134,#587,.F.);
#1436=EDGE_CURVE('',#1163,#1162,#588,.F.);
#1437=EDGE_CURVE('',#1133,#1163,#589,.F.);
#1438=EDGE_CURVE('',#1164,#1104,#590,.F.);
#1439=EDGE_CURVE('',#1164,#1135,#591,.F.);
#1440=EDGE_CURVE('',#1010,#1164,#592,.F.);
#1441=EDGE_CURVE('',#1165,#1106,#593,.F.);
#1442=EDGE_CURVE('',#1165,#1136,#594,.F.);
#1443=EDGE_CURVE('',#1014,#1165,#595,.F.);
#1444=EDGE_CURVE('',#1166,#1108,#596,.F.);
#1445=EDGE_CURVE('',#1166,#1137,#597,.F.);
#1446=EDGE_CURVE('',#1018,#1166,#598,.F.);
#1447=EDGE_CURVE('',#1167,#1110,#599,.F.);
#1448=EDGE_CURVE('',#1167,#1138,#600,.F.);
#1449=EDGE_CURVE('',#1022,#1167,#601,.F.);
#1450=EDGE_CURVE('',#1168,#1112,#602,.F.);
#1451=EDGE_CURVE('',#1168,#1139,#603,.F.);
#1452=EDGE_CURVE('',#1026,#1168,#604,.F.);
#1453=EDGE_CURVE('',#1058,#1114,#605,.F.);
#1454=EDGE_CURVE('',#1169,#1045,#606,.F.);
#1455=EDGE_CURVE('',#1003,#1169,#607,.F.);
#1456=EDGE_CURVE('',#1143,#1170,#608,.F.);
#1457=EDGE_CURVE('',#1170,#1046,#609,.F.);
#1458=EDGE_CURVE('',#1169,#1061,#610,.F.);
#1459=EDGE_CURVE('',#1171,#1047,#611,.F.);
#1460=EDGE_CURVE('',#1170,#1171,#612,.F.);
#1461=EDGE_CURVE('',#1172,#1048,#613,.T.);
#1462=EDGE_CURVE('',#1171,#1172,#614,.F.);
#1463=EDGE_CURVE('',#1173,#1049,#615,.T.);
#1464=EDGE_CURVE('',#1172,#1173,#616,.F.);
#1465=EDGE_CURVE('',#1145,#1069,#617,.F.);
#1466=EDGE_CURVE('',#1147,#1174,#618,.F.);
#1467=EDGE_CURVE('',#1174,#1050,#619,.F.);
#1468=EDGE_CURVE('',#1173,#1065,#620,.F.);
#1469=EDGE_CURVE('',#1175,#1051,#621,.F.);
#1470=EDGE_CURVE('',#1174,#1175,#622,.F.);
#1471=EDGE_CURVE('',#1149,#1077,#623,.F.);
#1472=EDGE_CURVE('',#1151,#1081,#624,.F.);
#1473=EDGE_CURVE('',#1153,#1085,#625,.F.);
#1474=EDGE_CURVE('',#1155,#1089,#626,.F.);
#1475=EDGE_CURVE('',#1157,#1176,#627,.F.);
#1476=EDGE_CURVE('',#1176,#1052,#628,.F.);
#1477=EDGE_CURVE('',#1175,#1073,#629,.F.);
#1478=EDGE_CURVE('',#1177,#1053,#630,.F.);
#1479=EDGE_CURVE('',#1176,#1177,#631,.F.);
#1480=EDGE_CURVE('',#1159,#1097,#632,.F.);
#1481=EDGE_CURVE('',#1161,#1101,#633,.F.);
#1482=EDGE_CURVE('',#1163,#1178,#634,.F.);
#1483=EDGE_CURVE('',#1178,#1054,#635,.F.);
#1484=EDGE_CURVE('',#1177,#1093,#636,.F.);
#1485=EDGE_CURVE('',#1178,#1006,#637,.F.);
#1486=EDGE_CURVE('',#1034,#1179,#638,.T.);
#1487=EDGE_CURVE('',#1179,#1035,#639,.T.);
#1488=EDGE_CURVE('',#1179,#1180,#640,.T.);
#1489=EDGE_CURVE('',#1180,#1044,#641,.T.);
#1490=EDGE_CURVE('',#1180,#1181,#642,.T.);
#1491=EDGE_CURVE('',#1181,#1043,#643,.T.);
#1492=EDGE_CURVE('',#1181,#1182,#644,.T.);
#1493=EDGE_CURVE('',#1182,#1042,#645,.T.);
#1494=EDGE_CURVE('',#1182,#1183,#646,.T.);
#1495=EDGE_CURVE('',#1183,#1041,#647,.T.);
#1496=EDGE_CURVE('',#1183,#1184,#648,.T.);
#1497=EDGE_CURVE('',#1184,#1040,#649,.T.);
#1498=EDGE_CURVE('',#1184,#1185,#650,.T.);
#1499=EDGE_CURVE('',#1185,#1039,#651,.T.);
#1500=EDGE_CURVE('',#1185,#1186,#652,.T.);
#1501=EDGE_CURVE('',#1186,#1038,#653,.T.);
#1502=EDGE_CURVE('',#1186,#1187,#654,.T.);
#1503=EDGE_CURVE('',#1187,#1037,#655,.T.);
#1504=EDGE_CURVE('',#1187,#1188,#656,.T.);
#1505=EDGE_CURVE('',#1188,#1036,#657,.T.);
#1506=EDGE_CURVE('',#1188,#1031,#658,.T.);
#1507=ORIENTED_EDGE('',*,*,#1189,.F.);
#1508=ORIENTED_EDGE('',*,*,#1190,.T.);
#1509=ORIENTED_EDGE('',*,*,#1191,.F.);
#1510=ORIENTED_EDGE('',*,*,#1190,.F.);
#1511=ORIENTED_EDGE('',*,*,#1192,.F.);
#1512=ORIENTED_EDGE('',*,*,#1193,.T.);
#1513=ORIENTED_EDGE('',*,*,#1194,.F.);
#1514=ORIENTED_EDGE('',*,*,#1193,.F.);
#1515=ORIENTED_EDGE('',*,*,#1195,.F.);
#1516=ORIENTED_EDGE('',*,*,#1196,.T.);
#1517=ORIENTED_EDGE('',*,*,#1197,.F.);
#1518=ORIENTED_EDGE('',*,*,#1196,.F.);
#1519=ORIENTED_EDGE('',*,*,#1198,.F.);
#1520=ORIENTED_EDGE('',*,*,#1199,.T.);
#1521=ORIENTED_EDGE('',*,*,#1200,.F.);
#1522=ORIENTED_EDGE('',*,*,#1199,.F.);
#1523=ORIENTED_EDGE('',*,*,#1201,.F.);
#1524=ORIENTED_EDGE('',*,*,#1202,.T.);
#1525=ORIENTED_EDGE('',*,*,#1203,.F.);
#1526=ORIENTED_EDGE('',*,*,#1202,.F.);
#1527=ORIENTED_EDGE('',*,*,#1204,.F.);
#1528=ORIENTED_EDGE('',*,*,#1205,.T.);
#1529=ORIENTED_EDGE('',*,*,#1206,.F.);
#1530=ORIENTED_EDGE('',*,*,#1205,.F.);
#1531=ORIENTED_EDGE('',*,*,#1207,.F.);
#1532=ORIENTED_EDGE('',*,*,#1208,.T.);
#1533=ORIENTED_EDGE('',*,*,#1209,.F.);
#1534=ORIENTED_EDGE('',*,*,#1208,.F.);
#1535=ORIENTED_EDGE('',*,*,#1210,.F.);
#1536=ORIENTED_EDGE('',*,*,#1211,.T.);
#1537=ORIENTED_EDGE('',*,*,#1212,.F.);
#1538=ORIENTED_EDGE('',*,*,#1211,.F.);
#1539=ORIENTED_EDGE('',*,*,#1213,.F.);
#1540=ORIENTED_EDGE('',*,*,#1214,.T.);
#1541=ORIENTED_EDGE('',*,*,#1215,.F.);
#1542=ORIENTED_EDGE('',*,*,#1214,.F.);
#1543=ORIENTED_EDGE('',*,*,#1216,.F.);
#1544=ORIENTED_EDGE('',*,*,#1217,.T.);
#1545=ORIENTED_EDGE('',*,*,#1218,.F.);
#1546=ORIENTED_EDGE('',*,*,#1219,.F.);
#1547=ORIENTED_EDGE('',*,*,#1220,.F.);
#1548=ORIENTED_EDGE('',*,*,#1221,.T.);
#1549=ORIENTED_EDGE('',*,*,#1222,.F.);
#1550=ORIENTED_EDGE('',*,*,#1217,.F.);
#1551=ORIENTED_EDGE('',*,*,#1223,.F.);
#1552=ORIENTED_EDGE('',*,*,#1224,.F.);
#1553=ORIENTED_EDGE('',*,*,#1225,.F.);
#1554=ORIENTED_EDGE('',*,*,#1221,.F.);
#1555=ORIENTED_EDGE('',*,*,#1223,.T.);
#1556=ORIENTED_EDGE('',*,*,#1220,.T.);
#1557=ORIENTED_EDGE('',*,*,#1216,.T.);
#1558=ORIENTED_EDGE('',*,*,#1226,.T.);
#1559=ORIENTED_EDGE('',*,*,#1227,.T.);
#1560=ORIENTED_EDGE('',*,*,#1228,.F.);
#1561=ORIENTED_EDGE('',*,*,#1229,.F.);
#1562=ORIENTED_EDGE('',*,*,#1230,.T.);
#1563=ORIENTED_EDGE('',*,*,#1231,.T.);
#1564=ORIENTED_EDGE('',*,*,#1232,.T.);
#1565=ORIENTED_EDGE('',*,*,#1233,.T.);
#1566=ORIENTED_EDGE('',*,*,#1234,.T.);
#1567=ORIENTED_EDGE('',*,*,#1235,.T.);
#1568=ORIENTED_EDGE('',*,*,#1236,.T.);
#1569=ORIENTED_EDGE('',*,*,#1237,.T.);
#1570=ORIENTED_EDGE('',*,*,#1238,.T.);
#1571=ORIENTED_EDGE('',*,*,#1239,.T.);
#1572=ORIENTED_EDGE('',*,*,#1240,.T.);
#1573=ORIENTED_EDGE('',*,*,#1241,.T.);
#1574=ORIENTED_EDGE('',*,*,#1242,.T.);
#1575=ORIENTED_EDGE('',*,*,#1243,.T.);
#1576=ORIENTED_EDGE('',*,*,#1244,.T.);
#1577=ORIENTED_EDGE('',*,*,#1245,.T.);
#1578=ORIENTED_EDGE('',*,*,#1246,.T.);
#1579=ORIENTED_EDGE('',*,*,#1247,.T.);
#1580=ORIENTED_EDGE('',*,*,#1248,.T.);
#1581=ORIENTED_EDGE('',*,*,#1249,.T.);
#1582=ORIENTED_EDGE('',*,*,#1250,.T.);
#1583=ORIENTED_EDGE('',*,*,#1251,.T.);
#1584=ORIENTED_EDGE('',*,*,#1252,.T.);
#1585=ORIENTED_EDGE('',*,*,#1253,.T.);
#1586=ORIENTED_EDGE('',*,*,#1254,.T.);
#1587=ORIENTED_EDGE('',*,*,#1225,.T.);
#1588=ORIENTED_EDGE('',*,*,#1255,.F.);
#1589=ORIENTED_EDGE('',*,*,#1256,.T.);
#1590=ORIENTED_EDGE('',*,*,#1257,.F.);
#1591=ORIENTED_EDGE('',*,*,#1258,.F.);
#1592=ORIENTED_EDGE('',*,*,#1259,.F.);
#1593=ORIENTED_EDGE('',*,*,#1218,.T.);
#1594=ORIENTED_EDGE('',*,*,#1222,.T.);
#1595=ORIENTED_EDGE('',*,*,#1260,.T.);
#1596=ORIENTED_EDGE('',*,*,#1257,.T.);
#1597=ORIENTED_EDGE('',*,*,#1261,.T.);
#1598=ORIENTED_EDGE('',*,*,#1262,.T.);
#1599=ORIENTED_EDGE('',*,*,#1263,.T.);
#1600=ORIENTED_EDGE('',*,*,#1264,.T.);
#1601=ORIENTED_EDGE('',*,*,#1265,.T.);
#1602=ORIENTED_EDGE('',*,*,#1266,.T.);
#1603=ORIENTED_EDGE('',*,*,#1267,.T.);
#1604=ORIENTED_EDGE('',*,*,#1268,.T.);
#1605=ORIENTED_EDGE('',*,*,#1269,.T.);
#1606=ORIENTED_EDGE('',*,*,#1270,.T.);
#1607=ORIENTED_EDGE('',*,*,#1271,.T.);
#1608=ORIENTED_EDGE('',*,*,#1272,.T.);
#1609=ORIENTED_EDGE('',*,*,#1273,.T.);
#1610=ORIENTED_EDGE('',*,*,#1274,.T.);
#1611=ORIENTED_EDGE('',*,*,#1275,.T.);
#1612=ORIENTED_EDGE('',*,*,#1276,.T.);
#1613=ORIENTED_EDGE('',*,*,#1277,.T.);
#1614=ORIENTED_EDGE('',*,*,#1278,.T.);
#1615=ORIENTED_EDGE('',*,*,#1279,.T.);
#1616=ORIENTED_EDGE('',*,*,#1280,.T.);
#1617=ORIENTED_EDGE('',*,*,#1281,.T.);
#1618=ORIENTED_EDGE('',*,*,#1228,.T.);
#1619=ORIENTED_EDGE('',*,*,#1215,.T.);
#1620=ORIENTED_EDGE('',*,*,#1212,.T.);
#1621=ORIENTED_EDGE('',*,*,#1209,.T.);
#1622=ORIENTED_EDGE('',*,*,#1206,.T.);
#1623=ORIENTED_EDGE('',*,*,#1203,.T.);
#1624=ORIENTED_EDGE('',*,*,#1200,.T.);
#1625=ORIENTED_EDGE('',*,*,#1197,.T.);
#1626=ORIENTED_EDGE('',*,*,#1194,.T.);
#1627=ORIENTED_EDGE('',*,*,#1191,.T.);
#1628=ORIENTED_EDGE('',*,*,#1282,.F.);
#1629=ORIENTED_EDGE('',*,*,#1283,.T.);
#1630=ORIENTED_EDGE('',*,*,#1253,.F.);
#1631=ORIENTED_EDGE('',*,*,#1284,.F.);
#1632=ORIENTED_EDGE('',*,*,#1282,.T.);
#1633=ORIENTED_EDGE('',*,*,#1285,.T.);
#1634=ORIENTED_EDGE('',*,*,#1286,.F.);
#1635=ORIENTED_EDGE('',*,*,#1287,.F.);
#1636=ORIENTED_EDGE('',*,*,#1284,.T.);
#1637=ORIENTED_EDGE('',*,*,#1252,.F.);
#1638=ORIENTED_EDGE('',*,*,#1288,.F.);
#1639=ORIENTED_EDGE('',*,*,#1289,.F.);
#1640=ORIENTED_EDGE('',*,*,#1285,.F.);
#1641=ORIENTED_EDGE('',*,*,#1290,.F.);
#1642=ORIENTED_EDGE('',*,*,#1291,.T.);
#1643=ORIENTED_EDGE('',*,*,#1292,.T.);
#1644=ORIENTED_EDGE('',*,*,#1293,.F.);
#1645=ORIENTED_EDGE('',*,*,#1294,.F.);
#1646=ORIENTED_EDGE('',*,*,#1295,.T.);
#1647=ORIENTED_EDGE('',*,*,#1296,.T.);
#1648=ORIENTED_EDGE('',*,*,#1297,.F.);
#1649=ORIENTED_EDGE('',*,*,#1298,.F.);
#1650=ORIENTED_EDGE('',*,*,#1299,.T.);
#1651=ORIENTED_EDGE('',*,*,#1300,.T.);
#1652=ORIENTED_EDGE('',*,*,#1301,.F.);
#1653=ORIENTED_EDGE('',*,*,#1302,.F.);
#1654=ORIENTED_EDGE('',*,*,#1303,.T.);
#1655=ORIENTED_EDGE('',*,*,#1304,.T.);
#1656=ORIENTED_EDGE('',*,*,#1305,.F.);
#1657=ORIENTED_EDGE('',*,*,#1306,.F.);
#1658=ORIENTED_EDGE('',*,*,#1307,.T.);
#1659=ORIENTED_EDGE('',*,*,#1308,.T.);
#1660=ORIENTED_EDGE('',*,*,#1309,.F.);
#1661=ORIENTED_EDGE('',*,*,#1310,.F.);
#1662=ORIENTED_EDGE('',*,*,#1311,.T.);
#1663=ORIENTED_EDGE('',*,*,#1312,.T.);
#1664=ORIENTED_EDGE('',*,*,#1313,.F.);
#1665=ORIENTED_EDGE('',*,*,#1314,.F.);
#1666=ORIENTED_EDGE('',*,*,#1315,.T.);
#1667=ORIENTED_EDGE('',*,*,#1316,.T.);
#1668=ORIENTED_EDGE('',*,*,#1317,.F.);
#1669=ORIENTED_EDGE('',*,*,#1318,.F.);
#1670=ORIENTED_EDGE('',*,*,#1319,.T.);
#1671=ORIENTED_EDGE('',*,*,#1320,.T.);
#1672=ORIENTED_EDGE('',*,*,#1321,.F.);
#1673=ORIENTED_EDGE('',*,*,#1322,.F.);
#1674=ORIENTED_EDGE('',*,*,#1323,.T.);
#1675=ORIENTED_EDGE('',*,*,#1324,.T.);
#1676=ORIENTED_EDGE('',*,*,#1325,.F.);
#1677=ORIENTED_EDGE('',*,*,#1326,.F.);
#1678=ORIENTED_EDGE('',*,*,#1327,.T.);
#1679=ORIENTED_EDGE('',*,*,#1328,.T.);
#1680=ORIENTED_EDGE('',*,*,#1329,.F.);
#1681=ORIENTED_EDGE('',*,*,#1330,.F.);
#1682=ORIENTED_EDGE('',*,*,#1331,.T.);
#1683=ORIENTED_EDGE('',*,*,#1332,.T.);
#1684=ORIENTED_EDGE('',*,*,#1333,.F.);
#1685=ORIENTED_EDGE('',*,*,#1334,.F.);
#1686=ORIENTED_EDGE('',*,*,#1335,.T.);
#1687=ORIENTED_EDGE('',*,*,#1336,.T.);
#1688=ORIENTED_EDGE('',*,*,#1231,.F.);
#1689=ORIENTED_EDGE('',*,*,#1337,.F.);
#1690=ORIENTED_EDGE('',*,*,#1338,.T.);
#1691=ORIENTED_EDGE('',*,*,#1339,.T.);
#1692=ORIENTED_EDGE('',*,*,#1235,.F.);
#1693=ORIENTED_EDGE('',*,*,#1340,.F.);
#1694=ORIENTED_EDGE('',*,*,#1341,.T.);
#1695=ORIENTED_EDGE('',*,*,#1342,.T.);
#1696=ORIENTED_EDGE('',*,*,#1239,.F.);
#1697=ORIENTED_EDGE('',*,*,#1343,.F.);
#1698=ORIENTED_EDGE('',*,*,#1344,.T.);
#1699=ORIENTED_EDGE('',*,*,#1345,.T.);
#1700=ORIENTED_EDGE('',*,*,#1243,.F.);
#1701=ORIENTED_EDGE('',*,*,#1346,.F.);
#1702=ORIENTED_EDGE('',*,*,#1347,.T.);
#1703=ORIENTED_EDGE('',*,*,#1348,.T.);
#1704=ORIENTED_EDGE('',*,*,#1247,.F.);
#1705=ORIENTED_EDGE('',*,*,#1349,.F.);
#1706=ORIENTED_EDGE('',*,*,#1350,.T.);
#1707=ORIENTED_EDGE('',*,*,#1288,.T.);
#1708=ORIENTED_EDGE('',*,*,#1251,.F.);
#1709=ORIENTED_EDGE('',*,*,#1351,.F.);
#1710=ORIENTED_EDGE('',*,*,#1296,.F.);
#1711=ORIENTED_EDGE('',*,*,#1352,.F.);
#1712=ORIENTED_EDGE('',*,*,#1353,.F.);
#1713=ORIENTED_EDGE('',*,*,#1354,.F.);
#1714=ORIENTED_EDGE('',*,*,#1300,.F.);
#1715=ORIENTED_EDGE('',*,*,#1355,.F.);
#1716=ORIENTED_EDGE('',*,*,#1356,.F.);
#1717=ORIENTED_EDGE('',*,*,#1357,.F.);
#1718=ORIENTED_EDGE('',*,*,#1304,.F.);
#1719=ORIENTED_EDGE('',*,*,#1358,.F.);
#1720=ORIENTED_EDGE('',*,*,#1359,.F.);
#1721=ORIENTED_EDGE('',*,*,#1360,.F.);
#1722=ORIENTED_EDGE('',*,*,#1308,.F.);
#1723=ORIENTED_EDGE('',*,*,#1361,.F.);
#1724=ORIENTED_EDGE('',*,*,#1362,.F.);
#1725=ORIENTED_EDGE('',*,*,#1363,.F.);
#1726=ORIENTED_EDGE('',*,*,#1312,.F.);
#1727=ORIENTED_EDGE('',*,*,#1364,.F.);
#1728=ORIENTED_EDGE('',*,*,#1365,.F.);
#1729=ORIENTED_EDGE('',*,*,#1366,.F.);
#1730=ORIENTED_EDGE('',*,*,#1316,.F.);
#1731=ORIENTED_EDGE('',*,*,#1367,.F.);
#1732=ORIENTED_EDGE('',*,*,#1368,.F.);
#1733=ORIENTED_EDGE('',*,*,#1369,.F.);
#1734=ORIENTED_EDGE('',*,*,#1320,.F.);
#1735=ORIENTED_EDGE('',*,*,#1370,.F.);
#1736=ORIENTED_EDGE('',*,*,#1371,.F.);
#1737=ORIENTED_EDGE('',*,*,#1372,.F.);
#1738=ORIENTED_EDGE('',*,*,#1324,.F.);
#1739=ORIENTED_EDGE('',*,*,#1373,.F.);
#1740=ORIENTED_EDGE('',*,*,#1374,.F.);
#1741=ORIENTED_EDGE('',*,*,#1375,.F.);
#1742=ORIENTED_EDGE('',*,*,#1328,.F.);
#1743=ORIENTED_EDGE('',*,*,#1376,.F.);
#1744=ORIENTED_EDGE('',*,*,#1377,.F.);
#1745=ORIENTED_EDGE('',*,*,#1378,.F.);
#1746=ORIENTED_EDGE('',*,*,#1332,.F.);
#1747=ORIENTED_EDGE('',*,*,#1379,.F.);
#1748=ORIENTED_EDGE('',*,*,#1380,.F.);
#1749=ORIENTED_EDGE('',*,*,#1232,.F.);
#1750=ORIENTED_EDGE('',*,*,#1336,.F.);
#1751=ORIENTED_EDGE('',*,*,#1381,.F.);
#1752=ORIENTED_EDGE('',*,*,#1382,.F.);
#1753=ORIENTED_EDGE('',*,*,#1236,.F.);
#1754=ORIENTED_EDGE('',*,*,#1339,.F.);
#1755=ORIENTED_EDGE('',*,*,#1383,.F.);
#1756=ORIENTED_EDGE('',*,*,#1384,.F.);
#1757=ORIENTED_EDGE('',*,*,#1240,.F.);
#1758=ORIENTED_EDGE('',*,*,#1342,.F.);
#1759=ORIENTED_EDGE('',*,*,#1385,.F.);
#1760=ORIENTED_EDGE('',*,*,#1386,.F.);
#1761=ORIENTED_EDGE('',*,*,#1244,.F.);
#1762=ORIENTED_EDGE('',*,*,#1345,.F.);
#1763=ORIENTED_EDGE('',*,*,#1387,.F.);
#1764=ORIENTED_EDGE('',*,*,#1388,.F.);
#1765=ORIENTED_EDGE('',*,*,#1248,.F.);
#1766=ORIENTED_EDGE('',*,*,#1348,.F.);
#1767=ORIENTED_EDGE('',*,*,#1389,.F.);
#1768=ORIENTED_EDGE('',*,*,#1390,.F.);
#1769=ORIENTED_EDGE('',*,*,#1391,.F.);
#1770=ORIENTED_EDGE('',*,*,#1292,.F.);
#1771=ORIENTED_EDGE('',*,*,#1392,.F.);
#1772=ORIENTED_EDGE('',*,*,#1393,.F.);
#1773=ORIENTED_EDGE('',*,*,#1394,.F.);
#1774=ORIENTED_EDGE('',*,*,#1395,.T.);
#1775=ORIENTED_EDGE('',*,*,#1392,.T.);
#1776=ORIENTED_EDGE('',*,*,#1291,.F.);
#1777=ORIENTED_EDGE('',*,*,#1396,.F.);
#1778=ORIENTED_EDGE('',*,*,#1397,.F.);
#1779=ORIENTED_EDGE('',*,*,#1393,.T.);
#1780=ORIENTED_EDGE('',*,*,#1395,.F.);
#1781=ORIENTED_EDGE('',*,*,#1398,.F.);
#1782=ORIENTED_EDGE('',*,*,#1399,.T.);
#1783=ORIENTED_EDGE('',*,*,#1352,.T.);
#1784=ORIENTED_EDGE('',*,*,#1295,.F.);
#1785=ORIENTED_EDGE('',*,*,#1400,.F.);
#1786=ORIENTED_EDGE('',*,*,#1401,.F.);
#1787=ORIENTED_EDGE('',*,*,#1353,.T.);
#1788=ORIENTED_EDGE('',*,*,#1399,.F.);
#1789=ORIENTED_EDGE('',*,*,#1402,.F.);
#1790=ORIENTED_EDGE('',*,*,#1403,.T.);
#1791=ORIENTED_EDGE('',*,*,#1355,.T.);
#1792=ORIENTED_EDGE('',*,*,#1299,.F.);
#1793=ORIENTED_EDGE('',*,*,#1404,.F.);
#1794=ORIENTED_EDGE('',*,*,#1405,.F.);
#1795=ORIENTED_EDGE('',*,*,#1356,.T.);
#1796=ORIENTED_EDGE('',*,*,#1403,.F.);
#1797=ORIENTED_EDGE('',*,*,#1406,.F.);
#1798=ORIENTED_EDGE('',*,*,#1407,.T.);
#1799=ORIENTED_EDGE('',*,*,#1358,.T.);
#1800=ORIENTED_EDGE('',*,*,#1303,.F.);
#1801=ORIENTED_EDGE('',*,*,#1408,.F.);
#1802=ORIENTED_EDGE('',*,*,#1409,.F.);
#1803=ORIENTED_EDGE('',*,*,#1359,.T.);
#1804=ORIENTED_EDGE('',*,*,#1407,.F.);
#1805=ORIENTED_EDGE('',*,*,#1410,.F.);
#1806=ORIENTED_EDGE('',*,*,#1411,.T.);
#1807=ORIENTED_EDGE('',*,*,#1361,.T.);
#1808=ORIENTED_EDGE('',*,*,#1307,.F.);
#1809=ORIENTED_EDGE('',*,*,#1412,.F.);
#1810=ORIENTED_EDGE('',*,*,#1413,.F.);
#1811=ORIENTED_EDGE('',*,*,#1362,.T.);
#1812=ORIENTED_EDGE('',*,*,#1411,.F.);
#1813=ORIENTED_EDGE('',*,*,#1414,.F.);
#1814=ORIENTED_EDGE('',*,*,#1415,.T.);
#1815=ORIENTED_EDGE('',*,*,#1364,.T.);
#1816=ORIENTED_EDGE('',*,*,#1311,.F.);
#1817=ORIENTED_EDGE('',*,*,#1416,.F.);
#1818=ORIENTED_EDGE('',*,*,#1417,.F.);
#1819=ORIENTED_EDGE('',*,*,#1365,.T.);
#1820=ORIENTED_EDGE('',*,*,#1415,.F.);
#1821=ORIENTED_EDGE('',*,*,#1418,.F.);
#1822=ORIENTED_EDGE('',*,*,#1419,.T.);
#1823=ORIENTED_EDGE('',*,*,#1367,.T.);
#1824=ORIENTED_EDGE('',*,*,#1315,.F.);
#1825=ORIENTED_EDGE('',*,*,#1420,.F.);
#1826=ORIENTED_EDGE('',*,*,#1421,.F.);
#1827=ORIENTED_EDGE('',*,*,#1368,.T.);
#1828=ORIENTED_EDGE('',*,*,#1419,.F.);
#1829=ORIENTED_EDGE('',*,*,#1422,.F.);
#1830=ORIENTED_EDGE('',*,*,#1423,.T.);
#1831=ORIENTED_EDGE('',*,*,#1370,.T.);
#1832=ORIENTED_EDGE('',*,*,#1319,.F.);
#1833=ORIENTED_EDGE('',*,*,#1424,.F.);
#1834=ORIENTED_EDGE('',*,*,#1425,.F.);
#1835=ORIENTED_EDGE('',*,*,#1371,.T.);
#1836=ORIENTED_EDGE('',*,*,#1423,.F.);
#1837=ORIENTED_EDGE('',*,*,#1426,.F.);
#1838=ORIENTED_EDGE('',*,*,#1427,.T.);
#1839=ORIENTED_EDGE('',*,*,#1373,.T.);
#1840=ORIENTED_EDGE('',*,*,#1323,.F.);
#1841=ORIENTED_EDGE('',*,*,#1428,.F.);
#1842=ORIENTED_EDGE('',*,*,#1429,.F.);
#1843=ORIENTED_EDGE('',*,*,#1374,.T.);
#1844=ORIENTED_EDGE('',*,*,#1427,.F.);
#1845=ORIENTED_EDGE('',*,*,#1430,.F.);
#1846=ORIENTED_EDGE('',*,*,#1431,.T.);
#1847=ORIENTED_EDGE('',*,*,#1376,.T.);
#1848=ORIENTED_EDGE('',*,*,#1327,.F.);
#1849=ORIENTED_EDGE('',*,*,#1432,.F.);
#1850=ORIENTED_EDGE('',*,*,#1433,.F.);
#1851=ORIENTED_EDGE('',*,*,#1377,.T.);
#1852=ORIENTED_EDGE('',*,*,#1431,.F.);
#1853=ORIENTED_EDGE('',*,*,#1434,.F.);
#1854=ORIENTED_EDGE('',*,*,#1435,.T.);
#1855=ORIENTED_EDGE('',*,*,#1379,.T.);
#1856=ORIENTED_EDGE('',*,*,#1331,.F.);
#1857=ORIENTED_EDGE('',*,*,#1436,.F.);
#1858=ORIENTED_EDGE('',*,*,#1437,.F.);
#1859=ORIENTED_EDGE('',*,*,#1380,.T.);
#1860=ORIENTED_EDGE('',*,*,#1435,.F.);
#1861=ORIENTED_EDGE('',*,*,#1438,.F.);
#1862=ORIENTED_EDGE('',*,*,#1439,.T.);
#1863=ORIENTED_EDGE('',*,*,#1381,.T.);
#1864=ORIENTED_EDGE('',*,*,#1335,.F.);
#1865=ORIENTED_EDGE('',*,*,#1440,.F.);
#1866=ORIENTED_EDGE('',*,*,#1233,.F.);
#1867=ORIENTED_EDGE('',*,*,#1382,.T.);
#1868=ORIENTED_EDGE('',*,*,#1439,.F.);
#1869=ORIENTED_EDGE('',*,*,#1441,.F.);
#1870=ORIENTED_EDGE('',*,*,#1442,.T.);
#1871=ORIENTED_EDGE('',*,*,#1383,.T.);
#1872=ORIENTED_EDGE('',*,*,#1338,.F.);
#1873=ORIENTED_EDGE('',*,*,#1443,.F.);
#1874=ORIENTED_EDGE('',*,*,#1237,.F.);
#1875=ORIENTED_EDGE('',*,*,#1384,.T.);
#1876=ORIENTED_EDGE('',*,*,#1442,.F.);
#1877=ORIENTED_EDGE('',*,*,#1444,.F.);
#1878=ORIENTED_EDGE('',*,*,#1445,.T.);
#1879=ORIENTED_EDGE('',*,*,#1385,.T.);
#1880=ORIENTED_EDGE('',*,*,#1341,.F.);
#1881=ORIENTED_EDGE('',*,*,#1446,.F.);
#1882=ORIENTED_EDGE('',*,*,#1241,.F.);
#1883=ORIENTED_EDGE('',*,*,#1386,.T.);
#1884=ORIENTED_EDGE('',*,*,#1445,.F.);
#1885=ORIENTED_EDGE('',*,*,#1447,.F.);
#1886=ORIENTED_EDGE('',*,*,#1448,.T.);
#1887=ORIENTED_EDGE('',*,*,#1387,.T.);
#1888=ORIENTED_EDGE('',*,*,#1344,.F.);
#1889=ORIENTED_EDGE('',*,*,#1449,.F.);
#1890=ORIENTED_EDGE('',*,*,#1245,.F.);
#1891=ORIENTED_EDGE('',*,*,#1388,.T.);
#1892=ORIENTED_EDGE('',*,*,#1448,.F.);
#1893=ORIENTED_EDGE('',*,*,#1450,.F.);
#1894=ORIENTED_EDGE('',*,*,#1451,.T.);
#1895=ORIENTED_EDGE('',*,*,#1389,.T.);
#1896=ORIENTED_EDGE('',*,*,#1347,.F.);
#1897=ORIENTED_EDGE('',*,*,#1452,.F.);
#1898=ORIENTED_EDGE('',*,*,#1249,.F.);
#1899=ORIENTED_EDGE('',*,*,#1390,.T.);
#1900=ORIENTED_EDGE('',*,*,#1451,.F.);
#1901=ORIENTED_EDGE('',*,*,#1453,.F.);
#1902=ORIENTED_EDGE('',*,*,#1286,.T.);
#1903=ORIENTED_EDGE('',*,*,#1289,.T.);
#1904=ORIENTED_EDGE('',*,*,#1350,.F.);
#1905=ORIENTED_EDGE('',*,*,#1454,.T.);
#1906=ORIENTED_EDGE('',*,*,#1271,.F.);
#1907=ORIENTED_EDGE('',*,*,#1227,.F.);
#1908=ORIENTED_EDGE('',*,*,#1455,.T.);
#1909=ORIENTED_EDGE('',*,*,#1391,.T.);
#1910=ORIENTED_EDGE('',*,*,#1397,.T.);
#1911=ORIENTED_EDGE('',*,*,#1456,.T.);
#1912=ORIENTED_EDGE('',*,*,#1457,.T.);
#1913=ORIENTED_EDGE('',*,*,#1272,.F.);
#1914=ORIENTED_EDGE('',*,*,#1454,.F.);
#1915=ORIENTED_EDGE('',*,*,#1458,.T.);
#1916=ORIENTED_EDGE('',*,*,#1293,.T.);
#1917=ORIENTED_EDGE('',*,*,#1459,.T.);
#1918=ORIENTED_EDGE('',*,*,#1273,.F.);
#1919=ORIENTED_EDGE('',*,*,#1457,.F.);
#1920=ORIENTED_EDGE('',*,*,#1460,.T.);
#1921=ORIENTED_EDGE('',*,*,#1461,.T.);
#1922=ORIENTED_EDGE('',*,*,#1274,.F.);
#1923=ORIENTED_EDGE('',*,*,#1459,.F.);
#1924=ORIENTED_EDGE('',*,*,#1462,.T.);
#1925=ORIENTED_EDGE('',*,*,#1463,.T.);
#1926=ORIENTED_EDGE('',*,*,#1275,.F.);
#1927=ORIENTED_EDGE('',*,*,#1461,.F.);
#1928=ORIENTED_EDGE('',*,*,#1464,.T.);
#1929=ORIENTED_EDGE('',*,*,#1351,.T.);
#1930=ORIENTED_EDGE('',*,*,#1401,.T.);
#1931=ORIENTED_EDGE('',*,*,#1465,.T.);
#1932=ORIENTED_EDGE('',*,*,#1301,.T.);
#1933=ORIENTED_EDGE('',*,*,#1354,.T.);
#1934=ORIENTED_EDGE('',*,*,#1405,.T.);
#1935=ORIENTED_EDGE('',*,*,#1466,.T.);
#1936=ORIENTED_EDGE('',*,*,#1467,.T.);
#1937=ORIENTED_EDGE('',*,*,#1276,.F.);
#1938=ORIENTED_EDGE('',*,*,#1463,.F.);
#1939=ORIENTED_EDGE('',*,*,#1468,.T.);
#1940=ORIENTED_EDGE('',*,*,#1297,.T.);
#1941=ORIENTED_EDGE('',*,*,#1469,.T.);
#1942=ORIENTED_EDGE('',*,*,#1277,.F.);
#1943=ORIENTED_EDGE('',*,*,#1467,.F.);
#1944=ORIENTED_EDGE('',*,*,#1470,.T.);
#1945=ORIENTED_EDGE('',*,*,#1357,.T.);
#1946=ORIENTED_EDGE('',*,*,#1409,.T.);
#1947=ORIENTED_EDGE('',*,*,#1471,.T.);
#1948=ORIENTED_EDGE('',*,*,#1309,.T.);
#1949=ORIENTED_EDGE('',*,*,#1360,.T.);
#1950=ORIENTED_EDGE('',*,*,#1413,.T.);
#1951=ORIENTED_EDGE('',*,*,#1472,.T.);
#1952=ORIENTED_EDGE('',*,*,#1313,.T.);
#1953=ORIENTED_EDGE('',*,*,#1363,.T.);
#1954=ORIENTED_EDGE('',*,*,#1417,.T.);
#1955=ORIENTED_EDGE('',*,*,#1473,.T.);
#1956=ORIENTED_EDGE('',*,*,#1317,.T.);
#1957=ORIENTED_EDGE('',*,*,#1366,.T.);
#1958=ORIENTED_EDGE('',*,*,#1421,.T.);
#1959=ORIENTED_EDGE('',*,*,#1474,.T.);
#1960=ORIENTED_EDGE('',*,*,#1321,.T.);
#1961=ORIENTED_EDGE('',*,*,#1369,.T.);
#1962=ORIENTED_EDGE('',*,*,#1425,.T.);
#1963=ORIENTED_EDGE('',*,*,#1475,.T.);
#1964=ORIENTED_EDGE('',*,*,#1476,.T.);
#1965=ORIENTED_EDGE('',*,*,#1278,.F.);
#1966=ORIENTED_EDGE('',*,*,#1469,.F.);
#1967=ORIENTED_EDGE('',*,*,#1477,.T.);
#1968=ORIENTED_EDGE('',*,*,#1305,.T.);
#1969=ORIENTED_EDGE('',*,*,#1478,.T.);
#1970=ORIENTED_EDGE('',*,*,#1279,.F.);
#1971=ORIENTED_EDGE('',*,*,#1476,.F.);
#1972=ORIENTED_EDGE('',*,*,#1479,.T.);
#1973=ORIENTED_EDGE('',*,*,#1372,.T.);
#1974=ORIENTED_EDGE('',*,*,#1429,.T.);
#1975=ORIENTED_EDGE('',*,*,#1480,.T.);
#1976=ORIENTED_EDGE('',*,*,#1329,.T.);
#1977=ORIENTED_EDGE('',*,*,#1375,.T.);
#1978=ORIENTED_EDGE('',*,*,#1433,.T.);
#1979=ORIENTED_EDGE('',*,*,#1481,.T.);
#1980=ORIENTED_EDGE('',*,*,#1333,.T.);
#1981=ORIENTED_EDGE('',*,*,#1378,.T.);
#1982=ORIENTED_EDGE('',*,*,#1437,.T.);
#1983=ORIENTED_EDGE('',*,*,#1482,.T.);
#1984=ORIENTED_EDGE('',*,*,#1483,.T.);
#1985=ORIENTED_EDGE('',*,*,#1280,.F.);
#1986=ORIENTED_EDGE('',*,*,#1478,.F.);
#1987=ORIENTED_EDGE('',*,*,#1484,.T.);
#1988=ORIENTED_EDGE('',*,*,#1325,.T.);
#1989=ORIENTED_EDGE('',*,*,#1229,.T.);
#1990=ORIENTED_EDGE('',*,*,#1281,.F.);
#1991=ORIENTED_EDGE('',*,*,#1483,.F.);
#1992=ORIENTED_EDGE('',*,*,#1485,.T.);
#1993=ORIENTED_EDGE('',*,*,#1486,.F.);
#1994=ORIENTED_EDGE('',*,*,#1258,.T.);
#1995=ORIENTED_EDGE('',*,*,#1260,.F.);
#1996=ORIENTED_EDGE('',*,*,#1487,.F.);
#1997=ORIENTED_EDGE('',*,*,#1488,.F.);
#1998=ORIENTED_EDGE('',*,*,#1487,.T.);
#1999=ORIENTED_EDGE('',*,*,#1270,.F.);
#2000=ORIENTED_EDGE('',*,*,#1489,.F.);
#2001=ORIENTED_EDGE('',*,*,#1490,.F.);
#2002=ORIENTED_EDGE('',*,*,#1489,.T.);
#2003=ORIENTED_EDGE('',*,*,#1269,.F.);
#2004=ORIENTED_EDGE('',*,*,#1491,.F.);
#2005=ORIENTED_EDGE('',*,*,#1492,.F.);
#2006=ORIENTED_EDGE('',*,*,#1491,.T.);
#2007=ORIENTED_EDGE('',*,*,#1268,.F.);
#2008=ORIENTED_EDGE('',*,*,#1493,.F.);
#2009=ORIENTED_EDGE('',*,*,#1494,.F.);
#2010=ORIENTED_EDGE('',*,*,#1493,.T.);
#2011=ORIENTED_EDGE('',*,*,#1267,.F.);
#2012=ORIENTED_EDGE('',*,*,#1495,.F.);
#2013=ORIENTED_EDGE('',*,*,#1496,.F.);
#2014=ORIENTED_EDGE('',*,*,#1495,.T.);
#2015=ORIENTED_EDGE('',*,*,#1266,.F.);
#2016=ORIENTED_EDGE('',*,*,#1497,.F.);
#2017=ORIENTED_EDGE('',*,*,#1498,.F.);
#2018=ORIENTED_EDGE('',*,*,#1497,.T.);
#2019=ORIENTED_EDGE('',*,*,#1265,.F.);
#2020=ORIENTED_EDGE('',*,*,#1499,.F.);
#2021=ORIENTED_EDGE('',*,*,#1500,.F.);
#2022=ORIENTED_EDGE('',*,*,#1499,.T.);
#2023=ORIENTED_EDGE('',*,*,#1264,.F.);
#2024=ORIENTED_EDGE('',*,*,#1501,.F.);
#2025=ORIENTED_EDGE('',*,*,#1502,.F.);
#2026=ORIENTED_EDGE('',*,*,#1501,.T.);
#2027=ORIENTED_EDGE('',*,*,#1263,.F.);
#2028=ORIENTED_EDGE('',*,*,#1503,.F.);
#2029=ORIENTED_EDGE('',*,*,#1504,.F.);
#2030=ORIENTED_EDGE('',*,*,#1503,.T.);
#2031=ORIENTED_EDGE('',*,*,#1262,.F.);
#2032=ORIENTED_EDGE('',*,*,#1505,.F.);
#2033=ORIENTED_EDGE('',*,*,#1506,.F.);
#2034=ORIENTED_EDGE('',*,*,#1505,.T.);
#2035=ORIENTED_EDGE('',*,*,#1261,.F.);
#2036=ORIENTED_EDGE('',*,*,#1256,.F.);
#2037=ORIENTED_EDGE('',*,*,#1224,.T.);
#2038=ORIENTED_EDGE('',*,*,#1254,.F.);
#2039=ORIENTED_EDGE('',*,*,#1283,.F.);
#2040=ORIENTED_EDGE('',*,*,#1287,.T.);
#2041=ORIENTED_EDGE('',*,*,#1453,.T.);
#2042=ORIENTED_EDGE('',*,*,#1349,.T.);
#2043=ORIENTED_EDGE('',*,*,#1250,.F.);
#2044=ORIENTED_EDGE('',*,*,#1452,.T.);
#2045=ORIENTED_EDGE('',*,*,#1450,.T.);
#2046=ORIENTED_EDGE('',*,*,#1346,.T.);
#2047=ORIENTED_EDGE('',*,*,#1246,.F.);
#2048=ORIENTED_EDGE('',*,*,#1449,.T.);
#2049=ORIENTED_EDGE('',*,*,#1447,.T.);
#2050=ORIENTED_EDGE('',*,*,#1343,.T.);
#2051=ORIENTED_EDGE('',*,*,#1242,.F.);
#2052=ORIENTED_EDGE('',*,*,#1446,.T.);
#2053=ORIENTED_EDGE('',*,*,#1444,.T.);
#2054=ORIENTED_EDGE('',*,*,#1340,.T.);
#2055=ORIENTED_EDGE('',*,*,#1238,.F.);
#2056=ORIENTED_EDGE('',*,*,#1443,.T.);
#2057=ORIENTED_EDGE('',*,*,#1441,.T.);
#2058=ORIENTED_EDGE('',*,*,#1337,.T.);
#2059=ORIENTED_EDGE('',*,*,#1234,.F.);
#2060=ORIENTED_EDGE('',*,*,#1440,.T.);
#2061=ORIENTED_EDGE('',*,*,#1438,.T.);
#2062=ORIENTED_EDGE('',*,*,#1334,.T.);
#2063=ORIENTED_EDGE('',*,*,#1230,.F.);
#2064=ORIENTED_EDGE('',*,*,#1485,.F.);
#2065=ORIENTED_EDGE('',*,*,#1482,.F.);
#2066=ORIENTED_EDGE('',*,*,#1436,.T.);
#2067=ORIENTED_EDGE('',*,*,#1434,.T.);
#2068=ORIENTED_EDGE('',*,*,#1330,.T.);
#2069=ORIENTED_EDGE('',*,*,#1481,.F.);
#2070=ORIENTED_EDGE('',*,*,#1432,.T.);
#2071=ORIENTED_EDGE('',*,*,#1430,.T.);
#2072=ORIENTED_EDGE('',*,*,#1326,.T.);
#2073=ORIENTED_EDGE('',*,*,#1480,.F.);
#2074=ORIENTED_EDGE('',*,*,#1428,.T.);
#2075=ORIENTED_EDGE('',*,*,#1426,.T.);
#2076=ORIENTED_EDGE('',*,*,#1322,.T.);
#2077=ORIENTED_EDGE('',*,*,#1484,.F.);
#2078=ORIENTED_EDGE('',*,*,#1479,.F.);
#2079=ORIENTED_EDGE('',*,*,#1475,.F.);
#2080=ORIENTED_EDGE('',*,*,#1424,.T.);
#2081=ORIENTED_EDGE('',*,*,#1422,.T.);
#2082=ORIENTED_EDGE('',*,*,#1318,.T.);
#2083=ORIENTED_EDGE('',*,*,#1474,.F.);
#2084=ORIENTED_EDGE('',*,*,#1420,.T.);
#2085=ORIENTED_EDGE('',*,*,#1418,.T.);
#2086=ORIENTED_EDGE('',*,*,#1314,.T.);
#2087=ORIENTED_EDGE('',*,*,#1473,.F.);
#2088=ORIENTED_EDGE('',*,*,#1416,.T.);
#2089=ORIENTED_EDGE('',*,*,#1414,.T.);
#2090=ORIENTED_EDGE('',*,*,#1310,.T.);
#2091=ORIENTED_EDGE('',*,*,#1472,.F.);
#2092=ORIENTED_EDGE('',*,*,#1412,.T.);
#2093=ORIENTED_EDGE('',*,*,#1410,.T.);
#2094=ORIENTED_EDGE('',*,*,#1306,.T.);
#2095=ORIENTED_EDGE('',*,*,#1471,.F.);
#2096=ORIENTED_EDGE('',*,*,#1408,.T.);
#2097=ORIENTED_EDGE('',*,*,#1406,.T.);
#2098=ORIENTED_EDGE('',*,*,#1302,.T.);
#2099=ORIENTED_EDGE('',*,*,#1477,.F.);
#2100=ORIENTED_EDGE('',*,*,#1470,.F.);
#2101=ORIENTED_EDGE('',*,*,#1466,.F.);
#2102=ORIENTED_EDGE('',*,*,#1404,.T.);
#2103=ORIENTED_EDGE('',*,*,#1402,.T.);
#2104=ORIENTED_EDGE('',*,*,#1298,.T.);
#2105=ORIENTED_EDGE('',*,*,#1465,.F.);
#2106=ORIENTED_EDGE('',*,*,#1400,.T.);
#2107=ORIENTED_EDGE('',*,*,#1398,.T.);
#2108=ORIENTED_EDGE('',*,*,#1294,.T.);
#2109=ORIENTED_EDGE('',*,*,#1468,.F.);
#2110=ORIENTED_EDGE('',*,*,#1464,.F.);
#2111=ORIENTED_EDGE('',*,*,#1462,.F.);
#2112=ORIENTED_EDGE('',*,*,#1460,.F.);
#2113=ORIENTED_EDGE('',*,*,#1456,.F.);
#2114=ORIENTED_EDGE('',*,*,#1396,.T.);
#2115=ORIENTED_EDGE('',*,*,#1394,.T.);
#2116=ORIENTED_EDGE('',*,*,#1290,.T.);
#2117=ORIENTED_EDGE('',*,*,#1458,.F.);
#2118=ORIENTED_EDGE('',*,*,#1455,.F.);
#2119=ORIENTED_EDGE('',*,*,#1226,.F.);
#2120=ORIENTED_EDGE('',*,*,#1219,.T.);
#2121=ORIENTED_EDGE('',*,*,#1259,.T.);
#2122=ORIENTED_EDGE('',*,*,#1486,.T.);
#2123=ORIENTED_EDGE('',*,*,#1488,.T.);
#2124=ORIENTED_EDGE('',*,*,#1490,.T.);
#2125=ORIENTED_EDGE('',*,*,#1492,.T.);
#2126=ORIENTED_EDGE('',*,*,#1494,.T.);
#2127=ORIENTED_EDGE('',*,*,#1496,.T.);
#2128=ORIENTED_EDGE('',*,*,#1498,.T.);
#2129=ORIENTED_EDGE('',*,*,#1500,.T.);
#2130=ORIENTED_EDGE('',*,*,#1502,.T.);
#2131=ORIENTED_EDGE('',*,*,#1504,.T.);
#2132=ORIENTED_EDGE('',*,*,#1506,.T.);
#2133=ORIENTED_EDGE('',*,*,#1255,.T.);
#2134=ORIENTED_EDGE('',*,*,#1213,.T.);
#2135=ORIENTED_EDGE('',*,*,#1210,.T.);
#2136=ORIENTED_EDGE('',*,*,#1207,.T.);
#2137=ORIENTED_EDGE('',*,*,#1204,.T.);
#2138=ORIENTED_EDGE('',*,*,#1201,.T.);
#2139=ORIENTED_EDGE('',*,*,#1198,.T.);
#2140=ORIENTED_EDGE('',*,*,#1195,.T.);
#2141=ORIENTED_EDGE('',*,*,#1192,.T.);
#2142=ORIENTED_EDGE('',*,*,#1189,.T.);
#2143=CYLINDRICAL_SURFACE('',#2275,1.20000000000001);
#2144=CYLINDRICAL_SURFACE('',#2278,1.19999999999999);
#2145=CYLINDRICAL_SURFACE('',#2281,1.19999999999997);
#2146=CYLINDRICAL_SURFACE('',#2284,1.20000000000001);
#2147=CYLINDRICAL_SURFACE('',#2287,1.2);
#2148=CYLINDRICAL_SURFACE('',#2290,1.2);
#2149=CYLINDRICAL_SURFACE('',#2293,1.19999999999997);
#2150=CYLINDRICAL_SURFACE('',#2296,1.20000000000001);
#2151=CYLINDRICAL_SURFACE('',#2299,1.2);
#2152=CYLINDRICAL_SURFACE('',#2302,3.68000034461146);
#2153=CYLINDRICAL_SURFACE('',#2306,3.68000034461147);
#2154=ADVANCED_FACE('',(#130),#2143,.F.);
#2155=ADVANCED_FACE('',(#131),#2144,.F.);
#2156=ADVANCED_FACE('',(#132),#2145,.F.);
#2157=ADVANCED_FACE('',(#133),#2146,.F.);
#2158=ADVANCED_FACE('',(#134),#2147,.F.);
#2159=ADVANCED_FACE('',(#135),#2148,.F.);
#2160=ADVANCED_FACE('',(#136),#2149,.F.);
#2161=ADVANCED_FACE('',(#137),#2150,.F.);
#2162=ADVANCED_FACE('',(#138),#2151,.F.);
#2163=ADVANCED_FACE('',(#139),#2152,.F.);
#2164=ADVANCED_FACE('',(#140),#34,.F.);
#2165=ADVANCED_FACE('',(#141),#2153,.F.);
#2166=ADVANCED_FACE('',(#142),#35,.T.);
#2167=ADVANCED_FACE('',(#143),#36,.T.);
#2168=ADVANCED_FACE('',(#144,#15,#16,#17,#18,#19,#20,#21,#22,#23,#24),#37,
 .T.);
#2169=ADVANCED_FACE('',(#145),#38,.T.);
#2170=ADVANCED_FACE('',(#146),#39,.F.);
#2171=ADVANCED_FACE('',(#147),#40,.F.);
#2172=ADVANCED_FACE('',(#148),#41,.F.);
#2173=ADVANCED_FACE('',(#149),#42,.F.);
#2174=ADVANCED_FACE('',(#150),#43,.F.);
#2175=ADVANCED_FACE('',(#151),#44,.F.);
#2176=ADVANCED_FACE('',(#152),#45,.F.);
#2177=ADVANCED_FACE('',(#153),#46,.F.);
#2178=ADVANCED_FACE('',(#154),#47,.F.);
#2179=ADVANCED_FACE('',(#155),#48,.F.);
#2180=ADVANCED_FACE('',(#156),#49,.F.);
#2181=ADVANCED_FACE('',(#157),#50,.F.);
#2182=ADVANCED_FACE('',(#158),#51,.F.);
#2183=ADVANCED_FACE('',(#159),#52,.F.);
#2184=ADVANCED_FACE('',(#160),#53,.F.);
#2185=ADVANCED_FACE('',(#161),#54,.F.);
#2186=ADVANCED_FACE('',(#162),#55,.F.);
#2187=ADVANCED_FACE('',(#163),#56,.F.);
#2188=ADVANCED_FACE('',(#164),#57,.F.);
#2189=ADVANCED_FACE('',(#165),#58,.F.);
#2190=ADVANCED_FACE('',(#166),#59,.F.);
#2191=ADVANCED_FACE('',(#167),#60,.F.);
#2192=ADVANCED_FACE('',(#168),#61,.F.);
#2193=ADVANCED_FACE('',(#169),#62,.F.);
#2194=ADVANCED_FACE('',(#170),#63,.F.);
#2195=ADVANCED_FACE('',(#171),#64,.F.);
#2196=ADVANCED_FACE('',(#172),#65,.F.);
#2197=ADVANCED_FACE('',(#173),#66,.F.);
#2198=ADVANCED_FACE('',(#174),#67,.F.);
#2199=ADVANCED_FACE('',(#175),#68,.F.);
#2200=ADVANCED_FACE('',(#176),#69,.F.);
#2201=ADVANCED_FACE('',(#177),#70,.F.);
#2202=ADVANCED_FACE('',(#178),#71,.F.);
#2203=ADVANCED_FACE('',(#179),#72,.F.);
#2204=ADVANCED_FACE('',(#180),#73,.F.);
#2205=ADVANCED_FACE('',(#181),#74,.F.);
#2206=ADVANCED_FACE('',(#182),#75,.F.);
#2207=ADVANCED_FACE('',(#183),#76,.F.);
#2208=ADVANCED_FACE('',(#184),#77,.F.);
#2209=ADVANCED_FACE('',(#185),#78,.F.);
#2210=ADVANCED_FACE('',(#186),#79,.F.);
#2211=ADVANCED_FACE('',(#187),#80,.F.);
#2212=ADVANCED_FACE('',(#188),#81,.F.);
#2213=ADVANCED_FACE('',(#189),#82,.F.);
#2214=ADVANCED_FACE('',(#190),#83,.F.);
#2215=ADVANCED_FACE('',(#191),#84,.F.);
#2216=ADVANCED_FACE('',(#192),#85,.F.);
#2217=ADVANCED_FACE('',(#193),#86,.F.);
#2218=ADVANCED_FACE('',(#194),#87,.F.);
#2219=ADVANCED_FACE('',(#195),#88,.F.);
#2220=ADVANCED_FACE('',(#196),#89,.F.);
#2221=ADVANCED_FACE('',(#197),#90,.F.);
#2222=ADVANCED_FACE('',(#198),#91,.F.);
#2223=ADVANCED_FACE('',(#199),#92,.F.);
#2224=ADVANCED_FACE('',(#200),#93,.F.);
#2225=ADVANCED_FACE('',(#201),#94,.F.);
#2226=ADVANCED_FACE('',(#202),#95,.F.);
#2227=ADVANCED_FACE('',(#203),#96,.F.);
#2228=ADVANCED_FACE('',(#204),#97,.F.);
#2229=ADVANCED_FACE('',(#205),#98,.F.);
#2230=ADVANCED_FACE('',(#206),#99,.F.);
#2231=ADVANCED_FACE('',(#207),#100,.F.);
#2232=ADVANCED_FACE('',(#208),#101,.F.);
#2233=ADVANCED_FACE('',(#209),#102,.F.);
#2234=ADVANCED_FACE('',(#210),#103,.F.);
#2235=ADVANCED_FACE('',(#211),#104,.F.);
#2236=ADVANCED_FACE('',(#212),#105,.F.);
#2237=ADVANCED_FACE('',(#213),#106,.F.);
#2238=ADVANCED_FACE('',(#214),#107,.T.);
#2239=ADVANCED_FACE('',(#215),#108,.T.);
#2240=ADVANCED_FACE('',(#216),#109,.T.);
#2241=ADVANCED_FACE('',(#217),#110,.T.);
#2242=ADVANCED_FACE('',(#218),#111,.T.);
#2243=ADVANCED_FACE('',(#219),#112,.T.);
#2244=ADVANCED_FACE('',(#220),#113,.T.);
#2245=ADVANCED_FACE('',(#221),#114,.T.);
#2246=ADVANCED_FACE('',(#222),#115,.T.);
#2247=ADVANCED_FACE('',(#223),#116,.T.);
#2248=ADVANCED_FACE('',(#224),#117,.T.);
#2249=ADVANCED_FACE('',(#225),#118,.T.);
#2250=ADVANCED_FACE('',(#226),#119,.T.);
#2251=ADVANCED_FACE('',(#227),#120,.T.);
#2252=ADVANCED_FACE('',(#228),#121,.T.);
#2253=ADVANCED_FACE('',(#229),#122,.T.);
#2254=ADVANCED_FACE('',(#230),#123,.T.);
#2255=ADVANCED_FACE('',(#231),#124,.T.);
#2256=ADVANCED_FACE('',(#232),#125,.T.);
#2257=ADVANCED_FACE('',(#233),#126,.T.);
#2258=ADVANCED_FACE('',(#234),#127,.T.);
#2259=ADVANCED_FACE('',(#235),#128,.T.);
#2260=ADVANCED_FACE('',(#236,#25,#26,#27,#28,#29,#30,#31,#32,#33),#129,
 .F.);
#2261=CLOSED_SHELL('',(#2154,#2155,#2156,#2157,#2158,#2159,#2160,#2161,
#2162,#2163,#2164,#2165,#2166,#2167,#2168,#2169,#2170,#2171,#2172,#2173,
#2174,#2175,#2176,#2177,#2178,#2179,#2180,#2181,#2182,#2183,#2184,#2185,
#2186,#2187,#2188,#2189,#2190,#2191,#2192,#2193,#2194,#2195,#2196,#2197,
#2198,#2199,#2200,#2201,#2202,#2203,#2204,#2205,#2206,#2207,#2208,#2209,
#2210,#2211,#2212,#2213,#2214,#2215,#2216,#2217,#2218,#2219,#2220,#2221,
#2222,#2223,#2224,#2225,#2226,#2227,#2228,#2229,#2230,#2231,#2232,#2233,
#2234,#2235,#2236,#2237,#2238,#2239,#2240,#2241,#2242,#2243,#2244,#2245,
#2246,#2247,#2248,#2249,#2250,#2251,#2252,#2253,#2254,#2255,#2256,#2257,
#2258,#2259,#2260));
#2262=DERIVED_UNIT_ELEMENT(#2264,1.);
#2263=DERIVED_UNIT_ELEMENT(#3603,-3.);
#2264=(
MASS_UNIT()
NAMED_UNIT(*)
SI_UNIT(.KILO.,.GRAM.)
);
#2265=DERIVED_UNIT((#2262,#2263));
#2266=MEASURE_REPRESENTATION_ITEM('density measure',
POSITIVE_RATIO_MEASURE(7850.),#2265);
#2267=PROPERTY_DEFINITION_REPRESENTATION(#2272,#2269);
#2268=PROPERTY_DEFINITION_REPRESENTATION(#2273,#2270);
#2269=REPRESENTATION('material name',(#2271),#3600);
#2270=REPRESENTATION('density',(#2266),#3600);
#2271=DESCRIPTIVE_REPRESENTATION_ITEM('Steel','Steel');
#2272=PROPERTY_DEFINITION('material property','material name',#3610);
#2273=PROPERTY_DEFINITION('material property','density of part',#3610);
#2274=AXIS2_PLACEMENT_3D('',#2960,#2404,#2405);
#2275=AXIS2_PLACEMENT_3D('',#2961,#2406,#2407);
#2276=AXIS2_PLACEMENT_3D('',#2963,#2408,#2409);
#2277=AXIS2_PLACEMENT_3D('',#2966,#2411,#2412);
#2278=AXIS2_PLACEMENT_3D('',#2967,#2413,#2414);
#2279=AXIS2_PLACEMENT_3D('',#2969,#2415,#2416);
#2280=AXIS2_PLACEMENT_3D('',#2972,#2418,#2419);
#2281=AXIS2_PLACEMENT_3D('',#2973,#2420,#2421);
#2282=AXIS2_PLACEMENT_3D('',#2975,#2422,#2423);
#2283=AXIS2_PLACEMENT_3D('',#2978,#2425,#2426);
#2284=AXIS2_PLACEMENT_3D('',#2979,#2427,#2428);
#2285=AXIS2_PLACEMENT_3D('',#2981,#2429,#2430);
#2286=AXIS2_PLACEMENT_3D('',#2984,#2432,#2433);
#2287=AXIS2_PLACEMENT_3D('',#2985,#2434,#2435);
#2288=AXIS2_PLACEMENT_3D('',#2987,#2436,#2437);
#2289=AXIS2_PLACEMENT_3D('',#2990,#2439,#2440);
#2290=AXIS2_PLACEMENT_3D('',#2991,#2441,#2442);
#2291=AXIS2_PLACEMENT_3D('',#2993,#2443,#2444);
#2292=AXIS2_PLACEMENT_3D('',#2996,#2446,#2447);
#2293=AXIS2_PLACEMENT_3D('',#2997,#2448,#2449);
#2294=AXIS2_PLACEMENT_3D('',#2999,#2450,#2451);
#2295=AXIS2_PLACEMENT_3D('',#3002,#2453,#2454);
#2296=AXIS2_PLACEMENT_3D('',#3003,#2455,#2456);
#2297=AXIS2_PLACEMENT_3D('',#3005,#2457,#2458);
#2298=AXIS2_PLACEMENT_3D('',#3008,#2460,#2461);
#2299=AXIS2_PLACEMENT_3D('',#3009,#2462,#2463);
#2300=AXIS2_PLACEMENT_3D('',#3011,#2464,#2465);
#2301=AXIS2_PLACEMENT_3D('',#3014,#2467,#2468);
#2302=AXIS2_PLACEMENT_3D('',#3015,#2469,#2470);
#2303=AXIS2_PLACEMENT_3D('',#3018,#2471,#2472);
#2304=AXIS2_PLACEMENT_3D('',#3022,#2474,#2475);
#2305=AXIS2_PLACEMENT_3D('',#3024,#2477,#2478);
#2306=AXIS2_PLACEMENT_3D('',#3030,#2482,#2483);
#2307=AXIS2_PLACEMENT_3D('',#3032,#2484,#2485);
#2308=AXIS2_PLACEMENT_3D('',#3035,#2487,#2488);
#2309=AXIS2_PLACEMENT_3D('',#3036,#2489,#2490);
#2310=AXIS2_PLACEMENT_3D('',#3094,#2520,#2521);
#2311=AXIS2_PLACEMENT_3D('',#3104,#2527,#2528);
#2312=AXIS2_PLACEMENT_3D('',#3147,#2551,#2552);
#2313=AXIS2_PLACEMENT_3D('',#3153,#2556,#2557);
#2314=AXIS2_PLACEMENT_3D('',#3159,#2561,#2562);
#2315=AXIS2_PLACEMENT_3D('',#3163,#2565,#2566);
#2316=AXIS2_PLACEMENT_3D('',#3172,#2571,#2572);
#2317=AXIS2_PLACEMENT_3D('',#3181,#2577,#2578);
#2318=AXIS2_PLACEMENT_3D('',#3190,#2583,#2584);
#2319=AXIS2_PLACEMENT_3D('',#3199,#2589,#2590);
#2320=AXIS2_PLACEMENT_3D('',#3208,#2595,#2596);
#2321=AXIS2_PLACEMENT_3D('',#3217,#2601,#2602);
#2322=AXIS2_PLACEMENT_3D('',#3226,#2607,#2608);
#2323=AXIS2_PLACEMENT_3D('',#3235,#2613,#2614);
#2324=AXIS2_PLACEMENT_3D('',#3244,#2619,#2620);
#2325=AXIS2_PLACEMENT_3D('',#3253,#2625,#2626);
#2326=AXIS2_PLACEMENT_3D('',#3262,#2631,#2632);
#2327=AXIS2_PLACEMENT_3D('',#3268,#2636,#2637);
#2328=AXIS2_PLACEMENT_3D('',#3274,#2641,#2642);
#2329=AXIS2_PLACEMENT_3D('',#3280,#2646,#2647);
#2330=AXIS2_PLACEMENT_3D('',#3286,#2651,#2652);
#2331=AXIS2_PLACEMENT_3D('',#3292,#2656,#2657);
#2332=AXIS2_PLACEMENT_3D('',#3296,#2660,#2661);
#2333=AXIS2_PLACEMENT_3D('',#3302,#2665,#2666);
#2334=AXIS2_PLACEMENT_3D('',#3308,#2670,#2671);
#2335=AXIS2_PLACEMENT_3D('',#3314,#2675,#2676);
#2336=AXIS2_PLACEMENT_3D('',#3320,#2680,#2681);
#2337=AXIS2_PLACEMENT_3D('',#3326,#2685,#2686);
#2338=AXIS2_PLACEMENT_3D('',#3332,#2690,#2691);
#2339=AXIS2_PLACEMENT_3D('',#3338,#2695,#2696);
#2340=AXIS2_PLACEMENT_3D('',#3344,#2700,#2701);
#2341=AXIS2_PLACEMENT_3D('',#3350,#2705,#2706);
#2342=AXIS2_PLACEMENT_3D('',#3356,#2710,#2711);
#2343=AXIS2_PLACEMENT_3D('',#3360,#2714,#2715);
#2344=AXIS2_PLACEMENT_3D('',#3364,#2718,#2719);
#2345=AXIS2_PLACEMENT_3D('',#3368,#2722,#2723);
#2346=AXIS2_PLACEMENT_3D('',#3372,#2726,#2727);
#2347=AXIS2_PLACEMENT_3D('',#3376,#2730,#2731);
#2348=AXIS2_PLACEMENT_3D('',#3382,#2735,#2736);
#2349=AXIS2_PLACEMENT_3D('',#3386,#2739,#2740);
#2350=AXIS2_PLACEMENT_3D('',#3390,#2743,#2744);
#2351=AXIS2_PLACEMENT_3D('',#3394,#2747,#2748);
#2352=AXIS2_PLACEMENT_3D('',#3398,#2751,#2752);
#2353=AXIS2_PLACEMENT_3D('',#3402,#2755,#2756);
#2354=AXIS2_PLACEMENT_3D('',#3406,#2759,#2760);
#2355=AXIS2_PLACEMENT_3D('',#3410,#2763,#2764);
#2356=AXIS2_PLACEMENT_3D('',#3414,#2767,#2768);
#2357=AXIS2_PLACEMENT_3D('',#3418,#2771,#2772);
#2358=AXIS2_PLACEMENT_3D('',#3422,#2775,#2776);
#2359=AXIS2_PLACEMENT_3D('',#3426,#2779,#2780);
#2360=AXIS2_PLACEMENT_3D('',#3430,#2783,#2784);
#2361=AXIS2_PLACEMENT_3D('',#3434,#2787,#2788);
#2362=AXIS2_PLACEMENT_3D('',#3438,#2791,#2792);
#2363=AXIS2_PLACEMENT_3D('',#3442,#2795,#2796);
#2364=AXIS2_PLACEMENT_3D('',#3446,#2799,#2800);
#2365=AXIS2_PLACEMENT_3D('',#3450,#2803,#2804);
#2366=AXIS2_PLACEMENT_3D('',#3454,#2807,#2808);
#2367=AXIS2_PLACEMENT_3D('',#3458,#2811,#2812);
#2368=AXIS2_PLACEMENT_3D('',#3462,#2815,#2816);
#2369=AXIS2_PLACEMENT_3D('',#3466,#2819,#2820);
#2370=AXIS2_PLACEMENT_3D('',#3470,#2823,#2824);
#2371=AXIS2_PLACEMENT_3D('',#3474,#2827,#2828);
#2372=AXIS2_PLACEMENT_3D('',#3476,#2830,#2831);
#2373=AXIS2_PLACEMENT_3D('',#3480,#2834,#2835);
#2374=AXIS2_PLACEMENT_3D('',#3482,#2837,#2838);
#2375=AXIS2_PLACEMENT_3D('',#3486,#2841,#2842);
#2376=AXIS2_PLACEMENT_3D('',#3488,#2844,#2845);
#2377=AXIS2_PLACEMENT_3D('',#3492,#2848,#2849);
#2378=AXIS2_PLACEMENT_3D('',#3494,#2851,#2852);
#2379=AXIS2_PLACEMENT_3D('',#3498,#2855,#2856);
#2380=AXIS2_PLACEMENT_3D('',#3500,#2858,#2859);
#2381=AXIS2_PLACEMENT_3D('',#3502,#2861,#2862);
#2382=AXIS2_PLACEMENT_3D('',#3506,#2865,#2866);
#2383=AXIS2_PLACEMENT_3D('',#3511,#2870,#2871);
#2384=AXIS2_PLACEMENT_3D('',#3515,#2874,#2875);
#2385=AXIS2_PLACEMENT_3D('',#3519,#2878,#2879);
#2386=AXIS2_PLACEMENT_3D('',#3523,#2882,#2883);
#2387=AXIS2_PLACEMENT_3D('',#3529,#2888,#2889);
#2388=AXIS2_PLACEMENT_3D('',#3533,#2892,#2893);
#2389=AXIS2_PLACEMENT_3D('',#3542,#2901,#2902);
#2390=AXIS2_PLACEMENT_3D('',#3546,#2905,#2906);
#2391=AXIS2_PLACEMENT_3D('',#3553,#2912,#2913);
#2392=AXIS2_PLACEMENT_3D('',#3555,#2915,#2916);
#2393=AXIS2_PLACEMENT_3D('',#3559,#2919,#2920);
#2394=AXIS2_PLACEMENT_3D('',#3563,#2923,#2924);
#2395=AXIS2_PLACEMENT_3D('',#3567,#2927,#2928);
#2396=AXIS2_PLACEMENT_3D('',#3571,#2931,#2932);
#2397=AXIS2_PLACEMENT_3D('',#3575,#2935,#2936);
#2398=AXIS2_PLACEMENT_3D('',#3579,#2939,#2940);
#2399=AXIS2_PLACEMENT_3D('',#3583,#2943,#2944);
#2400=AXIS2_PLACEMENT_3D('',#3587,#2947,#2948);
#2401=AXIS2_PLACEMENT_3D('',#3591,#2951,#2952);
#2402=AXIS2_PLACEMENT_3D('',#3595,#2955,#2956);
#2403=AXIS2_PLACEMENT_3D('',#3597,#2958,#2959);
#2404=DIRECTION('axis',(0.,0.,1.));
#2405=DIRECTION('refdir',(1.,0.,0.));
#2406=DIRECTION('center_axis',(0.,0.,1.));
#2407=DIRECTION('ref_axis',(-1.,0.,0.));
#2408=DIRECTION('center_axis',(0.,0.,1.));
#2409=DIRECTION('ref_axis',(-1.,0.,0.));
#2410=DIRECTION('',(0.,0.,1.));
#2411=DIRECTION('center_axis',(0.,0.,-1.));
#2412=DIRECTION('ref_axis',(-1.,0.,0.));
#2413=DIRECTION('center_axis',(0.,0.,1.));
#2414=DIRECTION('ref_axis',(-1.,0.,0.));
#2415=DIRECTION('center_axis',(0.,0.,1.));
#2416=DIRECTION('ref_axis',(-1.,0.,0.));
#2417=DIRECTION('',(0.,0.,1.));
#2418=DIRECTION('center_axis',(0.,0.,-1.));
#2419=DIRECTION('ref_axis',(-1.,0.,0.));
#2420=DIRECTION('center_axis',(0.,0.,1.));
#2421=DIRECTION('ref_axis',(-1.,0.,0.));
#2422=DIRECTION('center_axis',(0.,0.,1.));
#2423=DIRECTION('ref_axis',(-1.,0.,0.));
#2424=DIRECTION('',(0.,0.,1.));
#2425=DIRECTION('center_axis',(0.,0.,-1.));
#2426=DIRECTION('ref_axis',(-1.,0.,0.));
#2427=DIRECTION('center_axis',(0.,0.,1.));
#2428=DIRECTION('ref_axis',(-1.,0.,0.));
#2429=DIRECTION('center_axis',(0.,0.,1.));
#2430=DIRECTION('ref_axis',(-1.,0.,0.));
#2431=DIRECTION('',(0.,0.,1.));
#2432=DIRECTION('center_axis',(0.,0.,-1.));
#2433=DIRECTION('ref_axis',(-1.,0.,0.));
#2434=DIRECTION('center_axis',(0.,0.,1.));
#2435=DIRECTION('ref_axis',(-1.,0.,0.));
#2436=DIRECTION('center_axis',(0.,0.,1.));
#2437=DIRECTION('ref_axis',(-1.,0.,0.));
#2438=DIRECTION('',(0.,0.,1.));
#2439=DIRECTION('center_axis',(0.,0.,-1.));
#2440=DIRECTION('ref_axis',(-1.,0.,0.));
#2441=DIRECTION('center_axis',(0.,0.,1.));
#2442=DIRECTION('ref_axis',(-1.,0.,0.));
#2443=DIRECTION('center_axis',(0.,0.,1.));
#2444=DIRECTION('ref_axis',(-1.,0.,0.));
#2445=DIRECTION('',(0.,0.,1.));
#2446=DIRECTION('center_axis',(0.,0.,-1.));
#2447=DIRECTION('ref_axis',(-1.,0.,0.));
#2448=DIRECTION('center_axis',(0.,0.,1.));
#2449=DIRECTION('ref_axis',(-1.,0.,0.));
#2450=DIRECTION('center_axis',(0.,0.,1.));
#2451=DIRECTION('ref_axis',(-1.,0.,0.));
#2452=DIRECTION('',(0.,0.,1.));
#2453=DIRECTION('center_axis',(0.,0.,-1.));
#2454=DIRECTION('ref_axis',(-1.,0.,0.));
#2455=DIRECTION('center_axis',(0.,0.,1.));
#2456=DIRECTION('ref_axis',(-1.,0.,0.));
#2457=DIRECTION('center_axis',(0.,0.,1.));
#2458=DIRECTION('ref_axis',(-1.,0.,0.));
#2459=DIRECTION('',(0.,0.,1.));
#2460=DIRECTION('center_axis',(0.,0.,-1.));
#2461=DIRECTION('ref_axis',(-1.,0.,0.));
#2462=DIRECTION('center_axis',(0.,0.,1.));
#2463=DIRECTION('ref_axis',(-1.,0.,0.));
#2464=DIRECTION('center_axis',(0.,0.,1.));
#2465=DIRECTION('ref_axis',(-1.,0.,0.));
#2466=DIRECTION('',(0.,0.,1.));
#2467=DIRECTION('center_axis',(0.,0.,-1.));
#2468=DIRECTION('ref_axis',(-1.,0.,0.));
#2469=DIRECTION('center_axis',(-1.19248813997988E-8,0.999999999999999,-4.37114067164401E-8));
#2470=DIRECTION('ref_axis',(6.04674504483799E-7,4.37114139271039E-8,0.999999999999816));
#2471=DIRECTION('center_axis',(-0.000777102125058461,0.999999698056098,
0.));
#2472=DIRECTION('ref_axis',(0.999999698055915,0.000777102125058319,-6.04708290138673E-7));
#2473=DIRECTION('',(-1.19248813997988E-8,0.999999999999999,-4.37114067164401E-8));
#2474=DIRECTION('center_axis',(0.000777102125061898,-0.999999698056098,
0.));
#2475=DIRECTION('ref_axis',(0.999999698055915,0.000777102125061756,-6.04708290138673E-7));
#2476=DIRECTION('',(-1.85935591410858E-8,1.,0.));
#2477=DIRECTION('center_axis',(6.04674504195753E-7,4.37114139271039E-8,
0.999999999999816));
#2478=DIRECTION('ref_axis',(0.999999999999817,1.19248543183455E-8,-6.04674504717006E-7));
#2479=DIRECTION('',(0.999999698055915,0.000777102125058319,-6.04708289850626E-7));
#2480=DIRECTION('',(-1.19248813997988E-8,0.999999999999999,-4.37114067164401E-8));
#2481=DIRECTION('',(-0.999999698055915,-0.000777102125061756,6.04708289850626E-7));
#2482=DIRECTION('center_axis',(-1.19248813997988E-8,0.999999999999999,-4.37114067164401E-8));
#2483=DIRECTION('ref_axis',(-0.999999999999817,-1.19248549686235E-8,6.04674504854204E-7));
#2484=DIRECTION('center_axis',(-0.000777102125058461,0.999999698056098,
0.));
#2485=DIRECTION('ref_axis',(-0.999999698055915,-0.000777102125058319,6.04708289987825E-7));
#2486=DIRECTION('',(5.25625241254857E-9,-1.,0.));
#2487=DIRECTION('center_axis',(0.000777102125061898,-0.999999698056098,
0.));
#2488=DIRECTION('ref_axis',(-0.999999698055915,-0.000777102125061756,6.04708289987825E-7));
#2489=DIRECTION('center_axis',(0.000777102125058461,-0.999999698056098,
0.));
#2490=DIRECTION('ref_axis',(0.,0.,-1.));
#2491=DIRECTION('',(-0.999999698056098,-0.000777102125061929,0.));
#2492=DIRECTION('',(0.,0.,1.));
#2493=DIRECTION('',(-0.999999698056098,-0.000777102125061929,0.));
#2494=DIRECTION('',(0.,0.,-1.));
#2495=DIRECTION('',(-0.999999698056098,-0.000777102125061929,0.));
#2496=DIRECTION('',(0.,0.,-1.));
#2497=DIRECTION('',(-0.999999698056098,-0.000777102125061929,0.));
#2498=DIRECTION('',(0.,0.,1.));
#2499=DIRECTION('',(-0.999999698056098,-0.000777102125061929,0.));
#2500=DIRECTION('',(0.,0.,-1.));
#2501=DIRECTION('',(-0.999999698056098,-0.000777102125061929,0.));
#2502=DIRECTION('',(0.,0.,1.));
#2503=DIRECTION('',(-0.999999698056098,-0.000777102125061929,0.));
#2504=DIRECTION('',(0.,0.,-1.));
#2505=DIRECTION('',(-0.999999698056098,-0.000777102125061929,0.));
#2506=DIRECTION('',(0.,0.,1.));
#2507=DIRECTION('',(-0.999999698056098,-0.000777102125061929,0.));
#2508=DIRECTION('',(0.,0.,-1.));
#2509=DIRECTION('',(-0.999999698056098,-0.000777102125061929,0.));
#2510=DIRECTION('',(0.,0.,1.));
#2511=DIRECTION('',(-0.999999698056098,-0.000777102125061929,0.));
#2512=DIRECTION('',(0.,0.,-1.));
#2513=DIRECTION('',(-0.999999698056098,-0.000777102125061929,0.));
#2514=DIRECTION('',(0.,0.,1.));
#2515=DIRECTION('',(-0.999999698056098,-0.000777102125061929,0.));
#2516=DIRECTION('',(0.,0.,-1.));
#2517=DIRECTION('',(-0.999999698056098,-0.000777102125061929,0.));
#2518=DIRECTION('',(0.,0.,-1.));
#2519=DIRECTION('',(-0.999999698056098,-0.000777102125061929,0.));
#2520=DIRECTION('center_axis',(-0.000777102125061898,0.999999698056098,
0.));
#2521=DIRECTION('ref_axis',(-0.999999698056098,-0.000777102125061898,0.));
#2522=DIRECTION('',(0.999999698056098,0.000777102125061898,0.));
#2523=DIRECTION('',(0.,0.,1.));
#2524=DIRECTION('',(-0.999999698056098,-0.000777102125061898,0.));
#2525=DIRECTION('',(0.,0.,1.));
#2526=DIRECTION('',(0.999999698056098,0.000777102125061898,0.));
#2527=DIRECTION('center_axis',(0.,0.,1.));
#2528=DIRECTION('ref_axis',(1.,0.,0.));
#2529=DIRECTION('',(-0.707106781186541,0.707106781186554,0.));
#2530=DIRECTION('',(-0.707106781186547,-0.707106781186547,0.));
#2531=DIRECTION('',(-0.000509715308860786,-0.999999870095144,0.));
#2532=DIRECTION('',(0.70650774195767,-0.707705313357102,0.));
#2533=DIRECTION('',(0.999999116554012,-0.00132924459588068,0.));
#2534=DIRECTION('',(0.707681907741,0.706531186470958,0.));
#2535=DIRECTION('',(0.,1.,0.));
#2536=DIRECTION('',(0.707106781186553,0.707106781186542,0.));
#2537=DIRECTION('',(1.,0.,0.));
#2538=DIRECTION('',(0.707106781186545,0.707106781186549,0.));
#2539=DIRECTION('',(0.,1.,0.));
#2540=DIRECTION('',(-0.707106781186541,0.707106781186554,0.));
#2541=DIRECTION('',(0.,1.,0.));
#2542=DIRECTION('',(0.707106781186546,0.707106781186549,0.));
#2543=DIRECTION('',(1.,0.,0.));
#2544=DIRECTION('',(0.707106781186551,0.707106781186545,0.));
#2545=DIRECTION('',(0.,1.,0.));
#2546=DIRECTION('',(0.707681907740999,0.706531186470958,0.));
#2547=DIRECTION('',(0.999999116554012,-0.00132924459588072,0.));
#2548=DIRECTION('',(0.706507741957671,-0.707705313357102,0.));
#2549=DIRECTION('',(-0.000509715308860758,-0.999999870095144,0.));
#2550=DIRECTION('',(-0.707106781186547,-0.707106781186548,0.));
#2551=DIRECTION('center_axis',(-0.999999698056098,-0.000777102125058461,
0.));
#2552=DIRECTION('ref_axis',(0.,0.,-1.));
#2553=DIRECTION('',(0.,0.,1.));
#2554=DIRECTION('',(0.000777102125058461,-0.999999698056098,0.));
#2555=DIRECTION('',(0.000777102125058461,-0.999999698056098,0.));
#2556=DIRECTION('center_axis',(0.706006939127572,0.708204915193136,0.));
#2557=DIRECTION('ref_axis',(-0.708204915193136,0.706006939127572,0.));
#2558=DIRECTION('',(0.708204915193136,-0.706006939127572,0.));
#2559=DIRECTION('',(0.,0.,-1.));
#2560=DIRECTION('',(0.708204915193136,-0.706006939127572,0.));
#2561=DIRECTION('center_axis',(0.,0.,1.));
#2562=DIRECTION('ref_axis',(1.,0.,0.));
#2563=DIRECTION('',(0.707106781186551,0.707106781186544,0.));
#2564=DIRECTION('',(0.999999698056098,0.000777102125061991,0.));
#2565=DIRECTION('center_axis',(0.707106781186544,0.707106781186551,0.));
#2566=DIRECTION('ref_axis',(-0.707106781186551,0.707106781186544,0.));
#2567=DIRECTION('',(0.707106781186551,-0.707106781186544,0.));
#2568=DIRECTION('',(0.,0.,1.));
#2569=DIRECTION('',(0.707106781186551,-0.707106781186544,0.));
#2570=DIRECTION('',(0.,0.,-1.));
#2571=DIRECTION('center_axis',(0.707106781186544,0.707106781186551,0.));
#2572=DIRECTION('ref_axis',(-0.707106781186551,0.707106781186544,0.));
#2573=DIRECTION('',(0.707106781186551,-0.707106781186544,0.));
#2574=DIRECTION('',(0.,0.,1.));
#2575=DIRECTION('',(0.707106781186551,-0.707106781186544,0.));
#2576=DIRECTION('',(0.,0.,-1.));
#2577=DIRECTION('center_axis',(0.707106781186544,0.707106781186551,0.));
#2578=DIRECTION('ref_axis',(-0.707106781186551,0.707106781186544,0.));
#2579=DIRECTION('',(0.707106781186551,-0.707106781186544,0.));
#2580=DIRECTION('',(0.,0.,1.));
#2581=DIRECTION('',(0.707106781186551,-0.707106781186544,0.));
#2582=DIRECTION('',(0.,0.,-1.));
#2583=DIRECTION('center_axis',(0.707106781186544,-0.707106781186551,0.));
#2584=DIRECTION('ref_axis',(0.707106781186551,0.707106781186544,0.));
#2585=DIRECTION('',(-0.707106781186551,-0.707106781186544,0.));
#2586=DIRECTION('',(0.,0.,1.));
#2587=DIRECTION('',(-0.707106781186551,-0.707106781186544,0.));
#2588=DIRECTION('',(0.,0.,-1.));
#2589=DIRECTION('center_axis',(0.707106781186544,-0.707106781186551,0.));
#2590=DIRECTION('ref_axis',(0.707106781186551,0.707106781186544,0.));
#2591=DIRECTION('',(-0.707106781186551,-0.707106781186544,0.));
#2592=DIRECTION('',(0.,0.,1.));
#2593=DIRECTION('',(-0.707106781186551,-0.707106781186544,0.));
#2594=DIRECTION('',(0.,0.,-1.));
#2595=DIRECTION('center_axis',(0.707106781186544,-0.707106781186551,0.));
#2596=DIRECTION('ref_axis',(0.707106781186551,0.707106781186544,0.));
#2597=DIRECTION('',(-0.707106781186551,-0.707106781186544,0.));
#2598=DIRECTION('',(0.,0.,1.));
#2599=DIRECTION('',(-0.707106781186551,-0.707106781186544,0.));
#2600=DIRECTION('',(0.,0.,-1.));
#2601=DIRECTION('center_axis',(0.707106781186544,-0.707106781186551,0.));
#2602=DIRECTION('ref_axis',(0.707106781186551,0.707106781186544,0.));
#2603=DIRECTION('',(-0.707106781186551,-0.707106781186544,0.));
#2604=DIRECTION('',(0.,0.,1.));
#2605=DIRECTION('',(-0.707106781186551,-0.707106781186544,0.));
#2606=DIRECTION('',(0.,0.,-1.));
#2607=DIRECTION('center_axis',(0.707106781186544,-0.707106781186551,0.));
#2608=DIRECTION('ref_axis',(0.707106781186551,0.707106781186544,0.));
#2609=DIRECTION('',(-0.707106781186551,-0.707106781186544,0.));
#2610=DIRECTION('',(0.,0.,1.));
#2611=DIRECTION('',(-0.707106781186551,-0.707106781186544,0.));
#2612=DIRECTION('',(0.,0.,-1.));
#2613=DIRECTION('center_axis',(-0.707106781186544,-0.707106781186551,0.));
#2614=DIRECTION('ref_axis',(0.707106781186551,-0.707106781186544,0.));
#2615=DIRECTION('',(-0.707106781186551,0.707106781186544,0.));
#2616=DIRECTION('',(0.,0.,-1.));
#2617=DIRECTION('',(-0.707106781186551,0.707106781186544,0.));
#2618=DIRECTION('',(0.,0.,-1.));
#2619=DIRECTION('center_axis',(-0.707106781186544,-0.707106781186551,0.));
#2620=DIRECTION('ref_axis',(0.707106781186551,-0.707106781186544,0.));
#2621=DIRECTION('',(-0.707106781186551,0.707106781186544,0.));
#2622=DIRECTION('',(0.,0.,1.));
#2623=DIRECTION('',(-0.707106781186551,0.707106781186544,0.));
#2624=DIRECTION('',(0.,0.,-1.));
#2625=DIRECTION('center_axis',(-0.707106781186544,-0.707106781186551,0.));
#2626=DIRECTION('ref_axis',(0.707106781186551,-0.707106781186544,0.));
#2627=DIRECTION('',(-0.707106781186551,0.707106781186544,0.));
#2628=DIRECTION('',(0.,0.,1.));
#2629=DIRECTION('',(-0.707106781186551,0.707106781186544,0.));
#2630=DIRECTION('',(0.,0.,-1.));
#2631=DIRECTION('center_axis',(-0.707106781186544,0.707106781186551,0.));
#2632=DIRECTION('ref_axis',(-0.707106781186551,-0.707106781186544,0.));
#2633=DIRECTION('',(0.707106781186551,0.707106781186544,0.));
#2634=DIRECTION('',(0.,0.,-1.));
#2635=DIRECTION('',(0.707106781186551,0.707106781186544,0.));
#2636=DIRECTION('center_axis',(-0.707106781186544,0.707106781186551,0.));
#2637=DIRECTION('ref_axis',(-0.707106781186551,-0.707106781186544,0.));
#2638=DIRECTION('',(0.707106781186551,0.707106781186544,0.));
#2639=DIRECTION('',(0.,0.,-1.));
#2640=DIRECTION('',(0.707106781186551,0.707106781186544,0.));
#2641=DIRECTION('center_axis',(-0.707106781186544,0.707106781186551,0.));
#2642=DIRECTION('ref_axis',(-0.707106781186551,-0.707106781186544,0.));
#2643=DIRECTION('',(0.707106781186551,0.707106781186544,0.));
#2644=DIRECTION('',(0.,0.,-1.));
#2645=DIRECTION('',(0.707106781186551,0.707106781186544,0.));
#2646=DIRECTION('center_axis',(-0.707106781186544,0.707106781186551,0.));
#2647=DIRECTION('ref_axis',(-0.707106781186551,-0.707106781186544,0.));
#2648=DIRECTION('',(0.707106781186551,0.707106781186544,0.));
#2649=DIRECTION('',(0.,0.,-1.));
#2650=DIRECTION('',(0.707106781186551,0.707106781186544,0.));
#2651=DIRECTION('center_axis',(-0.707106781186544,0.707106781186551,0.));
#2652=DIRECTION('ref_axis',(-0.707106781186551,-0.707106781186544,0.));
#2653=DIRECTION('',(0.707106781186551,0.707106781186544,0.));
#2654=DIRECTION('',(0.,0.,-1.));
#2655=DIRECTION('',(0.707106781186551,0.707106781186544,0.));
#2656=DIRECTION('center_axis',(-0.707106781186544,0.707106781186551,0.));
#2657=DIRECTION('ref_axis',(-0.707106781186551,-0.707106781186544,0.));
#2658=DIRECTION('',(0.707106781186551,0.707106781186544,0.));
#2659=DIRECTION('',(0.,0.,-1.));
#2660=DIRECTION('center_axis',(0.,0.,1.));
#2661=DIRECTION('ref_axis',(1.,0.,0.));
#2662=DIRECTION('',(0.,1.,0.));
#2663=DIRECTION('',(0.,-1.,0.));
#2664=DIRECTION('',(-0.707106781186554,-0.707106781186541,0.));
#2665=DIRECTION('center_axis',(0.,0.,1.));
#2666=DIRECTION('ref_axis',(1.,0.,0.));
#2667=DIRECTION('',(0.,1.,0.));
#2668=DIRECTION('',(0.,-1.,0.));
#2669=DIRECTION('',(-0.707106781186554,-0.707106781186541,0.));
#2670=DIRECTION('center_axis',(0.,0.,1.));
#2671=DIRECTION('ref_axis',(1.,0.,0.));
#2672=DIRECTION('',(0.999999116554012,-0.00132924459588072,0.));
#2673=DIRECTION('',(-0.999999116554012,0.00132924459588057,0.));
#2674=DIRECTION('',(-0.705224448350579,0.708984116499531,0.));
#2675=DIRECTION('center_axis',(0.,0.,1.));
#2676=DIRECTION('ref_axis',(1.,0.,0.));
#2677=DIRECTION('',(0.999999116554012,-0.00132924459588072,0.));
#2678=DIRECTION('',(-0.999999116554012,0.00132924459588057,0.));
#2679=DIRECTION('',(-0.705224448350579,0.708984116499531,0.));
#2680=DIRECTION('center_axis',(0.,0.,1.));
#2681=DIRECTION('ref_axis',(1.,0.,0.));
#2682=DIRECTION('',(0.999999116554012,-0.00132924459588072,0.));
#2683=DIRECTION('',(-0.999999116554012,0.00132924459588057,0.));
#2684=DIRECTION('',(-0.705224448350579,0.708984116499531,0.));
#2685=DIRECTION('center_axis',(0.,0.,1.));
#2686=DIRECTION('ref_axis',(1.,0.,0.));
#2687=DIRECTION('',(0.999999116554012,-0.00132924459588072,0.));
#2688=DIRECTION('',(-0.999999116554012,0.00132924459588057,0.));
#2689=DIRECTION('',(-0.705224448350579,0.708984116499531,0.));
#2690=DIRECTION('center_axis',(0.,0.,1.));
#2691=DIRECTION('ref_axis',(1.,0.,0.));
#2692=DIRECTION('',(0.999999116554012,-0.00132924459588072,0.));
#2693=DIRECTION('',(-0.999999116554012,0.00132924459588057,0.));
#2694=DIRECTION('',(-0.705224448350579,0.708984116499531,0.));
#2695=DIRECTION('center_axis',(0.,0.,1.));
#2696=DIRECTION('ref_axis',(1.,0.,0.));
#2697=DIRECTION('',(-0.000509715308860758,-0.999999870095144,0.));
#2698=DIRECTION('',(0.000509715308860237,0.999999870095144,0.));
#2699=DIRECTION('',(0.696062128231137,0.717981555224325,0.));
#2700=DIRECTION('center_axis',(0.,0.,1.));
#2701=DIRECTION('ref_axis',(1.,0.,0.));
#2702=DIRECTION('',(-0.000509715308860758,-0.999999870095144,0.));
#2703=DIRECTION('',(0.000509715308860237,0.999999870095144,0.));
#2704=DIRECTION('',(0.696062128231137,0.717981555224325,0.));
#2705=DIRECTION('center_axis',(0.,0.,1.));
#2706=DIRECTION('ref_axis',(1.,0.,0.));
#2707=DIRECTION('',(-0.000509715308860758,-0.999999870095144,0.));
#2708=DIRECTION('',(0.000509715308860237,0.999999870095144,0.));
#2709=DIRECTION('',(0.696062128231137,0.717981555224325,0.));
#2710=DIRECTION('center_axis',(0.,0.,1.));
#2711=DIRECTION('ref_axis',(1.,0.,0.));
#2712=DIRECTION('',(0.999999698056098,0.000777102125061991,0.));
#2713=DIRECTION('',(0.708204915193136,-0.706006939127572,0.));
#2714=DIRECTION('center_axis',(0.,0.,1.));
#2715=DIRECTION('ref_axis',(1.,0.,0.));
#2716=DIRECTION('',(0.999999698056098,0.000777102125061991,0.));
#2717=DIRECTION('',(0.708204915193136,-0.706006939127572,0.));
#2718=DIRECTION('center_axis',(0.,0.,1.));
#2719=DIRECTION('ref_axis',(1.,0.,0.));
#2720=DIRECTION('',(0.999999698056098,0.000777102125061991,0.));
#2721=DIRECTION('',(0.708204915193136,-0.706006939127572,0.));
#2722=DIRECTION('center_axis',(0.,0.,1.));
#2723=DIRECTION('ref_axis',(1.,0.,0.));
#2724=DIRECTION('',(0.999999698056098,0.000777102125061991,0.));
#2725=DIRECTION('',(0.708204915193136,-0.706006939127572,0.));
#2726=DIRECTION('center_axis',(0.,0.,1.));
#2727=DIRECTION('ref_axis',(1.,0.,0.));
#2728=DIRECTION('',(0.999999698056098,0.000777102125061991,0.));
#2729=DIRECTION('',(0.708204915193136,-0.706006939127572,0.));
#2730=DIRECTION('center_axis',(0.,0.,1.));
#2731=DIRECTION('ref_axis',(1.,0.,0.));
#2732=DIRECTION('',(0.,1.,0.));
#2733=DIRECTION('',(0.,-1.,0.));
#2734=DIRECTION('',(-0.707106781186554,-0.707106781186541,0.));
#2735=DIRECTION('center_axis',(1.,0.,0.));
#2736=DIRECTION('ref_axis',(0.,1.,0.));
#2737=DIRECTION('',(0.,-1.,0.));
#2738=DIRECTION('',(0.,0.,1.));
#2739=DIRECTION('center_axis',(0.707106781186541,-0.707106781186554,0.));
#2740=DIRECTION('ref_axis',(0.707106781186554,0.707106781186541,0.));
#2741=DIRECTION('',(-0.707106781186554,-0.707106781186541,0.));
#2742=DIRECTION('',(0.,0.,1.));
#2743=DIRECTION('center_axis',(1.,0.,0.));
#2744=DIRECTION('ref_axis',(0.,1.,0.));
#2745=DIRECTION('',(0.,-1.,0.));
#2746=DIRECTION('',(0.,0.,1.));
#2747=DIRECTION('center_axis',(0.707106781186541,-0.707106781186554,0.));
#2748=DIRECTION('ref_axis',(0.707106781186554,0.707106781186541,0.));
#2749=DIRECTION('',(-0.707106781186554,-0.707106781186541,0.));
#2750=DIRECTION('',(0.,0.,1.));
#2751=DIRECTION('center_axis',(1.,0.,0.));
#2752=DIRECTION('ref_axis',(0.,1.,0.));
#2753=DIRECTION('',(0.,-1.,0.));
#2754=DIRECTION('',(0.,0.,1.));
#2755=DIRECTION('center_axis',(0.707106781186541,-0.707106781186554,0.));
#2756=DIRECTION('ref_axis',(0.707106781186554,0.707106781186541,0.));
#2757=DIRECTION('',(-0.707106781186554,-0.707106781186541,0.));
#2758=DIRECTION('',(0.,0.,1.));
#2759=DIRECTION('center_axis',(-0.00132924459588057,-0.999999116554012,
0.));
#2760=DIRECTION('ref_axis',(0.999999116554012,-0.00132924459588057,0.));
#2761=DIRECTION('',(-0.999999116554012,0.00132924459588057,0.));
#2762=DIRECTION('',(0.,0.,1.));
#2763=DIRECTION('center_axis',(-0.708984116499531,-0.705224448350579,0.));
#2764=DIRECTION('ref_axis',(0.705224448350579,-0.708984116499531,0.));
#2765=DIRECTION('',(-0.705224448350579,0.708984116499531,0.));
#2766=DIRECTION('',(0.,0.,1.));
#2767=DIRECTION('center_axis',(-0.00132924459588057,-0.999999116554012,
0.));
#2768=DIRECTION('ref_axis',(0.999999116554012,-0.00132924459588057,0.));
#2769=DIRECTION('',(-0.999999116554012,0.00132924459588057,0.));
#2770=DIRECTION('',(0.,0.,1.));
#2771=DIRECTION('center_axis',(-0.708984116499531,-0.705224448350579,0.));
#2772=DIRECTION('ref_axis',(0.705224448350579,-0.708984116499531,0.));
#2773=DIRECTION('',(-0.705224448350579,0.708984116499531,0.));
#2774=DIRECTION('',(0.,0.,1.));
#2775=DIRECTION('center_axis',(-0.00132924459588057,-0.999999116554012,
0.));
#2776=DIRECTION('ref_axis',(0.999999116554012,-0.00132924459588057,0.));
#2777=DIRECTION('',(-0.999999116554012,0.00132924459588057,0.));
#2778=DIRECTION('',(0.,0.,1.));
#2779=DIRECTION('center_axis',(-0.708984116499531,-0.705224448350579,0.));
#2780=DIRECTION('ref_axis',(0.705224448350579,-0.708984116499531,0.));
#2781=DIRECTION('',(-0.705224448350579,0.708984116499531,0.));
#2782=DIRECTION('',(0.,0.,1.));
#2783=DIRECTION('center_axis',(-0.00132924459588057,-0.999999116554012,
0.));
#2784=DIRECTION('ref_axis',(0.999999116554012,-0.00132924459588057,0.));
#2785=DIRECTION('',(-0.999999116554012,0.00132924459588057,0.));
#2786=DIRECTION('',(0.,0.,1.));
#2787=DIRECTION('center_axis',(-0.708984116499531,-0.705224448350579,0.));
#2788=DIRECTION('ref_axis',(0.705224448350579,-0.708984116499531,0.));
#2789=DIRECTION('',(-0.705224448350579,0.708984116499531,0.));
#2790=DIRECTION('',(0.,0.,1.));
#2791=DIRECTION('center_axis',(-0.00132924459588057,-0.999999116554012,
0.));
#2792=DIRECTION('ref_axis',(0.999999116554012,-0.00132924459588057,0.));
#2793=DIRECTION('',(-0.999999116554012,0.00132924459588057,0.));
#2794=DIRECTION('',(0.,0.,1.));
#2795=DIRECTION('center_axis',(-0.708984116499531,-0.705224448350579,0.));
#2796=DIRECTION('ref_axis',(0.705224448350579,-0.708984116499531,0.));
#2797=DIRECTION('',(-0.705224448350579,0.708984116499531,0.));
#2798=DIRECTION('',(0.,0.,1.));
#2799=DIRECTION('center_axis',(-0.999999870095144,0.000509715308860237,
0.));
#2800=DIRECTION('ref_axis',(-0.000509715308860237,-0.999999870095144,0.));
#2801=DIRECTION('',(0.000509715308860237,0.999999870095144,0.));
#2802=DIRECTION('',(0.,0.,-1.));
#2803=DIRECTION('center_axis',(-0.717981555224325,0.696062128231137,0.));
#2804=DIRECTION('ref_axis',(-0.696062128231137,-0.717981555224325,0.));
#2805=DIRECTION('',(0.696062128231137,0.717981555224325,0.));
#2806=DIRECTION('',(0.,0.,1.));
#2807=DIRECTION('center_axis',(-0.999999870095144,0.000509715308860237,
0.));
#2808=DIRECTION('ref_axis',(-0.000509715308860237,-0.999999870095144,0.));
#2809=DIRECTION('',(0.000509715308860237,0.999999870095144,0.));
#2810=DIRECTION('',(0.,0.,1.));
#2811=DIRECTION('center_axis',(-0.717981555224325,0.696062128231137,0.));
#2812=DIRECTION('ref_axis',(-0.696062128231137,-0.717981555224325,0.));
#2813=DIRECTION('',(0.696062128231137,0.717981555224325,0.));
#2814=DIRECTION('',(0.,0.,1.));
#2815=DIRECTION('center_axis',(-0.999999870095144,0.000509715308860237,
0.));
#2816=DIRECTION('ref_axis',(-0.000509715308860237,-0.999999870095144,0.));
#2817=DIRECTION('',(0.000509715308860237,0.999999870095144,0.));
#2818=DIRECTION('',(0.,0.,-1.));
#2819=DIRECTION('center_axis',(-0.717981555224325,0.696062128231137,0.));
#2820=DIRECTION('ref_axis',(-0.696062128231137,-0.717981555224325,0.));
#2821=DIRECTION('',(0.696062128231137,0.717981555224325,0.));
#2822=DIRECTION('',(0.,0.,1.));
#2823=DIRECTION('center_axis',(-0.000777102125061991,0.999999698056098,
0.));
#2824=DIRECTION('ref_axis',(-0.999999698056098,-0.000777102125061991,0.));
#2825=DIRECTION('',(0.999999698056098,0.000777102125061991,0.));
#2826=DIRECTION('',(0.,0.,-1.));
#2827=DIRECTION('center_axis',(0.706006939127572,0.708204915193136,0.));
#2828=DIRECTION('ref_axis',(-0.708204915193136,0.706006939127572,0.));
#2829=DIRECTION('',(0.708204915193136,-0.706006939127572,0.));
#2830=DIRECTION('center_axis',(-0.000777102125061991,0.999999698056098,
0.));
#2831=DIRECTION('ref_axis',(-0.999999698056098,-0.000777102125061991,0.));
#2832=DIRECTION('',(0.999999698056098,0.000777102125061991,0.));
#2833=DIRECTION('',(0.,0.,-1.));
#2834=DIRECTION('center_axis',(0.706006939127572,0.708204915193136,0.));
#2835=DIRECTION('ref_axis',(-0.708204915193136,0.706006939127572,0.));
#2836=DIRECTION('',(0.708204915193136,-0.706006939127572,0.));
#2837=DIRECTION('center_axis',(-0.000777102125061991,0.999999698056098,
0.));
#2838=DIRECTION('ref_axis',(-0.999999698056098,-0.000777102125061991,0.));
#2839=DIRECTION('',(0.999999698056098,0.000777102125061991,0.));
#2840=DIRECTION('',(0.,0.,-1.));
#2841=DIRECTION('center_axis',(0.706006939127572,0.708204915193136,0.));
#2842=DIRECTION('ref_axis',(-0.708204915193136,0.706006939127572,0.));
#2843=DIRECTION('',(0.708204915193136,-0.706006939127572,0.));
#2844=DIRECTION('center_axis',(-0.000777102125061991,0.999999698056098,
0.));
#2845=DIRECTION('ref_axis',(-0.999999698056098,-0.000777102125061991,0.));
#2846=DIRECTION('',(0.999999698056098,0.000777102125061991,0.));
#2847=DIRECTION('',(0.,0.,-1.));
#2848=DIRECTION('center_axis',(0.706006939127572,0.708204915193136,0.));
#2849=DIRECTION('ref_axis',(-0.708204915193136,0.706006939127572,0.));
#2850=DIRECTION('',(0.708204915193136,-0.706006939127572,0.));
#2851=DIRECTION('center_axis',(-0.000777102125061991,0.999999698056098,
0.));
#2852=DIRECTION('ref_axis',(-0.999999698056098,-0.000777102125061991,0.));
#2853=DIRECTION('',(0.999999698056098,0.000777102125061991,0.));
#2854=DIRECTION('',(0.,0.,-1.));
#2855=DIRECTION('center_axis',(0.706006939127572,0.708204915193136,0.));
#2856=DIRECTION('ref_axis',(-0.708204915193136,0.706006939127572,0.));
#2857=DIRECTION('',(0.708204915193136,-0.706006939127572,0.));
#2858=DIRECTION('center_axis',(-0.000777102125061991,0.999999698056098,
0.));
#2859=DIRECTION('ref_axis',(-0.999999698056098,-0.000777102125061991,0.));
#2860=DIRECTION('',(0.999999698056098,0.000777102125061991,0.));
#2861=DIRECTION('center_axis',(-0.707106781186554,-0.707106781186541,0.));
#2862=DIRECTION('ref_axis',(0.707106781186541,-0.707106781186554,0.));
#2863=DIRECTION('',(0.,0.,-1.));
#2864=DIRECTION('',(-0.707106781186541,0.707106781186554,0.));
#2865=DIRECTION('center_axis',(-1.,0.,0.));
#2866=DIRECTION('ref_axis',(0.,-1.,0.));
#2867=DIRECTION('',(0.,1.,0.));
#2868=DIRECTION('',(0.,0.,-1.));
#2869=DIRECTION('',(0.,1.,0.));
#2870=DIRECTION('center_axis',(-0.707106781186549,0.707106781186546,0.));
#2871=DIRECTION('ref_axis',(-0.707106781186546,-0.707106781186549,0.));
#2872=DIRECTION('',(0.,0.,-1.));
#2873=DIRECTION('',(0.707106781186546,0.707106781186549,0.));
#2874=DIRECTION('center_axis',(0.,1.,0.));
#2875=DIRECTION('ref_axis',(-1.,0.,0.));
#2876=DIRECTION('',(0.,0.,1.));
#2877=DIRECTION('',(1.,0.,0.));
#2878=DIRECTION('center_axis',(-0.707106781186545,0.707106781186551,0.));
#2879=DIRECTION('ref_axis',(-0.707106781186551,-0.707106781186545,0.));
#2880=DIRECTION('',(0.,0.,1.));
#2881=DIRECTION('',(0.707106781186551,0.707106781186545,0.));
#2882=DIRECTION('center_axis',(-1.,0.,0.));
#2883=DIRECTION('ref_axis',(0.,-1.,0.));
#2884=DIRECTION('',(0.,1.,0.));
#2885=DIRECTION('',(0.,1.,0.));
#2886=DIRECTION('',(0.,0.,-1.));
#2887=DIRECTION('',(0.,1.,0.));
#2888=DIRECTION('center_axis',(-0.706531186470958,0.707681907740999,0.));
#2889=DIRECTION('ref_axis',(-0.707681907740999,-0.706531186470958,0.));
#2890=DIRECTION('',(0.,0.,-1.));
#2891=DIRECTION('',(0.707681907740999,0.706531186470958,0.));
#2892=DIRECTION('center_axis',(0.00132924459588072,0.999999116554012,0.));
#2893=DIRECTION('ref_axis',(-0.999999116554012,0.00132924459588072,0.));
#2894=DIRECTION('',(0.999999116554012,-0.00132924459588072,0.));
#2895=DIRECTION('',(0.999999116554012,-0.00132924459588072,0.));
#2896=DIRECTION('',(0.999999116554012,-0.00132924459588072,0.));
#2897=DIRECTION('',(0.999999116554012,-0.00132924459588072,0.));
#2898=DIRECTION('',(0.999999116554012,-0.00132924459588072,0.));
#2899=DIRECTION('',(0.,0.,-1.));
#2900=DIRECTION('',(0.999999116554012,-0.00132924459588072,0.));
#2901=DIRECTION('center_axis',(0.707705313357102,0.706507741957671,0.));
#2902=DIRECTION('ref_axis',(-0.706507741957671,0.707705313357102,0.));
#2903=DIRECTION('',(0.,0.,-1.));
#2904=DIRECTION('',(0.706507741957671,-0.707705313357102,0.));
#2905=DIRECTION('center_axis',(0.999999870095144,-0.000509715308860758,
0.));
#2906=DIRECTION('ref_axis',(0.000509715308860758,0.999999870095144,0.));
#2907=DIRECTION('',(-0.000509715308860758,-0.999999870095144,0.));
#2908=DIRECTION('',(-0.000509715308860758,-0.999999870095144,0.));
#2909=DIRECTION('',(-0.000509715308860758,-0.999999870095144,0.));
#2910=DIRECTION('',(0.,0.,-1.));
#2911=DIRECTION('',(-0.000509715308860758,-0.999999870095144,0.));
#2912=DIRECTION('center_axis',(0.707106781186548,-0.707106781186547,0.));
#2913=DIRECTION('ref_axis',(0.707106781186547,0.707106781186548,0.));
#2914=DIRECTION('',(-0.707106781186547,-0.707106781186548,0.));
#2915=DIRECTION('center_axis',(0.707106781186554,0.707106781186541,0.));
#2916=DIRECTION('ref_axis',(-0.707106781186541,0.707106781186554,0.));
#2917=DIRECTION('',(0.707106781186541,-0.707106781186554,0.));
#2918=DIRECTION('',(0.,0.,1.));
#2919=DIRECTION('center_axis',(1.,0.,0.));
#2920=DIRECTION('ref_axis',(0.,1.,0.));
#2921=DIRECTION('',(0.,-1.,0.));
#2922=DIRECTION('',(0.,0.,1.));
#2923=DIRECTION('center_axis',(0.70710678118655,-0.707106781186546,0.));
#2924=DIRECTION('ref_axis',(0.707106781186545,0.707106781186549,0.));
#2925=DIRECTION('',(-0.707106781186545,-0.707106781186549,0.));
#2926=DIRECTION('',(0.,0.,1.));
#2927=DIRECTION('center_axis',(0.,-1.,0.));
#2928=DIRECTION('ref_axis',(1.,0.,0.));
#2929=DIRECTION('',(-1.,0.,0.));
#2930=DIRECTION('',(0.,0.,1.));
#2931=DIRECTION('center_axis',(0.707106781186542,-0.707106781186554,0.));
#2932=DIRECTION('ref_axis',(0.707106781186553,0.707106781186541,0.));
#2933=DIRECTION('',(-0.707106781186553,-0.707106781186542,0.));
#2934=DIRECTION('',(0.,0.,1.));
#2935=DIRECTION('center_axis',(1.,0.,0.));
#2936=DIRECTION('ref_axis',(0.,1.,0.));
#2937=DIRECTION('',(0.,-1.,0.));
#2938=DIRECTION('',(0.,0.,1.));
#2939=DIRECTION('center_axis',(0.706531186470958,-0.707681907741,0.));
#2940=DIRECTION('ref_axis',(0.707681907741,0.706531186470958,0.));
#2941=DIRECTION('',(-0.707681907741,-0.706531186470958,0.));
#2942=DIRECTION('',(0.,0.,1.));
#2943=DIRECTION('center_axis',(-0.00132924459588068,-0.999999116554012,
0.));
#2944=DIRECTION('ref_axis',(0.999999116554012,-0.00132924459588068,0.));
#2945=DIRECTION('',(-0.999999116554012,0.00132924459588068,0.));
#2946=DIRECTION('',(0.,0.,1.));
#2947=DIRECTION('center_axis',(-0.707705313357102,-0.70650774195767,0.));
#2948=DIRECTION('ref_axis',(0.70650774195767,-0.707705313357102,0.));
#2949=DIRECTION('',(-0.70650774195767,0.707705313357102,0.));
#2950=DIRECTION('',(0.,0.,1.));
#2951=DIRECTION('center_axis',(-0.999999870095144,0.000509715308860786,
0.));
#2952=DIRECTION('ref_axis',(-0.000509715308860786,-0.999999870095144,0.));
#2953=DIRECTION('',(0.000509715308860786,0.999999870095144,0.));
#2954=DIRECTION('',(0.,0.,1.));
#2955=DIRECTION('center_axis',(-0.707106781186548,0.707106781186548,0.));
#2956=DIRECTION('ref_axis',(-0.707106781186548,-0.707106781186548,0.));
#2957=DIRECTION('',(0.707106781186547,0.707106781186547,0.));
#2958=DIRECTION('center_axis',(0.,0.,1.));
#2959=DIRECTION('ref_axis',(1.,0.,0.));
#2960=CARTESIAN_POINT('',(0.,0.,0.));
#2961=CARTESIAN_POINT('Origin',(205.783498829756,76.2696947759737,8.5));
#2962=CARTESIAN_POINT('',(206.983498829756,76.2696947759737,5.4));
#2963=CARTESIAN_POINT('Origin',(205.783498829756,76.2696947759737,5.4));
#2964=CARTESIAN_POINT('',(206.983498829756,76.2696947759737,9.65));
#2965=CARTESIAN_POINT('',(206.983498829756,76.2696947759737,8.5));
#2966=CARTESIAN_POINT('Origin',(205.783498829756,76.2696947759737,9.65));
#2967=CARTESIAN_POINT('Origin',(-83.8387011956863,-79.1021438372567,8.5));
#2968=CARTESIAN_POINT('',(-82.6387011956863,-79.1021438372567,5.4));
#2969=CARTESIAN_POINT('Origin',(-83.8387011956863,-79.1021438372567,5.4));
#2970=CARTESIAN_POINT('',(-82.6387011956863,-79.1021438372567,9.65));
#2971=CARTESIAN_POINT('',(-82.6387011956863,-79.1021438372567,8.5));
#2972=CARTESIAN_POINT('Origin',(-83.8387011956863,-79.1021438372567,9.65));
#2973=CARTESIAN_POINT('Origin',(-205.291715071622,-75.27746574619,8.5));
#2974=CARTESIAN_POINT('',(-204.091715071622,-75.27746574619,5.4));
#2975=CARTESIAN_POINT('Origin',(-205.291715071622,-75.27746574619,5.4));
#2976=CARTESIAN_POINT('',(-204.091715071622,-75.27746574619,9.65));
#2977=CARTESIAN_POINT('',(-204.091715071622,-75.27746574619,8.5));
#2978=CARTESIAN_POINT('Origin',(-205.291715071622,-75.27746574619,9.65));
#2979=CARTESIAN_POINT('Origin',(204.751885802865,17.7030321971351,8.5));
#2980=CARTESIAN_POINT('',(205.951885802865,17.7030321971351,5.4));
#2981=CARTESIAN_POINT('Origin',(204.751885802865,17.7030321971351,5.4));
#2982=CARTESIAN_POINT('',(205.951885802865,17.7030321971351,9.65));
#2983=CARTESIAN_POINT('',(205.951885802865,17.7030321971351,8.5));
#2984=CARTESIAN_POINT('Origin',(204.751885802865,17.7030321971351,9.65));
#2985=CARTESIAN_POINT('Origin',(63.7770839094892,79.3310532570988,8.5));
#2986=CARTESIAN_POINT('',(64.9770839094892,79.3310532570988,5.4));
#2987=CARTESIAN_POINT('Origin',(63.7770839094892,79.3310532570988,5.4));
#2988=CARTESIAN_POINT('',(64.9770839094892,79.3310532570988,9.65));
#2989=CARTESIAN_POINT('',(64.9770839094892,79.3310532570988,8.5));
#2990=CARTESIAN_POINT('Origin',(63.7770839094892,79.3310532570988,9.65));
#2991=CARTESIAN_POINT('Origin',(53.08623314,-79.284150727057,8.5));
#2992=CARTESIAN_POINT('',(54.28623314,-79.284150727057,5.4));
#2993=CARTESIAN_POINT('Origin',(53.08623314,-79.284150727057,5.4));
#2994=CARTESIAN_POINT('',(54.28623314,-79.284150727057,9.65));
#2995=CARTESIAN_POINT('',(54.28623314,-79.284150727057,8.5));
#2996=CARTESIAN_POINT('Origin',(53.08623314,-79.284150727057,9.65));
#2997=CARTESIAN_POINT('Origin',(-204.851576790692,75.0961208150378,8.5));
#2998=CARTESIAN_POINT('',(-203.651576790692,75.0961208150378,5.4));
#2999=CARTESIAN_POINT('Origin',(-204.851576790692,75.0961208150378,5.4));
#3000=CARTESIAN_POINT('',(-203.651576790692,75.0961208150378,9.65));
#3001=CARTESIAN_POINT('',(-203.651576790692,75.0961208150378,8.5));
#3002=CARTESIAN_POINT('Origin',(-204.851576790692,75.0961208150378,9.65));
#3003=CARTESIAN_POINT('Origin',(174.597341285874,-75.0915548124689,8.5));
#3004=CARTESIAN_POINT('',(175.797341285874,-75.0915548124689,5.4));
#3005=CARTESIAN_POINT('Origin',(174.597341285874,-75.0915548124689,5.4));
#3006=CARTESIAN_POINT('',(175.797341285874,-75.0915548124689,9.65));
#3007=CARTESIAN_POINT('',(175.797341285874,-75.0915548124689,8.5));
#3008=CARTESIAN_POINT('Origin',(174.597341285874,-75.0915548124689,9.65));
#3009=CARTESIAN_POINT('Origin',(-78.2012258650647,79.2207215775464,8.5));
#3010=CARTESIAN_POINT('',(-77.0012258650647,79.2207215775464,5.4));
#3011=CARTESIAN_POINT('Origin',(-78.2012258650647,79.2207215775464,5.4));
#3012=CARTESIAN_POINT('',(-77.0012258650647,79.2207215775464,9.65));
#3013=CARTESIAN_POINT('',(-77.0012258650647,79.2207215775464,8.5));
#3014=CARTESIAN_POINT('Origin',(-78.2012258650647,79.2207215775464,9.65));
#3015=CARTESIAN_POINT('Origin',(191.65837196153,75.8644492552528,4.84499552305768));
#3016=CARTESIAN_POINT('',(191.658374166866,77.5304295358262,8.52499579484612));
#3017=CARTESIAN_POINT('',(195.296279648808,77.5332565607606,5.4));
#3018=CARTESIAN_POINT('Origin',(191.658371941664,77.530429534097,4.84499545023534));
#3019=CARTESIAN_POINT('',(191.658374121552,81.3304306831781,8.52499562874273));
#3020=CARTESIAN_POINT('',(191.658374186733,75.8644494161108,8.52499586766846));
#3021=CARTESIAN_POINT('',(195.296279578152,81.3332577080928,5.4));
#3022=CARTESIAN_POINT('Origin',(191.658371896349,81.3304306814489,4.84499528413194));
#3023=CARTESIAN_POINT('',(195.296279656826,77.1020024853136,5.4));
#3024=CARTESIAN_POINT('Origin',(185.278374875961,75.8644493400302,8.52499972549138));
#3025=CARTESIAN_POINT('',(185.278374856153,77.5254716233069,8.52499965288576));
#3026=CARTESIAN_POINT('',(186.76372739456,77.5266258942695,8.5249987546805));
#3027=CARTESIAN_POINT('',(185.278374810839,81.3254727706589,8.52499948678237));
#3028=CARTESIAN_POINT('',(185.278374875961,75.8644493400302,8.52499972549138));
#3029=CARTESIAN_POINT('',(194.337388369831,81.3325125514721,8.52499400872011));
#3030=CARTESIAN_POINT('Origin',(185.278372650758,75.8644491791722,4.8449993808806));
#3031=CARTESIAN_POINT('',(181.640464335183,77.5226445944567,5.4));
#3032=CARTESIAN_POINT('Origin',(185.278372630951,77.5254716215777,4.84499930827498));
#3033=CARTESIAN_POINT('',(181.640464315209,81.3226457418283,5.4));
#3034=CARTESIAN_POINT('',(181.640464337394,77.1020023605101,5.4));
#3035=CARTESIAN_POINT('Origin',(185.278372585636,81.3254727689297,4.84499914217158));
#3036=CARTESIAN_POINT('Origin',(188.25037009201,77.5277811678177,7.52500006324823));
#3037=CARTESIAN_POINT('',(201.827855573397,77.5383322638241,5.4));
#3038=CARTESIAN_POINT('',(-100.006331375131,77.3037762049073,5.4));
#3039=CARTESIAN_POINT('',(201.827855573397,77.5383322638241,9.65));
#3040=CARTESIAN_POINT('',(201.827855573397,77.5383322638241,5.4));
#3041=CARTESIAN_POINT('',(-200.034647873101,77.2260439641196,9.65));
#3042=CARTESIAN_POINT('',(-100.006331375131,77.3037762049073,9.65));
#3043=CARTESIAN_POINT('',(-200.034647873101,77.2260439641196,5.4));
#3044=CARTESIAN_POINT('',(-200.034647873101,77.2260439641196,5.4));
#3045=CARTESIAN_POINT('',(-193.703746787793,77.230963722292,5.4));
#3046=CARTESIAN_POINT('',(-100.006331375131,77.3037762049073,5.4));
#3047=CARTESIAN_POINT('',(-193.703746787793,77.230963722292,8.16));
#3048=CARTESIAN_POINT('',(-193.703746787793,77.2309637222921,5.03));
#3049=CARTESIAN_POINT('',(-167.310875309695,77.251473684997,8.16));
#3050=CARTESIAN_POINT('',(-99.997143376649,77.3037833449226,8.16));
#3051=CARTESIAN_POINT('',(-167.310875309695,77.251473684997,5.4));
#3052=CARTESIAN_POINT('',(-167.310875309695,77.251473684997,5.03));
#3053=CARTESIAN_POINT('',(-124.103767803088,77.2850500301964,5.4));
#3054=CARTESIAN_POINT('',(-100.006331375131,77.3037762049073,5.4));
#3055=CARTESIAN_POINT('',(-124.103767803088,77.2850500301964,8.16));
#3056=CARTESIAN_POINT('',(-124.103767803088,77.2850500301964,5.03));
#3057=CARTESIAN_POINT('',(-97.7108963249907,77.3055599929013,8.16));
#3058=CARTESIAN_POINT('',(-99.997143376649,77.3037833449226,8.16));
#3059=CARTESIAN_POINT('',(-97.7108963249907,77.3055599929013,5.4));
#3060=CARTESIAN_POINT('',(-97.7108963249907,77.3055599929013,5.03));
#3061=CARTESIAN_POINT('',(-54.5037888183837,77.3391363381007,5.4));
#3062=CARTESIAN_POINT('',(-100.006331375131,77.3037762049073,5.4));
#3063=CARTESIAN_POINT('',(-54.5037888183837,77.3391363381007,8.16));
#3064=CARTESIAN_POINT('',(-54.5037888183837,77.3391363381007,5.03));
#3065=CARTESIAN_POINT('',(-28.1109173402863,77.3596463008057,8.16));
#3066=CARTESIAN_POINT('',(-99.997143376649,77.3037833449226,8.16));
#3067=CARTESIAN_POINT('',(-28.1109173402862,77.3596463008057,5.4));
#3068=CARTESIAN_POINT('',(-28.1109173402862,77.3596463008057,5.03));
#3069=CARTESIAN_POINT('',(15.0961901663207,77.393222646005,5.4));
#3070=CARTESIAN_POINT('',(-100.006331375131,77.3037762049073,5.4));
#3071=CARTESIAN_POINT('',(15.0961901663207,77.393222646005,8.16));
#3072=CARTESIAN_POINT('',(15.0961901663207,77.393222646005,5.03));
#3073=CARTESIAN_POINT('',(41.4890616444182,77.4137326087099,8.16));
#3074=CARTESIAN_POINT('',(-99.997143376649,77.3037833449226,8.16));
#3075=CARTESIAN_POINT('',(41.4890616444182,77.4137326087099,5.4));
#3076=CARTESIAN_POINT('',(41.4890616444182,77.4137326087099,5.03));
#3077=CARTESIAN_POINT('',(84.6961691510252,77.4473089539093,5.4));
#3078=CARTESIAN_POINT('',(-100.006331375131,77.3037762049073,5.4));
#3079=CARTESIAN_POINT('',(84.6961691510252,77.4473089539093,8.16));
#3080=CARTESIAN_POINT('',(84.6961691510252,77.4473089539093,5.03));
#3081=CARTESIAN_POINT('',(111.089040629123,77.4678189166143,8.16));
#3082=CARTESIAN_POINT('',(-99.997143376649,77.3037833449226,8.16));
#3083=CARTESIAN_POINT('',(111.089040629123,77.4678189166143,5.4));
#3084=CARTESIAN_POINT('',(111.089040629123,77.4678189166143,5.03));
#3085=CARTESIAN_POINT('',(154.29614813573,77.5013952618136,5.4));
#3086=CARTESIAN_POINT('',(-100.006331375131,77.3037762049073,5.4));
#3087=CARTESIAN_POINT('',(154.29614813573,77.5013952618136,8.16));
#3088=CARTESIAN_POINT('',(154.29614813573,77.5013952618136,5.03));
#3089=CARTESIAN_POINT('',(180.046785644441,77.5214061429855,8.16));
#3090=CARTESIAN_POINT('',(-99.997143376649,77.3037833449226,8.16));
#3091=CARTESIAN_POINT('',(180.046785644441,77.5214061429855,5.4));
#3092=CARTESIAN_POINT('',(180.046785644441,77.5214061429855,13.0000001937151));
#3093=CARTESIAN_POINT('',(-100.006331375131,77.3037762049073,5.4));
#3094=CARTESIAN_POINT('Origin',(203.400643745627,81.3395556286113,5.4));
#3095=CARTESIAN_POINT('',(-201.609882381185,81.0248209930535,5.4));
#3096=CARTESIAN_POINT('',(-201.609882381185,81.0248209930535,5.4));
#3097=CARTESIAN_POINT('',(-201.609882381185,81.0248209930535,9.65));
#3098=CARTESIAN_POINT('',(-201.609882381185,81.0248209930535,5.4));
#3099=CARTESIAN_POINT('',(203.400643745627,81.3395556286113,9.65));
#3100=CARTESIAN_POINT('',(101.668462110722,81.260499310205,9.65));
#3101=CARTESIAN_POINT('',(203.400643745627,81.3395556286113,5.4));
#3102=CARTESIAN_POINT('',(203.400643745627,81.3395556286113,5.4));
#3103=CARTESIAN_POINT('',(-201.609882381185,81.0248209930535,5.4));
#3104=CARTESIAN_POINT('Origin',(-0.000632701333742602,-0.000684513235604811,
9.65));
#3105=CARTESIAN_POINT('',(210.852748,73.8874513742386,9.65));
#3106=CARTESIAN_POINT('',(203.400643745627,81.3395556286113,9.65));
#3107=CARTESIAN_POINT('',(-210.780487347669,71.8542160265693,9.65));
#3108=CARTESIAN_POINT('',(-210.780487347669,71.8542160265693,9.65));
#3109=CARTESIAN_POINT('',(-210.854013402667,-72.3950230461069,9.65));
#3110=CARTESIAN_POINT('',(-210.854013402667,-72.3950230461069,9.65));
#3111=CARTESIAN_POINT('',(-202.418811197202,-80.8445234061565,9.65));
#3112=CARTESIAN_POINT('',(-202.418811197202,-80.8445234061565,9.65));
#3113=CARTESIAN_POINT('',(171.026987958656,-81.3409246550825,9.65));
#3114=CARTESIAN_POINT('',(171.026987958656,-81.3409246550825,9.65));
#3115=CARTESIAN_POINT('',(180.852748,-71.5311417228752,9.65));
#3116=CARTESIAN_POINT('',(180.852748,-71.5311417228752,9.65));
#3117=CARTESIAN_POINT('',(180.852748,11.0768886257614,9.65));
#3118=CARTESIAN_POINT('',(180.852748,11.0768886257614,9.65));
#3119=CARTESIAN_POINT('',(181.378029374239,11.60217,9.65));
#3120=CARTESIAN_POINT('',(181.378029374239,11.60217,9.65));
#3121=CARTESIAN_POINT('',(201.338029374239,11.60217,9.65));
#3122=CARTESIAN_POINT('',(201.338029374239,11.60217,9.65));
#3123=CARTESIAN_POINT('',(210.852748,21.1168886257614,9.65));
#3124=CARTESIAN_POINT('',(210.852748,21.1168886257614,9.65));
#3125=CARTESIAN_POINT('',(210.852748,73.8874513742386,9.65));
#3126=CARTESIAN_POINT('',(207.052748,72.3134398372208,9.65));
#3127=CARTESIAN_POINT('',(170.784809214671,108.58137862255,9.65));
#3128=CARTESIAN_POINT('',(207.052748,22.6909001627792,9.65));
#3129=CARTESIAN_POINT('',(207.052748,36.1149563057553,9.65));
#3130=CARTESIAN_POINT('',(199.764017837221,15.40217,9.65));
#3131=CARTESIAN_POINT('',(149.587217333782,-34.7746305034393,9.65));
#3132=CARTESIAN_POINT('',(179.804017837221,15.40217,9.65));
#3133=CARTESIAN_POINT('',(99.8402712117062,15.40217,9.65));
#3134=CARTESIAN_POINT('',(177.052748,12.6509001627792,9.65));
#3135=CARTESIAN_POINT('',(131.031430896154,-33.3704169410662,9.65));
#3136=CARTESIAN_POINT('',(177.052748,-69.9553186317209,9.65));
#3137=CARTESIAN_POINT('',(177.052748,6.36652918100909,9.65));
#3138=CARTESIAN_POINT('',(169.456881184841,-77.5388342401969,9.65));
#3139=CARTESIAN_POINT('',(150.176658692552,-96.7877062600911,9.65));
#3140=CARTESIAN_POINT('',(-200.840823705641,-77.0466175822574,9.65));
#3141=CARTESIAN_POINT('',(84.6352888867551,-77.4260854974133,9.65));
#3142=CARTESIAN_POINT('',(-207.053211980978,-70.8236989502392,9.65));
#3143=CARTESIAN_POINT('',(-170.006512938846,-107.933194285435,9.65));
#3144=CARTESIAN_POINT('',(-206.981289560812,70.2794022764088,9.65));
#3145=CARTESIAN_POINT('',(-207.035114195815,-35.3180303985136,9.65));
#3146=CARTESIAN_POINT('',(-172.776878832344,104.483813004876,9.65));
#3147=CARTESIAN_POINT('Origin',(180.043832656366,81.3214049955987,9.65000012649646));
#3148=CARTESIAN_POINT('',(180.04628733798,78.1626427243779,5.4));
#3149=CARTESIAN_POINT('',(180.04628733798,78.1626427243779,8.16));
#3150=CARTESIAN_POINT('',(180.04628733798,78.1626427243779,7.15500006324823));
#3151=CARTESIAN_POINT('',(180.043832656366,81.3214049955987,5.4));
#3152=CARTESIAN_POINT('',(180.075378722045,40.7269256643837,8.16));
#3153=CARTESIAN_POINT('Origin',(180.180179589823,78.0291660188812,4.66));
#3154=CARTESIAN_POINT('',(177.904180080769,80.2981017638485,8.16));
#3155=CARTESIAN_POINT('',(154.508640048452,103.621031685831,8.16));
#3156=CARTESIAN_POINT('',(177.904180080769,80.2981017638485,5.4));
#3157=CARTESIAN_POINT('',(177.904180080769,80.2981017638485,4.66));
#3158=CARTESIAN_POINT('',(154.502326226846,103.627325911937,5.4));
#3159=CARTESIAN_POINT('Origin',(0.0177486041386032,-0.0075013905998933,
8.16));
#3160=CARTESIAN_POINT('',(157.076669530169,80.2819166562529,8.16));
#3161=CARTESIAN_POINT('',(97.5932990947866,20.7985462208711,8.16));
#3162=CARTESIAN_POINT('',(88.7229360887881,80.2287988087011,8.16));
#3163=CARTESIAN_POINT('Origin',(209.539753768509,58.7559413808836,4.66));
#3164=CARTESIAN_POINT('',(209.832646987322,58.4630481620702,5.4));
#3165=CARTESIAN_POINT('',(207.052748,61.2429471493925,5.4));
#3166=CARTESIAN_POINT('',(171.843813624578,96.4518815248146,5.4));
#3167=CARTESIAN_POINT('',(209.832646987322,58.4630481620702,8.16));
#3168=CARTESIAN_POINT('',(209.832646987322,58.4630481620702,4.66));
#3169=CARTESIAN_POINT('',(207.052748,61.2429471493925,8.16));
#3170=CARTESIAN_POINT('',(171.850113170287,96.4455819791054,8.16));
#3171=CARTESIAN_POINT('',(207.052748,61.2429471493925,5.03));
#3172=CARTESIAN_POINT('Origin',(179.539753768509,3.54151862515476,4.66));
#3173=CARTESIAN_POINT('',(179.832646987322,3.2486254063413,5.4));
#3174=CARTESIAN_POINT('',(177.052748,6.02852439366364,5.4));
#3175=CARTESIAN_POINT('',(135.540207935645,47.5410644580178,5.4));
#3176=CARTESIAN_POINT('',(179.832646987322,3.2486254063413,8.16));
#3177=CARTESIAN_POINT('',(179.832646987322,3.2486254063413,4.66));
#3178=CARTESIAN_POINT('',(177.052748,6.02852439366366,8.16));
#3179=CARTESIAN_POINT('',(135.546507481355,47.5347649123087,8.16));
#3180=CARTESIAN_POINT('',(177.052748,6.02852439366364,5.03));
#3181=CARTESIAN_POINT('Origin',(179.539753768509,-41.4584813748452,4.66));
#3182=CARTESIAN_POINT('',(179.832646987322,-41.7513745936587,5.4));
#3183=CARTESIAN_POINT('',(177.052748,-38.9714756063364,5.4));
#3184=CARTESIAN_POINT('',(124.290207935645,13.7910644580177,5.4));
#3185=CARTESIAN_POINT('',(179.832646987322,-41.7513745936587,8.16));
#3186=CARTESIAN_POINT('',(179.832646987322,-41.7513745936587,4.66));
#3187=CARTESIAN_POINT('',(177.052748,-38.9714756063363,8.16));
#3188=CARTESIAN_POINT('',(124.296507481355,13.7847649123086,8.16));
#3189=CARTESIAN_POINT('',(177.052748,-38.9714756063364,5.03));
#3190=CARTESIAN_POINT('Origin',(163.708064666077,-80.0198900956316,4.66));
#3191=CARTESIAN_POINT('',(163.414620704263,-80.3133340574447,5.4));
#3192=CARTESIAN_POINT('',(166.193458412428,-77.5344963492803,5.4));
#3193=CARTESIAN_POINT('',(142.785691719823,-100.942263041885,5.4));
#3194=CARTESIAN_POINT('',(163.414620704263,-80.3133340574447,8.16));
#3195=CARTESIAN_POINT('',(163.414620704263,-80.3133340574447,4.66));
#3196=CARTESIAN_POINT('',(166.193458412428,-77.5344963492803,8.16));
#3197=CARTESIAN_POINT('',(142.78858282685,-100.939371934858,8.16));
#3198=CARTESIAN_POINT('',(166.193458412428,-77.5344963492803,5.03));
#3199=CARTESIAN_POINT('Origin',(79.7081388755396,-79.9082335495776,4.66));
#3200=CARTESIAN_POINT('',(79.4146949137264,-80.2016775113907,5.4));
#3201=CARTESIAN_POINT('',(82.1935326218909,-77.4228398032263,5.4));
#3202=CARTESIAN_POINT('',(79.7578332404066,-79.8585391847106,5.4));
#3203=CARTESIAN_POINT('',(79.4146949137264,-80.2016775113908,8.16));
#3204=CARTESIAN_POINT('',(79.4146949137264,-80.2016775113907,4.66));
#3205=CARTESIAN_POINT('',(82.1935326218909,-77.4228398032263,8.16));
#3206=CARTESIAN_POINT('',(79.7607243474336,-79.8556480776836,8.16));
#3207=CARTESIAN_POINT('',(82.1935326218909,-77.4228398032263,5.03));
#3208=CARTESIAN_POINT('Origin',(-4.2917869149974,-79.7965770035236,4.66));
#3209=CARTESIAN_POINT('',(-4.58523087681055,-80.0900209653368,5.4));
#3210=CARTESIAN_POINT('',(-1.80639316864608,-77.3111832571724,5.4));
#3211=CARTESIAN_POINT('',(16.7299747609905,-58.7748153275359,5.4));
#3212=CARTESIAN_POINT('',(-4.58523087681055,-80.0900209653368,8.16));
#3213=CARTESIAN_POINT('',(-4.58523087681056,-80.0900209653368,4.66));
#3214=CARTESIAN_POINT('',(-1.80639316864608,-77.3111832571724,8.16));
#3215=CARTESIAN_POINT('',(16.7328658680176,-58.7719242205089,8.16));
#3216=CARTESIAN_POINT('',(-1.8063931686461,-77.3111832571724,5.03));
#3217=CARTESIAN_POINT('Origin',(-88.2917127055344,-79.6849204574697,4.66));
#3218=CARTESIAN_POINT('',(-88.5851566673475,-79.9783644192828,5.4));
#3219=CARTESIAN_POINT('',(-85.806318959183,-77.1995267111184,5.4));
#3220=CARTESIAN_POINT('',(-46.2978837184255,-37.6910914703612,5.4));
#3221=CARTESIAN_POINT('',(-88.5851566673475,-79.9783644192828,8.16));
#3222=CARTESIAN_POINT('',(-88.5851566673475,-79.9783644192828,4.66));
#3223=CARTESIAN_POINT('',(-85.806318959183,-77.1995267111184,8.16));
#3224=CARTESIAN_POINT('',(-46.2949926113985,-37.6882003633342,8.16));
#3225=CARTESIAN_POINT('',(-85.8063189591831,-77.1995267111184,5.03));
#3226=CARTESIAN_POINT('Origin',(-172.291638496071,-79.5732639114157,4.66));
#3227=CARTESIAN_POINT('',(-172.585082457884,-79.8667078732288,5.4));
#3228=CARTESIAN_POINT('',(-169.80624474972,-77.0878701650644,5.4));
#3229=CARTESIAN_POINT('',(-109.325742197842,-16.6073676131865,5.4));
#3230=CARTESIAN_POINT('',(-172.585082457884,-79.8667078732288,8.16));
#3231=CARTESIAN_POINT('',(-172.585082457884,-79.8667078732288,4.66));
#3232=CARTESIAN_POINT('',(-169.80624474972,-77.0878701650644,8.16));
#3233=CARTESIAN_POINT('',(-109.322851090815,-16.6044765061594,8.16));
#3234=CARTESIAN_POINT('',(-169.80624474972,-77.0878701650644,5.03));
#3235=CARTESIAN_POINT('Origin',(-209.504256560232,-63.6608655066071,4.66));
#3236=CARTESIAN_POINT('',(-209.797360932343,-63.3677611344955,5.4));
#3237=CARTESIAN_POINT('',(-207.050811533295,-66.1143105335439,5.4));
#3238=CARTESIAN_POINT('',(-173.04339584385,-100.121726222989,5.4));
#3239=CARTESIAN_POINT('',(-209.797360932343,-63.3677611344955,8.16));
#3240=CARTESIAN_POINT('',(-209.797360932343,-63.3677611344955,4.66));
#3241=CARTESIAN_POINT('',(-207.050811533295,-66.1143105335439,8.16));
#3242=CARTESIAN_POINT('',(-173.03709629814,-100.128025768698,8.16));
#3243=CARTESIAN_POINT('',(-207.050811533295,-66.1143105335438,5.03));
#3244=CARTESIAN_POINT('Origin',(-209.477496506517,-11.160872326612,4.66));
#3245=CARTESIAN_POINT('',(-209.770600878628,-10.8677679545005,5.4));
#3246=CARTESIAN_POINT('',(-207.02405147958,-13.6143173535488,5.4));
#3247=CARTESIAN_POINT('',(-159.898327508564,-60.7400413245636,5.4));
#3248=CARTESIAN_POINT('',(-209.770600878628,-10.8677679545005,8.16));
#3249=CARTESIAN_POINT('',(-209.770600878628,-10.8677679545005,4.66));
#3250=CARTESIAN_POINT('',(-207.02405147958,-13.6143173535488,8.16));
#3251=CARTESIAN_POINT('',(-159.892027962855,-60.7463408702728,8.16));
#3252=CARTESIAN_POINT('',(-207.02405147958,-13.6143173535488,5.03));
#3253=CARTESIAN_POINT('Origin',(-209.450736452801,41.339120853383,4.66));
#3254=CARTESIAN_POINT('',(-209.743840824913,41.6322252254946,5.4));
#3255=CARTESIAN_POINT('',(-206.997291425865,38.8856758264463,5.4));
#3256=CARTESIAN_POINT('',(-146.753259173279,-21.3583564261384,5.4));
#3257=CARTESIAN_POINT('',(-209.743840824913,41.6322252254946,8.16));
#3258=CARTESIAN_POINT('',(-209.743840824913,41.6322252254945,4.66));
#3259=CARTESIAN_POINT('',(-206.997291425865,38.8856758264463,8.16));
#3260=CARTESIAN_POINT('',(-146.74695962757,-21.3646559718476,8.16));
#3261=CARTESIAN_POINT('',(-206.997291425865,38.8856758264463,5.03));
#3262=CARTESIAN_POINT('Origin',(-191.215796777676,79.718913732409,4.66));
#3263=CARTESIAN_POINT('',(-190.923225393353,80.0114851167314,5.4));
#3264=CARTESIAN_POINT('',(-163.341905320001,107.592805190083,5.4));
#3265=CARTESIAN_POINT('',(-190.923225393353,80.0114851167314,8.16));
#3266=CARTESIAN_POINT('',(-190.923225393353,80.0114851167314,4.66));
#3267=CARTESIAN_POINT('',(-163.339014212974,107.595696297111,8.16));
#3268=CARTESIAN_POINT('Origin',(-121.615817792971,79.7730000403133,4.66));
#3269=CARTESIAN_POINT('',(-121.323246408649,80.0655714246357,5.4));
#3270=CARTESIAN_POINT('',(-111.155442658449,90.2333751748356,5.4));
#3271=CARTESIAN_POINT('',(-121.323246408649,80.0655714246357,8.16));
#3272=CARTESIAN_POINT('',(-121.323246408649,80.0655714246357,4.66));
#3273=CARTESIAN_POINT('',(-111.152551551422,90.2362662818626,8.16));
#3274=CARTESIAN_POINT('Origin',(-52.0158388082667,79.8270863482176,4.66));
#3275=CARTESIAN_POINT('',(-51.7232674239443,80.11965773254,5.4));
#3276=CARTESIAN_POINT('',(-58.9689799968966,72.8739451595877,5.4));
#3277=CARTESIAN_POINT('',(-51.7232674239443,80.11965773254,8.16));
#3278=CARTESIAN_POINT('',(-51.7232674239444,80.11965773254,4.66));
#3279=CARTESIAN_POINT('',(-58.9660888898696,72.8768362666148,8.16));
#3280=CARTESIAN_POINT('Origin',(17.5841401764377,79.8811726561219,4.66));
#3281=CARTESIAN_POINT('',(17.8767115607601,80.1737440404443,5.4));
#3282=CARTESIAN_POINT('',(-6.78251733534457,55.5145151443399,5.4));
#3283=CARTESIAN_POINT('',(17.8767115607601,80.1737440404443,8.16));
#3284=CARTESIAN_POINT('',(17.8767115607601,80.1737440404443,4.66));
#3285=CARTESIAN_POINT('',(-6.77962622831755,55.5174062513669,8.16));
#3286=CARTESIAN_POINT('Origin',(87.1841191611422,79.9352589640263,4.66));
#3287=CARTESIAN_POINT('',(87.4766905454645,80.2278303483486,5.4));
#3288=CARTESIAN_POINT('',(45.4039453262075,38.155085129092,5.4));
#3289=CARTESIAN_POINT('',(87.4766905454645,80.2278303483486,8.16));
#3290=CARTESIAN_POINT('',(87.4766905454645,80.2278303483486,4.66));
#3291=CARTESIAN_POINT('',(45.4068364332345,38.157976236119,8.16));
#3292=CARTESIAN_POINT('Origin',(156.784098145847,79.9893452719306,4.66));
#3293=CARTESIAN_POINT('',(157.076669530169,80.2819166562529,5.4));
#3294=CARTESIAN_POINT('',(97.5904079877596,20.7956551138441,5.4));
#3295=CARTESIAN_POINT('',(157.076669530169,80.2819166562529,4.66));
#3296=CARTESIAN_POINT('Origin',(0.0177486041386032,-0.0075013905998933,
8.16));
#3297=CARTESIAN_POINT('',(177.052748,-20.3597007057272,8.16));
#3298=CARTESIAN_POINT('',(177.052748,6.36312074232695,8.16));
#3299=CARTESIAN_POINT('',(179.832646987322,-17.5798017184049,8.16));
#3300=CARTESIAN_POINT('',(179.832646987322,-8.58654477331584,8.16));
#3301=CARTESIAN_POINT('',(138.135601370409,-59.2768473353175,8.16));
#3302=CARTESIAN_POINT('Origin',(0.0177486041386032,-0.0075013905998933,
8.16));
#3303=CARTESIAN_POINT('',(177.052748,-65.3597007057272,8.16));
#3304=CARTESIAN_POINT('',(177.052748,6.36312074232695,8.16));
#3305=CARTESIAN_POINT('',(179.832646987322,-62.5798017184049,8.16));
#3306=CARTESIAN_POINT('',(179.832646987322,-31.0865447733158,8.16));
#3307=CARTESIAN_POINT('',(149.385601370409,-93.0268473353177,8.16));
#3308=CARTESIAN_POINT('Origin',(0.0177486041386032,-0.0075013905998933,
8.16));
#3309=CARTESIAN_POINT('',(139.813213860374,-77.4994305207927,8.16));
#3310=CARTESIAN_POINT('',(84.6444840538971,-77.4260977200503,8.16));
#3311=CARTESIAN_POINT('',(142.584654245245,-80.2856459126357,8.16));
#3312=CARTESIAN_POINT('',(71.4554688090307,-80.1910977437571,8.16));
#3313=CARTESIAN_POINT('',(85.9295352095767,-23.3284890689882,8.16));
#3314=CARTESIAN_POINT('Origin',(0.0177486041386032,-0.0075013905998933,
8.16));
#3315=CARTESIAN_POINT('',(55.8132880698373,-77.3877739747387,8.16));
#3316=CARTESIAN_POINT('',(84.6444840538971,-77.4260977200503,8.16));
#3317=CARTESIAN_POINT('',(58.5847284547076,-80.1739893665818,8.16));
#3318=CARTESIAN_POINT('',(29.4555059137623,-80.1352694707301,8.16));
#3319=CARTESIAN_POINT('',(22.8458486544183,-44.2445796883526,8.16));
#3320=CARTESIAN_POINT('Origin',(0.0177486041386032,-0.0075013905998933,
8.16));
#3321=CARTESIAN_POINT('',(-28.1866377206996,-77.2761174286848,8.16));
#3322=CARTESIAN_POINT('',(84.6444840538971,-77.4260977200503,8.16));
#3323=CARTESIAN_POINT('',(-25.4151973358293,-80.0623328205278,8.16));
#3324=CARTESIAN_POINT('',(-12.5444569815062,-80.0794411977031,8.16));
#3325=CARTESIAN_POINT('',(-40.2378379007402,-65.1606703077171,8.16));
#3326=CARTESIAN_POINT('Origin',(0.0177486041386032,-0.0075013905998933,
8.16));
#3327=CARTESIAN_POINT('',(-112.186563511237,-77.1644608826308,8.16));
#3328=CARTESIAN_POINT('',(84.6444840538971,-77.4260977200503,8.16));
#3329=CARTESIAN_POINT('',(-109.415123126366,-79.9506762744738,8.16));
#3330=CARTESIAN_POINT('',(-54.5444198767747,-80.0236129246761,8.16));
#3331=CARTESIAN_POINT('',(-103.321524455899,-86.0767609270815,8.16));
#3332=CARTESIAN_POINT('Origin',(0.0177486041386032,-0.0075013905998933,
8.16));
#3333=CARTESIAN_POINT('',(-196.186489301774,-77.0528043365768,8.16));
#3334=CARTESIAN_POINT('',(84.6444840538971,-77.4260977200503,8.16));
#3335=CARTESIAN_POINT('',(-193.415048916903,-79.8390197284198,8.16));
#3336=CARTESIAN_POINT('',(-96.5443827720432,-79.9677846516491,8.16));
#3337=CARTESIAN_POINT('',(-166.405211011057,-106.992851546446,8.16));
#3338=CARTESIAN_POINT('Origin',(0.0177486041386032,-0.0075013905998933,
8.16));
#3339=CARTESIAN_POINT('',(-207.037354078933,-39.712410532643,8.16));
#3340=CARTESIAN_POINT('',(-207.03511593076,-35.3214341516944,8.16));
#3341=CARTESIAN_POINT('',(-209.786748976522,-42.5483855762974,8.16));
#3342=CARTESIAN_POINT('',(-209.775983036569,-21.4269117504752,8.16));
#3343=CARTESIAN_POINT('',(-147.215844424848,21.992915465275,8.16));
#3344=CARTESIAN_POINT('Origin',(0.0177486041386032,-0.0075013905998933,
8.16));
#3345=CARTESIAN_POINT('',(-207.010594025218,12.7875826473521,8.16));
#3346=CARTESIAN_POINT('',(-207.03511593076,-35.3214341516944,8.16));
#3347=CARTESIAN_POINT('',(-209.759988922807,9.95160760369769,8.16));
#3348=CARTESIAN_POINT('',(-209.762603009711,4.82308483952233,8.16));
#3349=CARTESIAN_POINT('',(-160.314259268935,60.95441387087,8.16));
#3350=CARTESIAN_POINT('Origin',(0.0177486041386032,-0.0075013905998933,
8.16));
#3351=CARTESIAN_POINT('',(-206.983833971503,65.2875758273471,8.16));
#3352=CARTESIAN_POINT('',(-207.03511593076,-35.3214341516944,8.16));
#3353=CARTESIAN_POINT('',(-209.733228869091,62.4516007836927,8.16));
#3354=CARTESIAN_POINT('',(-209.749222982853,31.0730814295199,8.16));
#3355=CARTESIAN_POINT('',(-173.412674113022,99.9159122764651,8.16));
#3356=CARTESIAN_POINT('Origin',(0.0177486041386032,-0.0075013905998933,
8.16));
#3357=CARTESIAN_POINT('',(-170.095714842753,80.027670224327,8.16));
#3358=CARTESIAN_POINT('',(-85.277011372973,80.0935830389404,8.16));
#3359=CARTESIAN_POINT('',(-106.288457652858,16.4184444531694,8.16));
#3360=CARTESIAN_POINT('Origin',(0.0177486041386032,-0.0075013905998933,
8.16));
#3361=CARTESIAN_POINT('',(-100.495735858049,80.0817565322313,8.16));
#3362=CARTESIAN_POINT('',(-50.4770218806208,80.1206261928925,8.16));
#3363=CARTESIAN_POINT('',(-54.1290381125958,33.8589618997017,8.16));
#3364=CARTESIAN_POINT('Origin',(0.0177486041386032,-0.0075013905998933,
8.16));
#3365=CARTESIAN_POINT('',(-30.8957568733441,80.1358428401356,8.16));
#3366=CARTESIAN_POINT('',(-15.6770323882686,80.1476693468447,8.16));
#3367=CARTESIAN_POINT('',(-1.96961857233383,51.2994793462339,8.16));
#3368=CARTESIAN_POINT('Origin',(0.0177486041386032,-0.0075013905998933,
8.16));
#3369=CARTESIAN_POINT('',(38.7042221113603,80.1899291480399,8.16));
#3370=CARTESIAN_POINT('',(19.1229571040836,80.1747125007968,8.16));
#3371=CARTESIAN_POINT('',(50.1898009679282,68.7399967927661,8.16));
#3372=CARTESIAN_POINT('Origin',(0.0177486041386032,-0.0075013905998933,
8.16));
#3373=CARTESIAN_POINT('',(108.304201096065,80.2440154559442,8.16));
#3374=CARTESIAN_POINT('',(53.9229465964359,80.2017556547489,8.16));
#3375=CARTESIAN_POINT('',(102.34922050819,86.1805142392983,8.16));
#3376=CARTESIAN_POINT('Origin',(0.0177486041386032,-0.0075013905998933,
8.16));
#3377=CARTESIAN_POINT('',(207.052748,34.8547220500016,8.16));
#3378=CARTESIAN_POINT('',(207.052748,36.1115478670731,8.16));
#3379=CARTESIAN_POINT('',(209.832646987322,37.634621037324,8.16));
#3380=CARTESIAN_POINT('',(209.832646987322,19.0206666045486,8.16));
#3381=CARTESIAN_POINT('',(146.831995681477,-25.3660302685206,8.16));
#3382=CARTESIAN_POINT('Origin',(209.832646987322,38.0488345996971,4.66));
#3383=CARTESIAN_POINT('',(209.832646987322,37.634621037324,5.4));
#3384=CARTESIAN_POINT('',(209.832646987322,19.0240750432307,5.4));
#3385=CARTESIAN_POINT('',(209.832646987322,37.634621037324,4.66));
#3386=CARTESIAN_POINT('Origin',(207.559854781187,35.3618288311882,4.66));
#3387=CARTESIAN_POINT('',(207.052748,34.8547220500016,5.4));
#3388=CARTESIAN_POINT('',(146.82910457445,-25.3689213755477,5.4));
#3389=CARTESIAN_POINT('',(207.052748,34.8547220500017,5.03));
#3390=CARTESIAN_POINT('Origin',(179.832646987322,-17.1655881560318,4.66));
#3391=CARTESIAN_POINT('',(179.832646987322,-17.5798017184049,5.4));
#3392=CARTESIAN_POINT('',(179.832646987322,-8.5831363346337,5.4));
#3393=CARTESIAN_POINT('',(179.832646987322,-17.5798017184049,4.66));
#3394=CARTESIAN_POINT('Origin',(177.559854781187,-19.8525939245407,4.66));
#3395=CARTESIAN_POINT('',(177.052748,-20.3597007057272,5.4));
#3396=CARTESIAN_POINT('',(138.132710263382,-59.2797384423446,5.4));
#3397=CARTESIAN_POINT('',(177.052748,-20.3597007057272,5.03));
#3398=CARTESIAN_POINT('Origin',(179.832646987322,-62.1655881560318,4.66));
#3399=CARTESIAN_POINT('',(179.832646987322,-62.5798017184049,5.4));
#3400=CARTESIAN_POINT('',(179.832646987322,-31.0831363346337,5.4));
#3401=CARTESIAN_POINT('',(179.832646987322,-62.5798017184049,4.66));
#3402=CARTESIAN_POINT('Origin',(177.559854781187,-64.8525939245407,4.66));
#3403=CARTESIAN_POINT('',(177.052748,-65.3597007057272,5.4));
#3404=CARTESIAN_POINT('',(149.382710263382,-93.0297384423448,5.4));
#3405=CARTESIAN_POINT('',(177.052748,-65.3597007057272,5.03));
#3406=CARTESIAN_POINT('Origin',(142.999646309214,-80.2861975390814,4.66));
#3407=CARTESIAN_POINT('',(142.584654245245,-80.2856459126357,5.4));
#3408=CARTESIAN_POINT('',(71.4462736418888,-80.19108552112,5.4));
#3409=CARTESIAN_POINT('',(142.584654245245,-80.2856459126357,4.66));
#3410=CARTESIAN_POINT('Origin',(140.317362981929,-78.0062673446793,4.66));
#3411=CARTESIAN_POINT('',(139.813213860374,-77.4994305207927,5.4));
#3412=CARTESIAN_POINT('',(85.9232601210999,-23.322180526977,5.4));
#3413=CARTESIAN_POINT('',(139.813213860374,-77.4994305207927,5.03));
#3414=CARTESIAN_POINT('Origin',(58.9997205186769,-80.1745409930274,4.66));
#3415=CARTESIAN_POINT('',(58.5847284547076,-80.1739893665818,5.4));
#3416=CARTESIAN_POINT('',(29.4463107466203,-80.135257248093,5.4));
#3417=CARTESIAN_POINT('',(58.5847284547076,-80.1739893665818,4.66));
#3418=CARTESIAN_POINT('Origin',(56.3174371913916,-77.8946107986253,4.66));
#3419=CARTESIAN_POINT('',(55.8132880698373,-77.3877739747387,5.4));
#3420=CARTESIAN_POINT('',(22.8395735659415,-44.2382711463415,5.4));
#3421=CARTESIAN_POINT('',(55.8132880698373,-77.3877739747387,5.03));
#3422=CARTESIAN_POINT('Origin',(-25.0002052718601,-80.0628844469735,4.66));
#3423=CARTESIAN_POINT('',(-25.4151973358293,-80.0623328205278,5.4));
#3424=CARTESIAN_POINT('',(-12.5536521486482,-80.0794289750661,5.4));
#3425=CARTESIAN_POINT('',(-25.4151973358293,-80.0623328205278,4.66));
#3426=CARTESIAN_POINT('Origin',(-27.6824885991453,-77.7829542525714,4.66));
#3427=CARTESIAN_POINT('',(-28.1866377206996,-77.2761174286848,5.4));
#3428=CARTESIAN_POINT('',(-40.244112989217,-65.1543617657059,5.4));
#3429=CARTESIAN_POINT('',(-28.1866377206997,-77.2761174286848,5.03));
#3430=CARTESIAN_POINT('Origin',(-109.000131062397,-79.9512279009195,4.66));
#3431=CARTESIAN_POINT('',(-109.415123126366,-79.9506762744738,5.4));
#3432=CARTESIAN_POINT('',(-54.5536150439167,-80.0236007020391,5.4));
#3433=CARTESIAN_POINT('',(-109.415123126366,-79.9506762744738,4.66));
#3434=CARTESIAN_POINT('Origin',(-111.682414389682,-77.6712977065174,4.66));
#3435=CARTESIAN_POINT('',(-112.186563511237,-77.1644608826308,5.4));
#3436=CARTESIAN_POINT('',(-103.327799544375,-86.0704523850704,5.4));
#3437=CARTESIAN_POINT('',(-112.186563511237,-77.1644608826308,5.03));
#3438=CARTESIAN_POINT('Origin',(-193.000056852934,-79.8395713548655,4.66));
#3439=CARTESIAN_POINT('',(-193.415048916903,-79.8390197284198,5.4));
#3440=CARTESIAN_POINT('',(-96.5535779391852,-79.9677724290121,5.4));
#3441=CARTESIAN_POINT('',(-193.415048916903,-79.8390197284198,4.66));
#3442=CARTESIAN_POINT('Origin',(-195.682340180219,-77.5596411604634,4.66));
#3443=CARTESIAN_POINT('',(-196.186489301774,-77.0528043365768,5.4));
#3444=CARTESIAN_POINT('',(-166.411486099534,-106.986543004435,5.4));
#3445=CARTESIAN_POINT('',(-196.186489301774,-77.0528043365768,5.03));
#3446=CARTESIAN_POINT('Origin',(-209.786955342963,-42.9532516082088,4.66));
#3447=CARTESIAN_POINT('',(-209.786748976522,-42.5483855762974,5.4));
#3448=CARTESIAN_POINT('',(-209.775981301623,-21.4235079972944,5.4));
#3449=CARTESIAN_POINT('',(-209.786748976522,-42.5483855762973,4.66));
#3450=CARTESIAN_POINT('Origin',(-207.555963069045,-40.2473508406584,4.66));
#3451=CARTESIAN_POINT('',(-207.037354078933,-39.712410532643,5.4));
#3452=CARTESIAN_POINT('',(-147.218593918421,21.9900793884494,5.4));
#3453=CARTESIAN_POINT('',(-207.037354078933,-39.712410532643,5.03));
#3454=CARTESIAN_POINT('Origin',(-209.760195289248,9.54674157178625,4.66));
#3455=CARTESIAN_POINT('',(-209.759988922807,9.95160760369769,5.4));
#3456=CARTESIAN_POINT('',(-209.762601274766,4.82648859270314,5.4));
#3457=CARTESIAN_POINT('',(-209.759988922807,9.95160760369767,4.66));
#3458=CARTESIAN_POINT('Origin',(-207.52920301533,12.2526423393366,4.66));
#3459=CARTESIAN_POINT('',(-207.010594025218,12.7875826473521,5.4));
#3460=CARTESIAN_POINT('',(-160.317008762507,60.9515777940444,5.4));
#3461=CARTESIAN_POINT('',(-207.010594025218,12.7875826473521,5.03));
#3462=CARTESIAN_POINT('Origin',(-209.733435235533,62.0467347517813,4.66));
#3463=CARTESIAN_POINT('',(-209.733228869091,62.4516007836927,5.4));
#3464=CARTESIAN_POINT('',(-209.749221247908,31.0764851827007,5.4));
#3465=CARTESIAN_POINT('',(-209.733228869091,62.4516007836927,4.66));
#3466=CARTESIAN_POINT('Origin',(-207.502442961615,64.7526355193317,4.66));
#3467=CARTESIAN_POINT('',(-206.983833971503,65.2875758273472,5.4));
#3468=CARTESIAN_POINT('',(-173.415423606594,99.9130761996394,5.4));
#3469=CARTESIAN_POINT('',(-206.983833971503,65.2875758273471,5.03));
#3470=CARTESIAN_POINT('Origin',(-170.509473137492,80.0273486917798,4.66));
#3471=CARTESIAN_POINT('',(-170.095714842753,80.027670224327,5.4));
#3472=CARTESIAN_POINT('',(-85.2861993714549,80.0935758989251,5.4));
#3473=CARTESIAN_POINT('',(-170.095714842753,80.027670224327,4.66));
#3474=CARTESIAN_POINT('Origin',(-167.819715333699,77.7587344793596,4.66));
#3475=CARTESIAN_POINT('',(-106.294771474464,16.4247386792762,5.4));
#3476=CARTESIAN_POINT('Origin',(-100.909494152788,80.0814349996841,4.66));
#3477=CARTESIAN_POINT('',(-100.495735858049,80.0817565322313,5.4));
#3478=CARTESIAN_POINT('',(-50.4862098791027,80.1206190528772,5.4));
#3479=CARTESIAN_POINT('',(-100.495735858049,80.0817565322313,4.66));
#3480=CARTESIAN_POINT('Origin',(-98.2197363489943,77.8128207872639,4.66));
#3481=CARTESIAN_POINT('',(-54.1353519342017,33.8652561258085,5.4));
#3482=CARTESIAN_POINT('Origin',(-31.3095151680833,80.1355213075884,4.66));
#3483=CARTESIAN_POINT('',(-30.8957568733441,80.1358428401356,5.4));
#3484=CARTESIAN_POINT('',(-15.6862203867505,80.1476622068294,5.4));
#3485=CARTESIAN_POINT('',(-30.8957568733441,80.1358428401356,4.66));
#3486=CARTESIAN_POINT('Origin',(-28.6197573642898,77.8669070951683,4.66));
#3487=CARTESIAN_POINT('',(-1.97593239393971,51.3057735723407,5.4));
#3488=CARTESIAN_POINT('Origin',(38.2904638166212,80.1896076154927,4.66));
#3489=CARTESIAN_POINT('',(38.7042221113603,80.1899291480399,5.4));
#3490=CARTESIAN_POINT('',(19.1137691056017,80.1747053607815,5.4));
#3491=CARTESIAN_POINT('',(38.7042221113603,80.1899291480399,4.66));
#3492=CARTESIAN_POINT('Origin',(40.9802216204146,77.9209934030726,4.66));
#3493=CARTESIAN_POINT('',(50.1834871463223,68.7462910188729,5.4));
#3494=CARTESIAN_POINT('Origin',(107.890442801326,80.243693923397,4.66));
#3495=CARTESIAN_POINT('',(108.304201096065,80.2440154559442,5.4));
#3496=CARTESIAN_POINT('',(53.913758597954,80.2017485147336,5.4));
#3497=CARTESIAN_POINT('',(108.304201096065,80.2440154559442,4.66));
#3498=CARTESIAN_POINT('Origin',(110.580200605119,77.9750797109769,4.66));
#3499=CARTESIAN_POINT('',(102.342906686584,86.1868084654051,5.4));
#3500=CARTESIAN_POINT('Origin',(177.49042178603,80.2977802313013,4.66));
#3501=CARTESIAN_POINT('',(88.7137480903062,80.2287916686858,5.4));
#3502=CARTESIAN_POINT('Origin',(201.88649860478,77.4796892324411,5.4));
#3503=CARTESIAN_POINT('',(207.052748,72.3134398372208,5.4));
#3504=CARTESIAN_POINT('',(207.052748,72.3134398372208,5.4));
#3505=CARTESIAN_POINT('',(170.784809214671,108.58137862255,5.4));
#3506=CARTESIAN_POINT('Origin',(207.052748,72.2305971247462,5.4));
#3507=CARTESIAN_POINT('',(207.052748,22.6909001627792,5.4));
#3508=CARTESIAN_POINT('',(207.052748,36.1149563057553,5.4));
#3509=CARTESIAN_POINT('',(207.052748,22.6909001627792,5.4));
#3510=CARTESIAN_POINT('',(207.052748,36.1149563057553,5.4));
#3511=CARTESIAN_POINT('Origin',(206.994169356237,22.6323215190165,5.4));
#3512=CARTESIAN_POINT('',(199.764017837221,15.40217,5.4));
#3513=CARTESIAN_POINT('',(199.764017837221,15.40217,5.4));
#3514=CARTESIAN_POINT('',(149.587217333782,-34.7746305034393,5.4));
#3515=CARTESIAN_POINT('Origin',(199.681175124746,15.40217,5.4));
#3516=CARTESIAN_POINT('',(179.804017837221,15.40217,5.4));
#3517=CARTESIAN_POINT('',(179.804017837221,15.40217,5.4));
#3518=CARTESIAN_POINT('',(99.8402712117062,15.40217,5.4));
#3519=CARTESIAN_POINT('Origin',(179.862596480984,15.4607486437627,5.4));
#3520=CARTESIAN_POINT('',(177.052748,12.6509001627792,5.4));
#3521=CARTESIAN_POINT('',(177.052748,12.6509001627792,5.4));
#3522=CARTESIAN_POINT('',(131.031430896154,-33.3704169410662,5.4));
#3523=CARTESIAN_POINT('Origin',(177.052748,12.7337428752538,5.4));
#3524=CARTESIAN_POINT('',(177.052748,6.36652918100909,5.4));
#3525=CARTESIAN_POINT('',(177.052748,-69.9553186317209,5.4));
#3526=CARTESIAN_POINT('',(177.052748,6.36652918100909,5.4));
#3527=CARTESIAN_POINT('',(177.052748,-69.9553186317209,5.4));
#3528=CARTESIAN_POINT('',(177.052748,6.36652918100909,5.4));
#3529=CARTESIAN_POINT('Origin',(176.994054237294,-70.0139169558399,5.4));
#3530=CARTESIAN_POINT('',(169.456881184841,-77.5388342401969,5.4));
#3531=CARTESIAN_POINT('',(169.456881184841,-77.5388342401969,5.4));
#3532=CARTESIAN_POINT('',(150.176658692552,-96.7877062600911,5.4));
#3533=CARTESIAN_POINT('Origin',(169.3739781373,-77.5387240416716,5.4));
#3534=CARTESIAN_POINT('',(84.6352888867551,-77.4260854974133,5.4));
#3535=CARTESIAN_POINT('',(84.6352888867551,-77.4260854974133,5.4));
#3536=CARTESIAN_POINT('',(84.6352888867551,-77.4260854974133,5.4));
#3537=CARTESIAN_POINT('',(84.6352888867551,-77.4260854974133,5.4));
#3538=CARTESIAN_POINT('',(-200.840823705641,-77.0466175822574,5.4));
#3539=CARTESIAN_POINT('',(84.6352888867551,-77.4260854974133,5.4));
#3540=CARTESIAN_POINT('',(-200.840823705641,-77.0466175822574,5.4));
#3541=CARTESIAN_POINT('',(84.6352888867551,-77.4260854974133,5.4));
#3542=CARTESIAN_POINT('Origin',(-200.899312795072,-76.9880293504437,5.4));
#3543=CARTESIAN_POINT('',(-207.053211980978,-70.8236989502392,5.4));
#3544=CARTESIAN_POINT('',(-207.053211980978,-70.8236989502392,5.4));
#3545=CARTESIAN_POINT('',(-170.006512938846,-107.933194285435,5.4));
#3546=CARTESIAN_POINT('Origin',(-207.053169774908,-70.7408957389739,5.4));
#3547=CARTESIAN_POINT('',(-207.035114195815,-35.3180303985136,5.4));
#3548=CARTESIAN_POINT('',(-207.035114195815,-35.3180303985136,5.4));
#3549=CARTESIAN_POINT('',(-206.981289560812,70.2794022764088,5.4));
#3550=CARTESIAN_POINT('',(-207.035114195815,-35.3180303985136,5.4));
#3551=CARTESIAN_POINT('',(-206.981289560812,70.2794022764087,5.4));
#3552=CARTESIAN_POINT('',(-207.035114195815,-35.3180303985136,5.4));
#3553=CARTESIAN_POINT('Origin',(-206.922753138794,70.3379386984271,5.4));
#3554=CARTESIAN_POINT('',(-172.776878832344,104.483813004876,5.4));
#3555=CARTESIAN_POINT('Origin',(210.852748,73.8874513742386,5.4));
#3556=CARTESIAN_POINT('',(210.852748,73.8874513742386,5.4));
#3557=CARTESIAN_POINT('',(203.400643745627,81.3395556286113,5.4));
#3558=CARTESIAN_POINT('',(210.852748,73.8874513742386,5.4));
#3559=CARTESIAN_POINT('Origin',(210.852748,21.1168886257614,5.4));
#3560=CARTESIAN_POINT('',(210.852748,21.1168886257614,5.4));
#3561=CARTESIAN_POINT('',(210.852748,73.8874513742386,5.4));
#3562=CARTESIAN_POINT('',(210.852748,21.1168886257614,5.4));
#3563=CARTESIAN_POINT('Origin',(201.338029374239,11.60217,5.4));
#3564=CARTESIAN_POINT('',(201.338029374239,11.60217,5.4));
#3565=CARTESIAN_POINT('',(210.852748,21.1168886257614,5.4));
#3566=CARTESIAN_POINT('',(201.338029374239,11.60217,5.4));
#3567=CARTESIAN_POINT('Origin',(181.378029374239,11.60217,5.4));
#3568=CARTESIAN_POINT('',(181.378029374239,11.60217,5.4));
#3569=CARTESIAN_POINT('',(201.338029374239,11.60217,5.4));
#3570=CARTESIAN_POINT('',(181.378029374239,11.60217,5.4));
#3571=CARTESIAN_POINT('Origin',(180.852748,11.0768886257614,5.4));
#3572=CARTESIAN_POINT('',(180.852748,11.0768886257614,5.4));
#3573=CARTESIAN_POINT('',(181.378029374239,11.60217,5.4));
#3574=CARTESIAN_POINT('',(180.852748,11.0768886257614,5.4));
#3575=CARTESIAN_POINT('Origin',(180.852748,-71.5311417228752,5.4));
#3576=CARTESIAN_POINT('',(180.852748,-71.5311417228752,5.4));
#3577=CARTESIAN_POINT('',(180.852748,11.0768886257614,5.4));
#3578=CARTESIAN_POINT('',(180.852748,-71.5311417228752,5.4));
#3579=CARTESIAN_POINT('Origin',(171.026987958656,-81.3409246550825,5.4));
#3580=CARTESIAN_POINT('',(171.026987958656,-81.3409246550825,5.4));
#3581=CARTESIAN_POINT('',(180.852748,-71.5311417228752,5.4));
#3582=CARTESIAN_POINT('',(171.026987958656,-81.3409246550825,5.4));
#3583=CARTESIAN_POINT('Origin',(-202.418811197202,-80.8445234061565,5.4));
#3584=CARTESIAN_POINT('',(-202.418811197202,-80.8445234061565,5.4));
#3585=CARTESIAN_POINT('',(171.026987958656,-81.3409246550825,5.4));
#3586=CARTESIAN_POINT('',(-202.418811197202,-80.8445234061565,5.4));
#3587=CARTESIAN_POINT('Origin',(-210.854013402667,-72.3950230461069,5.4));
#3588=CARTESIAN_POINT('',(-210.854013402667,-72.3950230461069,5.4));
#3589=CARTESIAN_POINT('',(-202.418811197202,-80.8445234061565,5.4));
#3590=CARTESIAN_POINT('',(-210.854013402667,-72.3950230461069,5.4));
#3591=CARTESIAN_POINT('Origin',(-210.780487347669,71.8542160265693,5.4));
#3592=CARTESIAN_POINT('',(-210.780487347669,71.8542160265693,5.4));
#3593=CARTESIAN_POINT('',(-210.854013402667,-72.3950230461069,5.4));
#3594=CARTESIAN_POINT('',(-210.780487347669,71.8542160265693,5.4));
#3595=CARTESIAN_POINT('Origin',(-201.609882381185,81.0248209930535,5.4));
#3596=CARTESIAN_POINT('',(-210.780487347669,71.8542160265693,5.4));
#3597=CARTESIAN_POINT('Origin',(-0.000632701333742602,-0.000684513235604811,
5.4));
#3598=UNCERTAINTY_MEASURE_WITH_UNIT(LENGTH_MEASURE(0.01),#3602,
'DISTANCE_ACCURACY_VALUE',
'Maximum model space distance between geometric entities at asserted c
onnectivities');
#3599=UNCERTAINTY_MEASURE_WITH_UNIT(LENGTH_MEASURE(0.01),#3602,
'DISTANCE_ACCURACY_VALUE',
'Maximum model space distance between geometric entities at asserted c
onnectivities');
#3600=(
GEOMETRIC_REPRESENTATION_CONTEXT(3)
GLOBAL_UNCERTAINTY_ASSIGNED_CONTEXT((#3598))
GLOBAL_UNIT_ASSIGNED_CONTEXT((#3602,#3604,#3605))
REPRESENTATION_CONTEXT('','3D')
);
#3601=(
GEOMETRIC_REPRESENTATION_CONTEXT(3)
GLOBAL_UNCERTAINTY_ASSIGNED_CONTEXT((#3599))
GLOBAL_UNIT_ASSIGNED_CONTEXT((#3602,#3604,#3605))
REPRESENTATION_CONTEXT('','3D')
);
#3602=(
LENGTH_UNIT()
NAMED_UNIT(*)
SI_UNIT(.MILLI.,.METRE.)
);
#3603=(
LENGTH_UNIT()
NAMED_UNIT(*)
SI_UNIT($,.METRE.)
);
#3604=(
NAMED_UNIT(*)
PLANE_ANGLE_UNIT()
SI_UNIT($,.RADIAN.)
);
#3605=(
NAMED_UNIT(*)
SI_UNIT($,.STERADIAN.)
SOLID_ANGLE_UNIT()
);
#3606=SHAPE_DEFINITION_REPRESENTATION(#3607,#3608);
#3607=PRODUCT_DEFINITION_SHAPE('',$,#3610);
#3608=SHAPE_REPRESENTATION('',(#2274),#3600);
#3609=PRODUCT_DEFINITION_CONTEXT('part definition',#3614,'design');
#3610=PRODUCT_DEFINITION('2026-09-11-23-24-59-591','case-top',#3611,#3609);
#3611=PRODUCT_DEFINITION_FORMATION('',$,#3616);
#3612=PRODUCT_RELATED_PRODUCT_CATEGORY('case-top','case-top',(#3616));
#3613=APPLICATION_PROTOCOL_DEFINITION('international standard',
'automotive_design',2009,#3614);
#3614=APPLICATION_CONTEXT(
'Core Data for Automotive Mechanical Design Process');
#3615=PRODUCT_CONTEXT('part definition',#3614,'mechanical');
#3616=PRODUCT('2026-09-11-23-24-59-591','case-top',$,(#3615));
#3617=PRESENTATION_STYLE_ASSIGNMENT((#3619));
#3618=PRESENTATION_STYLE_ASSIGNMENT((#3620));
#3619=SURFACE_STYLE_USAGE(.BOTH.,#3621);
#3620=SURFACE_STYLE_USAGE(.BOTH.,#3622);
#3621=SURFACE_SIDE_STYLE('',(#3623));
#3622=SURFACE_SIDE_STYLE('',(#3624));
#3623=SURFACE_STYLE_FILL_AREA(#3625);
#3624=SURFACE_STYLE_FILL_AREA(#3626);
#3625=FILL_AREA_STYLE('Steel - Satin',(#3627));
#3626=FILL_AREA_STYLE('ABS Orange matte',(#3628));
#3627=FILL_AREA_STYLE_COLOUR('Steel - Satin',#3629);
#3628=FILL_AREA_STYLE_COLOUR('ABS Orange matte',#3630);
#3629=COLOUR_RGB('Steel - Satin',0.627450980392157,0.627450980392157,0.627450980392157);
#3630=COLOUR_RGB('ABS Orange matte',1.,0.72156862745098,0.423529411764706);
ENDSEC;
END-ISO-10303-21;
