  0
SECTION
  2
HEADER
  9
$ACADVER
  1
AC1018
  9
$HANDSEED
  5
FFFFFFFF
  9
$ANGBASE
  50
0.0
  9
$ANGDIR
  70
1
  9
$MEASUREMENT
  70
1
  9
$INSUNITS
  70
4
  0
ENDSEC
  0
SECTION
  2
TABLES
  0
TABLE
  2
APPID
  5
1
330
0
100
AcDbSymbolTable
 70
1
  0
APPID
  5
2
330
1
100
AcDbSymbolTableRecord
100
AcDbRegAppTableRecord
  2
ACAD
 70
0
  0
ENDTAB
  0
TABLE
  2
LTYPE
  5
3
330
0
100
AcDbSymbolTable
 70
6
  0
LTYPE
  5
4
330
3
100
AcDbSymbolTableRecord
100
AcDbLinetypeTableRecord
  2
ByBlock
 70
0
  3

 72
65
 73
0
 40
0
  0
LTYPE
  5
5
330
3
100
AcDbSymbolTableRecord
100
AcDbLinetypeTableRecord
  2
ByLayer
 70
0
  3

 72
65
 73
0
 40
0
  0
LTYPE
  5
6
330
3
100
AcDbSymbolTableRecord
100
AcDbLinetypeTableRecord
  2
CONTINUOUS
 70
0
  3
Solid line
 72
65
 73
0
 40
0
  0
LTYPE
  5
7
330
3
100
AcDbSymbolTableRecord
100
AcDbLinetypeTableRecord
  2
DASHDOT
 70
0
  3
Dash Dot ____ _ ____ _
 72
65
 73
4
 40
2
 49
1.25
 74
0
 49
-0.25
 74
0
 49
0.25
 74
0
 49
-0.25
 74
0
  0
LTYPE
  5
8
330
3
100
AcDbSymbolTableRecord
100
AcDbLinetypeTableRecord
  2
DASHED
 70
0
  3
Dashed __ __ __ __ __
 72
65
 73
2
 40
0.75
 49
0.5
 74
0
 49
-0.25
 74
0
  0
LTYPE
  5
9
330
3
100
AcDbSymbolTableRecord
100
AcDbLinetypeTableRecord
  2
DOTTED
 70
0
  3
Dotted .  .  .  .
 72
65
 73
2
 40
0.2
 49
0.0
 74
0
 49
-0.2
 74
0
  0
ENDTAB
  0
TABLE
  2
STYLE
  5
A
330
0
100
AcDbSymbolTable
 70
4
  0
STYLE
  5
B
330
A
100
AcDbSymbolTableRecord
100
AcDbTextStyleTableRecord
  2
KICAD
 70
0
 40
0
 41
1
 42
1
 50
0
 71
0
  3
isocp.shx
  0
STYLE
  5
C
330
A
100
AcDbSymbolTableRecord
100
AcDbTextStyleTableRecord
  2
KICADB
 70
0
 40
0
 41
1
 42
1
 50
0
 71
0
  3
isocp.shx
  0
STYLE
  5
D
330
A
100
AcDbSymbolTableRecord
100
AcDbTextStyleTableRecord
  2
KICADI
 70
0
 40
0
 41
1
 42
1
 50
15
 71
0
  3
isocp.shx
  0
STYLE
  5
E
330
A
100
AcDbSymbolTableRecord
100
AcDbTextStyleTableRecord
  2
KICADBI
 70
0
 40
0
 41
1
 42
1
 50
15
 71
0
  3
isocp.shx
  0
ENDTAB
  0
TABLE
  2
LAYER
  5
F
330
0
100
AcDbSymbolTable
 70
2
  0
LAYER
  5
12
330
F
100
AcDbSymbolTableRecord
100
AcDbLayerTableRecord
  2
0
 70
0
 62
7
  6
CONTINUOUS
390
10
  0
LAYER
  5
13
330
F
100
AcDbSymbolTableRecord
100
AcDbLayerTableRecord
  2
F.Courtyard
 70
0
 62
6
420
16721634
  6
CONTINUOUS
390
10
  0
ENDTAB
  0
TABLE
  2
VPORT
  5
14
330
0
100
AcDbSymbolTable
 70
0
  0
ENDTAB
  0
TABLE
  2
VIEW
  5
15
330
0
100
AcDbSymbolTable
 70
0
  0
ENDTAB
  0
TABLE
  2
UCS
  5
16
330
0
100
AcDbSymbolTable
 70
0
  0
ENDTAB
  0
TABLE
  2
DIMSTYLE
  5
17
330
0
100
AcDbSymbolTable
 70
1
100
AcDbDimStyleTable
 71
0
  0
DIMSTYLE
105
18
330
17
100
AcDbSymbolTableRecord
100
AcDbDimStyleTableRecord
  2
Standard
 70
0
  0
ENDTAB
  0
TABLE
  2
BLOCK_RECORD
  5
19
330
0
100
AcDbSymbolTable
 70
3
  0
BLOCK_RECORD
  5
1A
330
19
100
AcDbSymbolTableRecord
100
AcDbBlockTableRecord
  2
*Model_Space
340
1D
 70
0
280
1
281
0
  0
BLOCK_RECORD
  5
1B
330
19
100
AcDbSymbolTableRecord
100
AcDbBlockTableRecord
  2
*Paper_Space
340
1E
 70
0
280
1
281
0
  0
BLOCK_RECORD
  5
1C
330
19
100
AcDbSymbolTableRecord
100
AcDbBlockTableRecord
  2
*Paper_Space0
340
1F
 70
0
280
1
281
0
  0
ENDTAB
  0
ENDSEC
  0
SECTION
  2
BLOCKS
  0
BLOCK
  5
23
330
1A
100
AcDbEntity
  8
0
100
AcDbBlockBegin
  2
*Model_Space
 70
0
 10
0.0
 20
0.0
 30
0.0
  3
*Model_Space
  1

  0
ENDBLK
  5
22
330
1A
100
AcDbEntity
  8
0
100
AcDbBlockEnd
  0
BLOCK
  5
25
330
1B
100
AcDbEntity
 67
1
  8
0
100
AcDbBlockBegin
  2
*Paper_Space
 70
0
 10
0.0
 20
0.0
 30
0.0
  3
*Paper_Space
  1

  0
ENDBLK
  5
24
330
1B
100
AcDbEntity
 67
1
  8
0
100
AcDbBlockEnd
  0
BLOCK
  5
27
330
1C
100
AcDbEntity
 67
1
  8
0
100
AcDbBlockBegin
  2
*Paper_Space0
 70
0
 10
0.0
 20
0.0
 30
0.0
  3
*Paper_Space0
  1

  0
ENDBLK
  5
26
330
1C
100
AcDbEntity
 67
1
  8
0
100
AcDbBlockEnd
  0
ENDSEC
  0
SECTION
  2
ENTITIES
  0
LINE
  5
28
330
1A
100
AcDbEntity
  8
F.Courtyard
  6
CONTINUOUS
100
AcDbLine
 10
327.4789419999999609
 20
-148.0712780000000066
 30
0
 11
327.4924719999999638
 21
-148.0848079999999811
 31
0
  0
LINE
  5
29
330
1A
100
AcDbEntity
  8
F.Courtyard
  6
CONTINUOUS
100
AcDbLine
 10
327.4924719999999638
 20
-148.0848079999999811
 30
0
 11
327.4943749999999909
 21
-148.0943749999999852
 31
0
  0
LINE
  5
2A
330
1A
100
AcDbEntity
  8
F.Courtyard
  6
CONTINUOUS
100
AcDbLine
 10
327.4943749999999909
 20
-148.0943749999999852
 30
0
 11
327.4943749999999909
 21
-162.5943749999999852
 31
0
  0
LINE
  5
2B
330
1A
100
AcDbEntity
  8
F.Courtyard
  6
CONTINUOUS
100
AcDbLine
 10
327.4943749999999909
 20
-162.5943749999999852
 30
0
 11
327.4924719999999638
 21
-162.6039419999999893
 31
0
  0
LINE
  5
2C
330
1A
100
AcDbEntity
  8
F.Courtyard
  6
CONTINUOUS
100
AcDbLine
 10
327.4924719999999638
 20
-162.6039419999999893
 30
0
 11
327.4789419999999609
 21
-162.6174719999999922
 31
0
  0
LINE
  5
2D
330
1A
100
AcDbEntity
  8
F.Courtyard
  6
CONTINUOUS
100
AcDbLine
 10
327.4789419999999609
 20
-162.6174719999999922
 30
0
 11
327.4693749999999568
 21
-162.6193749999999909
 31
0
  0
LINE
  5
2E
330
1A
100
AcDbEntity
  8
F.Courtyard
  6
CONTINUOUS
100
AcDbLine
 10
327.4693749999999568
 20
-162.6193749999999909
 30
0
 11
312.9693750000000136
 21
-162.6193749999999909
 31
0
  0
LINE
  5
2F
330
1A
100
AcDbEntity
  8
F.Courtyard
  6
CONTINUOUS
100
AcDbLine
 10
312.9693750000000136
 20
-162.6193749999999909
 30
0
 11
312.9598080000000095
 21
-162.6174719999999922
 31
0
  0
LINE
  5
30
330
1A
100
AcDbEntity
  8
F.Courtyard
  6
CONTINUOUS
100
AcDbLine
 10
312.9598080000000095
 20
-162.6174719999999922
 30
0
 11
312.9462780000000066
 21
-162.6039419999999893
 31
0
  0
LINE
  5
31
330
1A
100
AcDbEntity
  8
F.Courtyard
  6
CONTINUOUS
100
AcDbLine
 10
312.9462780000000066
 20
-162.6039419999999893
 30
0
 11
312.9443749999999795
 21
-162.5943749999999852
 31
0
  0
LINE
  5
32
330
1A
100
AcDbEntity
  8
F.Courtyard
  6
CONTINUOUS
100
AcDbLine
 10
312.9443749999999795
 20
-162.5943749999999852
 30
0
 11
312.9443749999999795
 21
-148.0943749999999852
 31
0
  0
LINE
  5
33
330
1A
100
AcDbEntity
  8
F.Courtyard
  6
CONTINUOUS
100
AcDbLine
 10
312.9443749999999795
 20
-148.0943749999999852
 30
0
 11
312.9462780000000066
 21
-148.0848079999999811
 31
0
  0
LINE
  5
34
330
1A
100
AcDbEntity
  8
F.Courtyard
  6
CONTINUOUS
100
AcDbLine
 10
312.9462780000000066
 20
-148.0848079999999811
 30
0
 11
312.9598080000000095
 21
-148.0712780000000066
 31
0
  0
LINE
  5
35
330
1A
100
AcDbEntity
  8
F.Courtyard
  6
CONTINUOUS
100
AcDbLine
 10
312.9598080000000095
 20
-148.0712780000000066
 30
0
 11
312.9693750000000136
 21
-148.0693749999999795
 31
0
  0
LINE
  5
36
330
1A
100
AcDbEntity
  8
F.Courtyard
  6
CONTINUOUS
100
AcDbLine
 10
312.9693750000000136
 20
-148.0693749999999795
 30
0
 11
327.4693749999999568
 21
-148.0693749999999795
 31
0
  0
LINE
  5
37
330
1A
100
AcDbEntity
  8
F.Courtyard
  6
CONTINUOUS
100
AcDbLine
 10
327.4693749999999568
 20
-148.0693749999999795
 30
0
 11
327.4789419999999609
 21
-148.0712780000000066
 31
0
  0
LINE
  5
38
330
1A
100
AcDbEntity
  8
F.Courtyard
  6
CONTINUOUS
100
AcDbLine
 10
312.9943749999999909
 20
-148.1193749999999909
 30
0
 11
312.9943749999999909
 21
-162.5693749999999795
 31
0
  0
LINE
  5
39
330
1A
100
AcDbEntity
  8
F.Courtyard
  6
CONTINUOUS
100
AcDbLine
 10
312.9943749999999909
 20
-162.5693749999999795
 30
0
 11
327.4443749999999795
 21
-162.5693749999999795
 31
0
  0
LINE
  5
3A
330
1A
100
AcDbEntity
  8
F.Courtyard
  6
CONTINUOUS
100
AcDbLine
 10
327.4443749999999795
 20
-162.5693749999999795
 30
0
 11
327.4443749999999795
 21
-148.1193749999999909
 31
0
  0
LINE
  5
3B
330
1A
100
AcDbEntity
  8
F.Courtyard
  6
CONTINUOUS
100
AcDbLine
 10
327.4443749999999795
 20
-148.1193749999999909
 30
0
 11
312.9943749999999909
 21
-148.1193749999999909
 31
0
  0
LINE
  5
3C
330
1A
100
AcDbEntity
  8
F.Courtyard
  6
CONTINUOUS
100
AcDbLine
 10
346.5289419999999723
 20
-148.0712780000000066
 30
0
 11
346.5424719999999752
 21
-148.0848079999999811
 31
0
  0
LINE
  5
3D
330
1A
100
AcDbEntity
  8
F.Courtyard
  6
CONTINUOUS
100
AcDbLine
 10
346.5424719999999752
 20
-148.0848079999999811
 30
0
 11
346.5443750000000023
 21
-148.0943749999999852
 31
0
  0
LINE
  5
3E
330
1A
100
AcDbEntity
  8
F.Courtyard
  6
CONTINUOUS
100
AcDbLine
 10
346.5443750000000023
 20
-148.0943749999999852
 30
0
 11
346.5443750000000023
 21
-162.5943749999999852
 31
0
  0
LINE
  5
3F
330
1A
100
AcDbEntity
  8
F.Courtyard
  6
CONTINUOUS
100
AcDbLine
 10
346.5443750000000023
 20
-162.5943749999999852
 30
0
 11
346.5424719999999752
 21
-162.6039419999999893
 31
0
  0
LINE
  5
40
330
1A
100
AcDbEntity
  8
F.Courtyard
  6
CONTINUOUS
100
AcDbLine
 10
346.5424719999999752
 20
-162.6039419999999893
 30
0
 11
346.5289419999999723
 21
-162.6174719999999922
 31
0
  0
LINE
  5
41
330
1A
100
AcDbEntity
  8
F.Courtyard
  6
CONTINUOUS
100
AcDbLine
 10
346.5289419999999723
 20
-162.6174719999999922
 30
0
 11
346.5193749999999682
 21
-162.6193749999999909
 31
0
  0
LINE
  5
42
330
1A
100
AcDbEntity
  8
F.Courtyard
  6
CONTINUOUS
100
AcDbLine
 10
346.5193749999999682
 20
-162.6193749999999909
 30
0
 11
332.0193749999999682
 21
-162.6193749999999909
 31
0
  0
LINE
  5
43
330
1A
100
AcDbEntity
  8
F.Courtyard
  6
CONTINUOUS
100
AcDbLine
 10
332.0193749999999682
 20
-162.6193749999999909
 30
0
 11
332.0098079999999641
 21
-162.6174719999999922
 31
0
  0
LINE
  5
44
330
1A
100
AcDbEntity
  8
F.Courtyard
  6
CONTINUOUS
100
AcDbLine
 10
332.0098079999999641
 20
-162.6174719999999922
 30
0
 11
331.9962779999999611
 21
-162.6039419999999893
 31
0
  0
LINE
  5
45
330
1A
100
AcDbEntity
  8
F.Courtyard
  6
CONTINUOUS
100
AcDbLine
 10
331.9962779999999611
 20
-162.6039419999999893
 30
0
 11
331.9943749999999909
 21
-162.5943749999999852
 31
0
  0
LINE
  5
46
330
1A
100
AcDbEntity
  8
F.Courtyard
  6
CONTINUOUS
100
AcDbLine
 10
331.9943749999999909
 20
-162.5943749999999852
 30
0
 11
331.9943749999999909
 21
-148.0943749999999852
 31
0
  0
LINE
  5
47
330
1A
100
AcDbEntity
  8
F.Courtyard
  6
CONTINUOUS
100
AcDbLine
 10
331.9943749999999909
 20
-148.0943749999999852
 30
0
 11
331.9962779999999611
 21
-148.0848079999999811
 31
0
  0
LINE
  5
48
330
1A
100
AcDbEntity
  8
F.Courtyard
  6
CONTINUOUS
100
AcDbLine
 10
331.9962779999999611
 20
-148.0848079999999811
 30
0
 11
332.0098079999999641
 21
-148.0712780000000066
 31
0
  0
LINE
  5
49
330
1A
100
AcDbEntity
  8
F.Courtyard
  6
CONTINUOUS
100
AcDbLine
 10
332.0098079999999641
 20
-148.0712780000000066
 30
0
 11
332.0193749999999682
 21
-148.0693749999999795
 31
0
  0
LINE
  5
4A
330
1A
100
AcDbEntity
  8
F.Courtyard
  6
CONTINUOUS
100
AcDbLine
 10
332.0193749999999682
 20
-148.0693749999999795
 30
0
 11
346.5193749999999682
 21
-148.0693749999999795
 31
0
  0
LINE
  5
4B
330
1A
100
AcDbEntity
  8
F.Courtyard
  6
CONTINUOUS
100
AcDbLine
 10
346.5193749999999682
 20
-148.0693749999999795
 30
0
 11
346.5289419999999723
 21
-148.0712780000000066
 31
0
  0
LINE
  5
4C
330
1A
100
AcDbEntity
  8
F.Courtyard
  6
CONTINUOUS
100
AcDbLine
 10
332.0443750000000023
 20
-148.1193749999999909
 30
0
 11
332.0443750000000023
 21
-162.5693749999999795
 31
0
  0
LINE
  5
4D
330
1A
100
AcDbEntity
  8
F.Courtyard
  6
CONTINUOUS
100
AcDbLine
 10
332.0443750000000023
 20
-162.5693749999999795
 30
0
 11
346.4943749999999909
 21
-162.5693749999999795
 31
0
  0
LINE
  5
4E
330
1A
100
AcDbEntity
  8
F.Courtyard
  6
CONTINUOUS
100
AcDbLine
 10
346.4943749999999909
 20
-162.5693749999999795
 30
0
 11
346.4943749999999909
 21
-148.1193749999999909
 31
0
  0
LINE
  5
4F
330
1A
100
AcDbEntity
  8
F.Courtyard
  6
CONTINUOUS
100
AcDbLine
 10
346.4943749999999909
 20
-148.1193749999999909
 30
0
 11
332.0443750000000023
 21
-148.1193749999999909
 31
0
  0
LINE
  5
50
330
1A
100
AcDbEntity
  8
F.Courtyard
  6
CONTINUOUS
100
AcDbLine
 10
365.5789419999999836
 20
-148.0712780000000066
 30
0
 11
365.5924719999999866
 21
-148.0848079999999811
 31
0
  0
LINE
  5
51
330
1A
100
AcDbEntity
  8
F.Courtyard
  6
CONTINUOUS
100
AcDbLine
 10
365.5924719999999866
 20
-148.0848079999999811
 30
0
 11
365.5943749999999568
 21
-148.0943749999999852
 31
0
  0
LINE
  5
52
330
1A
100
AcDbEntity
  8
F.Courtyard
  6
CONTINUOUS
100
AcDbLine
 10
365.5943749999999568
 20
-148.0943749999999852
 30
0
 11
365.5943749999999568
 21
-162.5943749999999852
 31
0
  0
LINE
  5
53
330
1A
100
AcDbEntity
  8
F.Courtyard
  6
CONTINUOUS
100
AcDbLine
 10
365.5943749999999568
 20
-162.5943749999999852
 30
0
 11
365.5924719999999866
 21
-162.6039419999999893
 31
0
  0
LINE
  5
54
330
1A
100
AcDbEntity
  8
F.Courtyard
  6
CONTINUOUS
100
AcDbLine
 10
365.5924719999999866
 20
-162.6039419999999893
 30
0
 11
365.5789419999999836
 21
-162.6174719999999922
 31
0
  0
LINE
  5
55
330
1A
100
AcDbEntity
  8
F.Courtyard
  6
CONTINUOUS
100
AcDbLine
 10
365.5789419999999836
 20
-162.6174719999999922
 30
0
 11
365.5693749999999795
 21
-162.6193749999999909
 31
0
  0
LINE
  5
56
330
1A
100
AcDbEntity
  8
F.Courtyard
  6
CONTINUOUS
100
AcDbLine
 10
365.5693749999999795
 20
-162.6193749999999909
 30
0
 11
351.0693749999999795
 21
-162.6193749999999909
 31
0
  0
LINE
  5
57
330
1A
100
AcDbEntity
  8
F.Courtyard
  6
CONTINUOUS
100
AcDbLine
 10
351.0693749999999795
 20
-162.6193749999999909
 30
0
 11
351.0598079999999754
 21
-162.6174719999999922
 31
0
  0
LINE
  5
58
330
1A
100
AcDbEntity
  8
F.Courtyard
  6
CONTINUOUS
100
AcDbLine
 10
351.0598079999999754
 20
-162.6174719999999922
 30
0
 11
351.0462779999999725
 21
-162.6039419999999893
 31
0
  0
LINE
  5
59
330
1A
100
AcDbEntity
  8
F.Courtyard
  6
CONTINUOUS
100
AcDbLine
 10
351.0462779999999725
 20
-162.6039419999999893
 30
0
 11
351.0443750000000023
 21
-162.5943749999999852
 31
0
  0
LINE
  5
5A
330
1A
100
AcDbEntity
  8
F.Courtyard
  6
CONTINUOUS
100
AcDbLine
 10
351.0443750000000023
 20
-162.5943749999999852
 30
0
 11
351.0443750000000023
 21
-148.0943749999999852
 31
0
  0
LINE
  5
5B
330
1A
100
AcDbEntity
  8
F.Courtyard
  6
CONTINUOUS
100
AcDbLine
 10
351.0443750000000023
 20
-148.0943749999999852
 30
0
 11
351.0462779999999725
 21
-148.0848079999999811
 31
0
  0
LINE
  5
5C
330
1A
100
AcDbEntity
  8
F.Courtyard
  6
CONTINUOUS
100
AcDbLine
 10
351.0462779999999725
 20
-148.0848079999999811
 30
0
 11
351.0598079999999754
 21
-148.0712780000000066
 31
0
  0
LINE
  5
5D
330
1A
100
AcDbEntity
  8
F.Courtyard
  6
CONTINUOUS
100
AcDbLine
 10
351.0598079999999754
 20
-148.0712780000000066
 30
0
 11
351.0693749999999795
 21
-148.0693749999999795
 31
0
  0
LINE
  5
5E
330
1A
100
AcDbEntity
  8
F.Courtyard
  6
CONTINUOUS
100
AcDbLine
 10
351.0693749999999795
 20
-148.0693749999999795
 30
0
 11
365.5693749999999795
 21
-148.0693749999999795
 31
0
  0
LINE
  5
5F
330
1A
100
AcDbEntity
  8
F.Courtyard
  6
CONTINUOUS
100
AcDbLine
 10
365.5693749999999795
 20
-148.0693749999999795
 30
0
 11
365.5789419999999836
 21
-148.0712780000000066
 31
0
  0
LINE
  5
60
330
1A
100
AcDbEntity
  8
F.Courtyard
  6
CONTINUOUS
100
AcDbLine
 10
351.0943749999999568
 20
-148.1193749999999909
 30
0
 11
351.0943749999999568
 21
-162.5693749999999795
 31
0
  0
LINE
  5
61
330
1A
100
AcDbEntity
  8
F.Courtyard
  6
CONTINUOUS
100
AcDbLine
 10
351.0943749999999568
 20
-162.5693749999999795
 30
0
 11
365.5443750000000023
 21
-162.5693749999999795
 31
0
  0
LINE
  5
62
330
1A
100
AcDbEntity
  8
F.Courtyard
  6
CONTINUOUS
100
AcDbLine
 10
365.5443750000000023
 20
-162.5693749999999795
 30
0
 11
365.5443750000000023
 21
-148.1193749999999909
 31
0
  0
LINE
  5
63
330
1A
100
AcDbEntity
  8
F.Courtyard
  6
CONTINUOUS
100
AcDbLine
 10
365.5443750000000023
 20
-148.1193749999999909
 30
0
 11
351.0943749999999568
 21
-148.1193749999999909
 31
0
  0
LINE
  5
64
330
1A
100
AcDbEntity
  8
F.Courtyard
  6
CONTINUOUS
100
AcDbLine
 10
389.3914419999999836
 20
-148.0712780000000066
 30
0
 11
389.4049719999999866
 21
-148.0848079999999811
 31
0
  0
LINE
  5
65
330
1A
100
AcDbEntity
  8
F.Courtyard
  6
CONTINUOUS
100
AcDbLine
 10
389.4049719999999866
 20
-148.0848079999999811
 30
0
 11
389.4068749999999568
 21
-148.0943749999999852
 31
0
  0
LINE
  5
66
330
1A
100
AcDbEntity
  8
F.Courtyard
  6
CONTINUOUS
100
AcDbLine
 10
389.4068749999999568
 20
-148.0943749999999852
 30
0
 11
389.4068749999999568
 21
-162.5943749999999852
 31
0
  0
LINE
  5
67
330
1A
100
AcDbEntity
  8
F.Courtyard
  6
CONTINUOUS
100
AcDbLine
 10
389.4068749999999568
 20
-162.5943749999999852
 30
0
 11
389.4049719999999866
 21
-162.6039419999999893
 31
0
  0
LINE
  5
68
330
1A
100
AcDbEntity
  8
F.Courtyard
  6
CONTINUOUS
100
AcDbLine
 10
389.4049719999999866
 20
-162.6039419999999893
 30
0
 11
389.3914419999999836
 21
-162.6174719999999922
 31
0
  0
LINE
  5
69
330
1A
100
AcDbEntity
  8
F.Courtyard
  6
CONTINUOUS
100
AcDbLine
 10
389.3914419999999836
 20
-162.6174719999999922
 30
0
 11
389.3818749999999795
 21
-162.6193749999999909
 31
0
  0
LINE
  5
6A
330
1A
100
AcDbEntity
  8
F.Courtyard
  6
CONTINUOUS
100
AcDbLine
 10
389.3818749999999795
 20
-162.6193749999999909
 30
0
 11
374.8818749999999795
 21
-162.6193749999999909
 31
0
  0
LINE
  5
6B
330
1A
100
AcDbEntity
  8
F.Courtyard
  6
CONTINUOUS
100
AcDbLine
 10
374.8818749999999795
 20
-162.6193749999999909
 30
0
 11
374.8723079999999754
 21
-162.6174719999999922
 31
0
  0
LINE
  5
6C
330
1A
100
AcDbEntity
  8
F.Courtyard
  6
CONTINUOUS
100
AcDbLine
 10
374.8723079999999754
 20
-162.6174719999999922
 30
0
 11
374.8587779999999725
 21
-162.6039419999999893
 31
0
  0
LINE
  5
6D
330
1A
100
AcDbEntity
  8
F.Courtyard
  6
CONTINUOUS
100
AcDbLine
 10
374.8587779999999725
 20
-162.6039419999999893
 30
0
 11
374.8568750000000023
 21
-162.5943749999999852
 31
0
  0
LINE
  5
6E
330
1A
100
AcDbEntity
  8
F.Courtyard
  6
CONTINUOUS
100
AcDbLine
 10
374.8568750000000023
 20
-162.5943749999999852
 30
0
 11
374.8568750000000023
 21
-148.0943749999999852
 31
0
  0
LINE
  5
6F
330
1A
100
AcDbEntity
  8
F.Courtyard
  6
CONTINUOUS
100
AcDbLine
 10
374.8568750000000023
 20
-148.0943749999999852
 30
0
 11
374.8587779999999725
 21
-148.0848079999999811
 31
0
  0
LINE
  5
70
330
1A
100
AcDbEntity
  8
F.Courtyard
  6
CONTINUOUS
100
AcDbLine
 10
374.8587779999999725
 20
-148.0848079999999811
 30
0
 11
374.8723079999999754
 21
-148.0712780000000066
 31
0
  0
LINE
  5
71
330
1A
100
AcDbEntity
  8
F.Courtyard
  6
CONTINUOUS
100
AcDbLine
 10
374.8723079999999754
 20
-148.0712780000000066
 30
0
 11
374.8818749999999795
 21
-148.0693749999999795
 31
0
  0
LINE
  5
72
330
1A
100
AcDbEntity
  8
F.Courtyard
  6
CONTINUOUS
100
AcDbLine
 10
374.8818749999999795
 20
-148.0693749999999795
 30
0
 11
389.3818749999999795
 21
-148.0693749999999795
 31
0
  0
LINE
  5
73
330
1A
100
AcDbEntity
  8
F.Courtyard
  6
CONTINUOUS
100
AcDbLine
 10
389.3818749999999795
 20
-148.0693749999999795
 30
0
 11
389.3914419999999836
 21
-148.0712780000000066
 31
0
  0
LINE
  5
74
330
1A
100
AcDbEntity
  8
F.Courtyard
  6
CONTINUOUS
100
AcDbLine
 10
374.9068749999999568
 20
-148.1193749999999909
 30
0
 11
374.9068749999999568
 21
-162.5693749999999795
 31
0
  0
LINE
  5
75
330
1A
100
AcDbEntity
  8
F.Courtyard
  6
CONTINUOUS
100
AcDbLine
 10
374.9068749999999568
 20
-162.5693749999999795
 30
0
 11
389.3568750000000023
 21
-162.5693749999999795
 31
0
  0
LINE
  5
76
330
1A
100
AcDbEntity
  8
F.Courtyard
  6
CONTINUOUS
100
AcDbLine
 10
389.3568750000000023
 20
-162.5693749999999795
 30
0
 11
389.3568750000000023
 21
-148.1193749999999909
 31
0
  0
LINE
  5
77
330
1A
100
AcDbEntity
  8
F.Courtyard
  6
CONTINUOUS
100
AcDbLine
 10
389.3568750000000023
 20
-148.1193749999999909
 30
0
 11
374.9068749999999568
 21
-148.1193749999999909
 31
0
  0
LINE
  5
78
330
1A
100
AcDbEntity
  8
F.Courtyard
  6
CONTINUOUS
100
AcDbLine
 10
39.9208169999999996
 20
-148.0087780000000066
 30
0
 11
39.9343469999999954
 21
-148.0223079999999811
 31
0
  0
LINE
  5
79
330
1A
100
AcDbEntity
  8
F.Courtyard
  6
CONTINUOUS
100
AcDbLine
 10
39.9343469999999954
 20
-148.0223079999999811
 30
0
 11
39.9362500000000011
 21
-148.0318749999999852
 31
0
  0
LINE
  5
7A
330
1A
100
AcDbEntity
  8
F.Courtyard
  6
CONTINUOUS
100
AcDbLine
 10
39.9362500000000011
 20
-148.0318749999999852
 30
0
 11
39.9362500000000011
 21
-162.5318749999999852
 31
0
  0
LINE
  5
7B
330
1A
100
AcDbEntity
  8
F.Courtyard
  6
CONTINUOUS
100
AcDbLine
 10
39.9362500000000011
 20
-162.5318749999999852
 30
0
 11
39.9343469999999954
 21
-162.5414419999999893
 31
0
  0
LINE
  5
7C
330
1A
100
AcDbEntity
  8
F.Courtyard
  6
CONTINUOUS
100
AcDbLine
 10
39.9343469999999954
 20
-162.5414419999999893
 30
0
 11
39.9208169999999996
 21
-162.5549719999999922
 31
0
  0
LINE
  5
7D
330
1A
100
AcDbEntity
  8
F.Courtyard
  6
CONTINUOUS
100
AcDbLine
 10
39.9208169999999996
 20
-162.5549719999999922
 30
0
 11
39.9112499999999955
 21
-162.5568749999999909
 31
0
  0
LINE
  5
7E
330
1A
100
AcDbEntity
  8
F.Courtyard
  6
CONTINUOUS
100
AcDbLine
 10
39.9112499999999955
 20
-162.5568749999999909
 30
0
 11
25.411249999999999
 21
-162.5568749999999909
 31
0
  0
LINE
  5
7F
330
1A
100
AcDbEntity
  8
F.Courtyard
  6
CONTINUOUS
100
AcDbLine
 10
25.411249999999999
 20
-162.5568749999999909
 30
0
 11
25.4016829999999985
 21
-162.5549719999999922
 31
0
  0
LINE
  5
80
330
1A
100
AcDbEntity
  8
F.Courtyard
  6
CONTINUOUS
100
AcDbLine
 10
25.4016829999999985
 20
-162.5549719999999922
 30
0
 11
25.3881529999999991
 21
-162.5414419999999893
 31
0
  0
LINE
  5
81
330
1A
100
AcDbEntity
  8
F.Courtyard
  6
CONTINUOUS
100
AcDbLine
 10
25.3881529999999991
 20
-162.5414419999999893
 30
0
 11
25.3862500000000004
 21
-162.5318749999999852
 31
0
  0
LINE
  5
82
330
1A
100
AcDbEntity
  8
F.Courtyard
  6
CONTINUOUS
100
AcDbLine
 10
25.3862500000000004
 20
-162.5318749999999852
 30
0
 11
25.3862500000000004
 21
-148.0318749999999852
 31
0
  0
LINE
  5
83
330
1A
100
AcDbEntity
  8
F.Courtyard
  6
CONTINUOUS
100
AcDbLine
 10
25.3862500000000004
 20
-148.0318749999999852
 30
0
 11
25.3881529999999991
 21
-148.0223079999999811
 31
0
  0
LINE
  5
84
330
1A
100
AcDbEntity
  8
F.Courtyard
  6
CONTINUOUS
100
AcDbLine
 10
25.3881529999999991
 20
-148.0223079999999811
 30
0
 11
25.4016829999999985
 21
-148.0087780000000066
 31
0
  0
LINE
  5
85
330
1A
100
AcDbEntity
  8
F.Courtyard
  6
CONTINUOUS
100
AcDbLine
 10
25.4016829999999985
 20
-148.0087780000000066
 30
0
 11
25.411249999999999
 21
-148.0068749999999795
 31
0
  0
LINE
  5
86
330
1A
100
AcDbEntity
  8
F.Courtyard
  6
CONTINUOUS
100
AcDbLine
 10
25.411249999999999
 20
-148.0068749999999795
 30
0
 11
39.9112499999999955
 21
-148.0068749999999795
 31
0
  0
LINE
  5
87
330
1A
100
AcDbEntity
  8
F.Courtyard
  6
CONTINUOUS
100
AcDbLine
 10
39.9112499999999955
 20
-148.0068749999999795
 30
0
 11
39.9208169999999996
 21
-148.0087780000000066
 31
0
  0
LINE
  5
88
330
1A
100
AcDbEntity
  8
F.Courtyard
  6
CONTINUOUS
100
AcDbLine
 10
25.4362499999999976
 20
-148.0568749999999909
 30
0
 11
25.4362499999999976
 21
-162.5068749999999795
 31
0
  0
LINE
  5
89
330
1A
100
AcDbEntity
  8
F.Courtyard
  6
CONTINUOUS
100
AcDbLine
 10
25.4362499999999976
 20
-162.5068749999999795
 30
0
 11
39.8862499999999969
 21
-162.5068749999999795
 31
0
  0
LINE
  5
8A
330
1A
100
AcDbEntity
  8
F.Courtyard
  6
CONTINUOUS
100
AcDbLine
 10
39.8862499999999969
 20
-162.5068749999999795
 30
0
 11
39.8862499999999969
 21
-148.0568749999999909
 31
0
  0
LINE
  5
8B
330
1A
100
AcDbEntity
  8
F.Courtyard
  6
CONTINUOUS
100
AcDbLine
 10
39.8862499999999969
 20
-148.0568749999999909
 30
0
 11
25.4362499999999976
 21
-148.0568749999999909
 31
0
  0
LINE
  5
8C
330
1A
100
AcDbEntity
  8
F.Courtyard
  6
CONTINUOUS
100
AcDbLine
 10
64.050816999999995
 20
-148.0087780000000066
 30
0
 11
64.0643469999999979
 21
-148.0223079999999811
 31
0
  0
LINE
  5
8D
330
1A
100
AcDbEntity
  8
F.Courtyard
  6
CONTINUOUS
100
AcDbLine
 10
64.0643469999999979
 20
-148.0223079999999811
 30
0
 11
64.0662499999999966
 21
-148.0318749999999852
 31
0
  0
LINE
  5
8E
330
1A
100
AcDbEntity
  8
F.Courtyard
  6
CONTINUOUS
100
AcDbLine
 10
64.0662499999999966
 20
-148.0318749999999852
 30
0
 11
64.0662499999999966
 21
-162.5318749999999852
 31
0
  0
LINE
  5
8F
330
1A
100
AcDbEntity
  8
F.Courtyard
  6
CONTINUOUS
100
AcDbLine
 10
64.0662499999999966
 20
-162.5318749999999852
 30
0
 11
64.0643469999999979
 21
-162.5414419999999893
 31
0
  0
LINE
  5
90
330
1A
100
AcDbEntity
  8
F.Courtyard
  6
CONTINUOUS
100
AcDbLine
 10
64.0643469999999979
 20
-162.5414419999999893
 30
0
 11
64.050816999999995
 21
-162.5549719999999922
 31
0
  0
LINE
  5
91
330
1A
100
AcDbEntity
  8
F.Courtyard
  6
CONTINUOUS
100
AcDbLine
 10
64.050816999999995
 20
-162.5549719999999922
 30
0
 11
64.0412499999999909
 21
-162.5568749999999909
 31
0
  0
LINE
  5
92
330
1A
100
AcDbEntity
  8
F.Courtyard
  6
CONTINUOUS
100
AcDbLine
 10
64.0412499999999909
 20
-162.5568749999999909
 30
0
 11
49.541249999999998
 21
-162.5568749999999909
 31
0
  0
LINE
  5
93
330
1A
100
AcDbEntity
  8
F.Courtyard
  6
CONTINUOUS
100
AcDbLine
 10
49.541249999999998
 20
-162.5568749999999909
 30
0
 11
49.531683000000001
 21
-162.5549719999999922
 31
0
  0
LINE
  5
94
330
1A
100
AcDbEntity
  8
F.Courtyard
  6
CONTINUOUS
100
AcDbLine
 10
49.531683000000001
 20
-162.5549719999999922
 30
0
 11
49.5181529999999981
 21
-162.5414419999999893
 31
0
  0
LINE
  5
95
330
1A
100
AcDbEntity
  8
F.Courtyard
  6
CONTINUOUS
100
AcDbLine
 10
49.5181529999999981
 20
-162.5414419999999893
 30
0
 11
49.5162499999999994
 21
-162.5318749999999852
 31
0
  0
LINE
  5
96
330
1A
100
AcDbEntity
  8
F.Courtyard
  6
CONTINUOUS
100
AcDbLine
 10
49.5162499999999994
 20
-162.5318749999999852
 30
0
 11
49.5162499999999994
 21
-148.0318749999999852
 31
0
  0
LINE
  5
97
330
1A
100
AcDbEntity
  8
F.Courtyard
  6
CONTINUOUS
100
AcDbLine
 10
49.5162499999999994
 20
-148.0318749999999852
 30
0
 11
49.5181529999999981
 21
-148.0223079999999811
 31
0
  0
LINE
  5
98
330
1A
100
AcDbEntity
  8
F.Courtyard
  6
CONTINUOUS
100
AcDbLine
 10
49.5181529999999981
 20
-148.0223079999999811
 30
0
 11
49.531683000000001
 21
-148.0087780000000066
 31
0
  0
LINE
  5
99
330
1A
100
AcDbEntity
  8
F.Courtyard
  6
CONTINUOUS
100
AcDbLine
 10
49.531683000000001
 20
-148.0087780000000066
 30
0
 11
49.541249999999998
 21
-148.0068749999999795
 31
0
  0
LINE
  5
9A
330
1A
100
AcDbEntity
  8
F.Courtyard
  6
CONTINUOUS
100
AcDbLine
 10
49.541249999999998
 20
-148.0068749999999795
 30
0
 11
64.0412499999999909
 21
-148.0068749999999795
 31
0
  0
LINE
  5
9B
330
1A
100
AcDbEntity
  8
F.Courtyard
  6
CONTINUOUS
100
AcDbLine
 10
64.0412499999999909
 20
-148.0068749999999795
 30
0
 11
64.050816999999995
 21
-148.0087780000000066
 31
0
  0
LINE
  5
9C
330
1A
100
AcDbEntity
  8
F.Courtyard
  6
CONTINUOUS
100
AcDbLine
 10
49.5662499999999966
 20
-148.0568749999999909
 30
0
 11
49.5662499999999966
 21
-162.5068749999999795
 31
0
  0
LINE
  5
9D
330
1A
100
AcDbEntity
  8
F.Courtyard
  6
CONTINUOUS
100
AcDbLine
 10
49.5662499999999966
 20
-162.5068749999999795
 30
0
 11
64.0162499999999994
 21
-162.5068749999999795
 31
0
  0
LINE
  5
9E
330
1A
100
AcDbEntity
  8
F.Courtyard
  6
CONTINUOUS
100
AcDbLine
 10
64.0162499999999994
 20
-162.5068749999999795
 30
0
 11
64.0162499999999994
 21
-148.0568749999999909
 31
0
  0
LINE
  5
9F
330
1A
100
AcDbEntity
  8
F.Courtyard
  6
CONTINUOUS
100
AcDbLine
 10
64.0162499999999994
 20
-148.0568749999999909
 30
0
 11
49.5662499999999966
 21
-148.0568749999999909
 31
0
  0
LINE
  5
A0
330
1A
100
AcDbEntity
  8
F.Courtyard
  6
CONTINUOUS
100
AcDbLine
 10
87.5458169999999996
 20
-148.0087780000000066
 30
0
 11
87.5593470000000025
 21
-148.0223079999999811
 31
0
  0
LINE
  5
A1
330
1A
100
AcDbEntity
  8
F.Courtyard
  6
CONTINUOUS
100
AcDbLine
 10
87.5593470000000025
 20
-148.0223079999999811
 30
0
 11
87.5612500000000011
 21
-148.0318749999999852
 31
0
  0
LINE
  5
A2
330
1A
100
AcDbEntity
  8
F.Courtyard
  6
CONTINUOUS
100
AcDbLine
 10
87.5612500000000011
 20
-148.0318749999999852
 30
0
 11
87.5612500000000011
 21
-162.5318749999999852
 31
0
  0
LINE
  5
A3
330
1A
100
AcDbEntity
  8
F.Courtyard
  6
CONTINUOUS
100
AcDbLine
 10
87.5612500000000011
 20
-162.5318749999999852
 30
0
 11
87.5593470000000025
 21
-162.5414419999999893
 31
0
  0
LINE
  5
A4
330
1A
100
AcDbEntity
  8
F.Courtyard
  6
CONTINUOUS
100
AcDbLine
 10
87.5593470000000025
 20
-162.5414419999999893
 30
0
 11
87.5458169999999996
 21
-162.5549719999999922
 31
0
  0
LINE
  5
A5
330
1A
100
AcDbEntity
  8
F.Courtyard
  6
CONTINUOUS
100
AcDbLine
 10
87.5458169999999996
 20
-162.5549719999999922
 30
0
 11
87.5362499999999955
 21
-162.5568749999999909
 31
0
  0
LINE
  5
A6
330
1A
100
AcDbEntity
  8
F.Courtyard
  6
CONTINUOUS
100
AcDbLine
 10
87.5362499999999955
 20
-162.5568749999999909
 30
0
 11
73.0362499999999955
 21
-162.5568749999999909
 31
0
  0
LINE
  5
A7
330
1A
100
AcDbEntity
  8
F.Courtyard
  6
CONTINUOUS
100
AcDbLine
 10
73.0362499999999955
 20
-162.5568749999999909
 30
0
 11
73.0266829999999914
 21
-162.5549719999999922
 31
0
  0
LINE
  5
A8
330
1A
100
AcDbEntity
  8
F.Courtyard
  6
CONTINUOUS
100
AcDbLine
 10
73.0266829999999914
 20
-162.5549719999999922
 30
0
 11
73.0131530000000026
 21
-162.5414419999999893
 31
0
  0
LINE
  5
A9
330
1A
100
AcDbEntity
  8
F.Courtyard
  6
CONTINUOUS
100
AcDbLine
 10
73.0131530000000026
 20
-162.5414419999999893
 30
0
 11
73.0112499999999898
 21
-162.5318749999999852
 31
0
  0
LINE
  5
AA
330
1A
100
AcDbEntity
  8
F.Courtyard
  6
CONTINUOUS
100
AcDbLine
 10
73.0112499999999898
 20
-162.5318749999999852
 30
0
 11
73.0112499999999898
 21
-148.0318749999999852
 31
0
  0
LINE
  5
AB
330
1A
100
AcDbEntity
  8
F.Courtyard
  6
CONTINUOUS
100
AcDbLine
 10
73.0112499999999898
 20
-148.0318749999999852
 30
0
 11
73.0131530000000026
 21
-148.0223079999999811
 31
0
  0
LINE
  5
AC
330
1A
100
AcDbEntity
  8
F.Courtyard
  6
CONTINUOUS
100
AcDbLine
 10
73.0131530000000026
 20
-148.0223079999999811
 30
0
 11
73.0266829999999914
 21
-148.0087780000000066
 31
0
  0
LINE
  5
AD
330
1A
100
AcDbEntity
  8
F.Courtyard
  6
CONTINUOUS
100
AcDbLine
 10
73.0266829999999914
 20
-148.0087780000000066
 30
0
 11
73.0362499999999955
 21
-148.0068749999999795
 31
0
  0
LINE
  5
AE
330
1A
100
AcDbEntity
  8
F.Courtyard
  6
CONTINUOUS
100
AcDbLine
 10
73.0362499999999955
 20
-148.0068749999999795
 30
0
 11
87.5362499999999955
 21
-148.0068749999999795
 31
0
  0
LINE
  5
AF
330
1A
100
AcDbEntity
  8
F.Courtyard
  6
CONTINUOUS
100
AcDbLine
 10
87.5362499999999955
 20
-148.0068749999999795
 30
0
 11
87.5458169999999996
 21
-148.0087780000000066
 31
0
  0
LINE
  5
B0
330
1A
100
AcDbEntity
  8
F.Courtyard
  6
CONTINUOUS
100
AcDbLine
 10
73.0612500000000011
 20
-148.0568749999999909
 30
0
 11
73.0612500000000011
 21
-162.5068749999999795
 31
0
  0
LINE
  5
B1
330
1A
100
AcDbEntity
  8
F.Courtyard
  6
CONTINUOUS
100
AcDbLine
 10
73.0612500000000011
 20
-162.5068749999999795
 30
0
 11
87.5112499999999898
 21
-162.5068749999999795
 31
0
  0
LINE
  5
B2
330
1A
100
AcDbEntity
  8
F.Courtyard
  6
CONTINUOUS
100
AcDbLine
 10
87.5112499999999898
 20
-162.5068749999999795
 30
0
 11
87.5112499999999898
 21
-148.0568749999999909
 31
0
  0
LINE
  5
B3
330
1A
100
AcDbEntity
  8
F.Courtyard
  6
CONTINUOUS
100
AcDbLine
 10
87.5112499999999898
 20
-148.0568749999999909
 30
0
 11
73.0612500000000011
 21
-148.0568749999999909
 31
0
  0
LINE
  5
B4
330
1A
100
AcDbEntity
  8
F.Courtyard
  6
CONTINUOUS
100
AcDbLine
 10
160.1739419999999825
 20
-148.0087780000000066
 30
0
 11
160.1874719999999854
 21
-148.0223079999999811
 31
0
  0
LINE
  5
B5
330
1A
100
AcDbEntity
  8
F.Courtyard
  6
CONTINUOUS
100
AcDbLine
 10
160.1874719999999854
 20
-148.0223079999999811
 30
0
 11
160.1893749999999841
 21
-148.0318749999999852
 31
0
  0
LINE
  5
B6
330
1A
100
AcDbEntity
  8
F.Courtyard
  6
CONTINUOUS
100
AcDbLine
 10
160.1893749999999841
 20
-148.0318749999999852
 30
0
 11
160.1893749999999841
 21
-162.5318749999999852
 31
0
  0
LINE
  5
B7
330
1A
100
AcDbEntity
  8
F.Courtyard
  6
CONTINUOUS
100
AcDbLine
 10
160.1893749999999841
 20
-162.5318749999999852
 30
0
 11
160.1874719999999854
 21
-162.5414419999999893
 31
0
  0
LINE
  5
B8
330
1A
100
AcDbEntity
  8
F.Courtyard
  6
CONTINUOUS
100
AcDbLine
 10
160.1874719999999854
 20
-162.5414419999999893
 30
0
 11
160.1739419999999825
 21
-162.5549719999999922
 31
0
  0
LINE
  5
B9
330
1A
100
AcDbEntity
  8
F.Courtyard
  6
CONTINUOUS
100
AcDbLine
 10
160.1739419999999825
 20
-162.5549719999999922
 30
0
 11
160.1643750000000068
 21
-162.5568749999999909
 31
0
  0
LINE
  5
BA
330
1A
100
AcDbEntity
  8
F.Courtyard
  6
CONTINUOUS
100
AcDbLine
 10
160.1643750000000068
 20
-162.5568749999999909
 30
0
 11
145.6643750000000068
 21
-162.5568749999999909
 31
0
  0
LINE
  5
BB
330
1A
100
AcDbEntity
  8
F.Courtyard
  6
CONTINUOUS
100
AcDbLine
 10
145.6643750000000068
 20
-162.5568749999999909
 30
0
 11
145.6548080000000027
 21
-162.5549719999999922
 31
0
  0
LINE
  5
BC
330
1A
100
AcDbEntity
  8
F.Courtyard
  6
CONTINUOUS
100
AcDbLine
 10
145.6548080000000027
 20
-162.5549719999999922
 30
0
 11
145.6412779999999998
 21
-162.5414419999999893
 31
0
  0
LINE
  5
BD
330
1A
100
AcDbEntity
  8
F.Courtyard
  6
CONTINUOUS
100
AcDbLine
 10
145.6412779999999998
 20
-162.5414419999999893
 30
0
 11
145.6393750000000011
 21
-162.5318749999999852
 31
0
  0
LINE
  5
BE
330
1A
100
AcDbEntity
  8
F.Courtyard
  6
CONTINUOUS
100
AcDbLine
 10
145.6393750000000011
 20
-162.5318749999999852
 30
0
 11
145.6393750000000011
 21
-148.0318749999999852
 31
0
  0
LINE
  5
BF
330
1A
100
AcDbEntity
  8
F.Courtyard
  6
CONTINUOUS
100
AcDbLine
 10
145.6393750000000011
 20
-148.0318749999999852
 30
0
 11
145.6412779999999998
 21
-148.0223079999999811
 31
0
  0
LINE
  5
C0
330
1A
100
AcDbEntity
  8
F.Courtyard
  6
CONTINUOUS
100
AcDbLine
 10
145.6412779999999998
 20
-148.0223079999999811
 30
0
 11
145.6548080000000027
 21
-148.0087780000000066
 31
0
  0
LINE
  5
C1
330
1A
100
AcDbEntity
  8
F.Courtyard
  6
CONTINUOUS
100
AcDbLine
 10
145.6548080000000027
 20
-148.0087780000000066
 30
0
 11
145.6643750000000068
 21
-148.0068749999999795
 31
0
  0
LINE
  5
C2
330
1A
100
AcDbEntity
  8
F.Courtyard
  6
CONTINUOUS
100
AcDbLine
 10
145.6643750000000068
 20
-148.0068749999999795
 30
0
 11
160.1643750000000068
 21
-148.0068749999999795
 31
0
  0
LINE
  5
C3
330
1A
100
AcDbEntity
  8
F.Courtyard
  6
CONTINUOUS
100
AcDbLine
 10
160.1643750000000068
 20
-148.0068749999999795
 30
0
 11
160.1739419999999825
 21
-148.0087780000000066
 31
0
  0
LINE
  5
C4
330
1A
100
AcDbEntity
  8
F.Courtyard
  6
CONTINUOUS
100
AcDbLine
 10
145.6893749999999841
 20
-148.0568749999999909
 30
0
 11
145.6893749999999841
 21
-162.5068749999999795
 31
0
  0
LINE
  5
C5
330
1A
100
AcDbEntity
  8
F.Courtyard
  6
CONTINUOUS
100
AcDbLine
 10
145.6893749999999841
 20
-162.5068749999999795
 30
0
 11
160.1393750000000011
 21
-162.5068749999999795
 31
0
  0
LINE
  5
C6
330
1A
100
AcDbEntity
  8
F.Courtyard
  6
CONTINUOUS
100
AcDbLine
 10
160.1393750000000011
 20
-162.5068749999999795
 30
0
 11
160.1393750000000011
 21
-148.0568749999999909
 31
0
  0
LINE
  5
C7
330
1A
100
AcDbEntity
  8
F.Courtyard
  6
CONTINUOUS
100
AcDbLine
 10
160.1393750000000011
 20
-148.0568749999999909
 30
0
 11
145.6893749999999841
 21
-148.0568749999999909
 31
0
  0
LINE
  5
C8
330
1A
100
AcDbEntity
  8
F.Courtyard
  6
CONTINUOUS
100
AcDbLine
 10
232.8020669999999939
 20
-148.0087780000000066
 30
0
 11
232.8155969999999968
 21
-148.0223079999999811
 31
0
  0
LINE
  5
C9
330
1A
100
AcDbEntity
  8
F.Courtyard
  6
CONTINUOUS
100
AcDbLine
 10
232.8155969999999968
 20
-148.0223079999999811
 30
0
 11
232.8174999999999955
 21
-148.0318749999999852
 31
0
  0
LINE
  5
CA
330
1A
100
AcDbEntity
  8
F.Courtyard
  6
CONTINUOUS
100
AcDbLine
 10
232.8174999999999955
 20
-148.0318749999999852
 30
0
 11
232.8174999999999955
 21
-162.5318749999999852
 31
0
  0
LINE
  5
CB
330
1A
100
AcDbEntity
  8
F.Courtyard
  6
CONTINUOUS
100
AcDbLine
 10
232.8174999999999955
 20
-162.5318749999999852
 30
0
 11
232.8155969999999968
 21
-162.5414419999999893
 31
0
  0
LINE
  5
CC
330
1A
100
AcDbEntity
  8
F.Courtyard
  6
CONTINUOUS
100
AcDbLine
 10
232.8155969999999968
 20
-162.5414419999999893
 30
0
 11
232.8020669999999939
 21
-162.5549719999999922
 31
0
  0
LINE
  5
CD
330
1A
100
AcDbEntity
  8
F.Courtyard
  6
CONTINUOUS
100
AcDbLine
 10
232.8020669999999939
 20
-162.5549719999999922
 30
0
 11
232.7924999999999898
 21
-162.5568749999999909
 31
0
  0
LINE
  5
CE
330
1A
100
AcDbEntity
  8
F.Courtyard
  6
CONTINUOUS
100
AcDbLine
 10
232.7924999999999898
 20
-162.5568749999999909
 30
0
 11
218.2924999999999898
 21
-162.5568749999999909
 31
0
  0
LINE
  5
CF
330
1A
100
AcDbEntity
  8
F.Courtyard
  6
CONTINUOUS
100
AcDbLine
 10
218.2924999999999898
 20
-162.5568749999999909
 30
0
 11
218.2829329999999857
 21
-162.5549719999999922
 31
0
  0
LINE
  5
D0
330
1A
100
AcDbEntity
  8
F.Courtyard
  6
CONTINUOUS
100
AcDbLine
 10
218.2829329999999857
 20
-162.5549719999999922
 30
0
 11
218.2694029999999827
 21
-162.5414419999999893
 31
0
  0
LINE
  5
D1
330
1A
100
AcDbEntity
  8
F.Courtyard
  6
CONTINUOUS
100
AcDbLine
 10
218.2694029999999827
 20
-162.5414419999999893
 30
0
 11
218.2674999999999841
 21
-162.5318749999999852
 31
0
  0
LINE
  5
D2
330
1A
100
AcDbEntity
  8
F.Courtyard
  6
CONTINUOUS
100
AcDbLine
 10
218.2674999999999841
 20
-162.5318749999999852
 30
0
 11
218.2674999999999841
 21
-148.0318749999999852
 31
0
  0
LINE
  5
D3
330
1A
100
AcDbEntity
  8
F.Courtyard
  6
CONTINUOUS
100
AcDbLine
 10
218.2674999999999841
 20
-148.0318749999999852
 30
0
 11
218.2694029999999827
 21
-148.0223079999999811
 31
0
  0
LINE
  5
D4
330
1A
100
AcDbEntity
  8
F.Courtyard
  6
CONTINUOUS
100
AcDbLine
 10
218.2694029999999827
 20
-148.0223079999999811
 30
0
 11
218.2829329999999857
 21
-148.0087780000000066
 31
0
  0
LINE
  5
D5
330
1A
100
AcDbEntity
  8
F.Courtyard
  6
CONTINUOUS
100
AcDbLine
 10
218.2829329999999857
 20
-148.0087780000000066
 30
0
 11
218.2924999999999898
 21
-148.0068749999999795
 31
0
  0
LINE
  5
D6
330
1A
100
AcDbEntity
  8
F.Courtyard
  6
CONTINUOUS
100
AcDbLine
 10
218.2924999999999898
 20
-148.0068749999999795
 30
0
 11
232.7924999999999898
 21
-148.0068749999999795
 31
0
  0
LINE
  5
D7
330
1A
100
AcDbEntity
  8
F.Courtyard
  6
CONTINUOUS
100
AcDbLine
 10
232.7924999999999898
 20
-148.0068749999999795
 30
0
 11
232.8020669999999939
 21
-148.0087780000000066
 31
0
  0
LINE
  5
D8
330
1A
100
AcDbEntity
  8
F.Courtyard
  6
CONTINUOUS
100
AcDbLine
 10
218.3174999999999955
 20
-148.0568749999999909
 30
0
 11
218.3174999999999955
 21
-162.5068749999999795
 31
0
  0
LINE
  5
D9
330
1A
100
AcDbEntity
  8
F.Courtyard
  6
CONTINUOUS
100
AcDbLine
 10
218.3174999999999955
 20
-162.5068749999999795
 30
0
 11
232.7674999999999841
 21
-162.5068749999999795
 31
0
  0
LINE
  5
DA
330
1A
100
AcDbEntity
  8
F.Courtyard
  6
CONTINUOUS
100
AcDbLine
 10
232.7674999999999841
 20
-162.5068749999999795
 30
0
 11
232.7674999999999841
 21
-148.0568749999999909
 31
0
  0
LINE
  5
DB
330
1A
100
AcDbEntity
  8
F.Courtyard
  6
CONTINUOUS
100
AcDbLine
 10
232.7674999999999841
 20
-148.0568749999999909
 30
0
 11
218.3174999999999955
 21
-148.0568749999999909
 31
0
  0
LINE
  5
DC
330
1A
100
AcDbEntity
  8
F.Courtyard
  6
CONTINUOUS
100
AcDbLine
 10
255.741441999999978
 20
-148.0087780000000066
 30
0
 11
255.7549719999999809
 21
-148.0223079999999811
 31
0
  0
LINE
  5
DD
330
1A
100
AcDbEntity
  8
F.Courtyard
  6
CONTINUOUS
100
AcDbLine
 10
255.7549719999999809
 20
-148.0223079999999811
 30
0
 11
255.7568749999999795
 21
-148.0318749999999852
 31
0
  0
LINE
  5
DE
330
1A
100
AcDbEntity
  8
F.Courtyard
  6
CONTINUOUS
100
AcDbLine
 10
255.7568749999999795
 20
-148.0318749999999852
 30
0
 11
255.7568749999999795
 21
-162.5318749999999852
 31
0
  0
LINE
  5
DF
330
1A
100
AcDbEntity
  8
F.Courtyard
  6
CONTINUOUS
100
AcDbLine
 10
255.7568749999999795
 20
-162.5318749999999852
 30
0
 11
255.7549719999999809
 21
-162.5414419999999893
 31
0
  0
LINE
  5
E0
330
1A
100
AcDbEntity
  8
F.Courtyard
  6
CONTINUOUS
100
AcDbLine
 10
255.7549719999999809
 20
-162.5414419999999893
 30
0
 11
255.741441999999978
 21
-162.5549719999999922
 31
0
  0
LINE
  5
E1
330
1A
100
AcDbEntity
  8
F.Courtyard
  6
CONTINUOUS
100
AcDbLine
 10
255.741441999999978
 20
-162.5549719999999922
 30
0
 11
255.7318750000000023
 21
-162.5568749999999909
 31
0
  0
LINE
  5
E2
330
1A
100
AcDbEntity
  8
F.Courtyard
  6
CONTINUOUS
100
AcDbLine
 10
255.7318750000000023
 20
-162.5568749999999909
 30
0
 11
241.2318750000000023
 21
-162.5568749999999909
 31
0
  0
LINE
  5
E3
330
1A
100
AcDbEntity
  8
F.Courtyard
  6
CONTINUOUS
100
AcDbLine
 10
241.2318750000000023
 20
-162.5568749999999909
 30
0
 11
241.2223079999999982
 21
-162.5549719999999922
 31
0
  0
LINE
  5
E4
330
1A
100
AcDbEntity
  8
F.Courtyard
  6
CONTINUOUS
100
AcDbLine
 10
241.2223079999999982
 20
-162.5549719999999922
 30
0
 11
241.2087779999999952
 21
-162.5414419999999893
 31
0
  0
LINE
  5
E5
330
1A
100
AcDbEntity
  8
F.Courtyard
  6
CONTINUOUS
100
AcDbLine
 10
241.2087779999999952
 20
-162.5414419999999893
 30
0
 11
241.2068749999999966
 21
-162.5318749999999852
 31
0
  0
LINE
  5
E6
330
1A
100
AcDbEntity
  8
F.Courtyard
  6
CONTINUOUS
100
AcDbLine
 10
241.2068749999999966
 20
-162.5318749999999852
 30
0
 11
241.2068749999999966
 21
-148.0318749999999852
 31
0
  0
LINE
  5
E7
330
1A
100
AcDbEntity
  8
F.Courtyard
  6
CONTINUOUS
100
AcDbLine
 10
241.2068749999999966
 20
-148.0318749999999852
 30
0
 11
241.2087779999999952
 21
-148.0223079999999811
 31
0
  0
LINE
  5
E8
330
1A
100
AcDbEntity
  8
F.Courtyard
  6
CONTINUOUS
100
AcDbLine
 10
241.2087779999999952
 20
-148.0223079999999811
 30
0
 11
241.2223079999999982
 21
-148.0087780000000066
 31
0
  0
LINE
  5
E9
330
1A
100
AcDbEntity
  8
F.Courtyard
  6
CONTINUOUS
100
AcDbLine
 10
241.2223079999999982
 20
-148.0087780000000066
 30
0
 11
241.2318750000000023
 21
-148.0068749999999795
 31
0
  0
LINE
  5
EA
330
1A
100
AcDbEntity
  8
F.Courtyard
  6
CONTINUOUS
100
AcDbLine
 10
241.2318750000000023
 20
-148.0068749999999795
 30
0
 11
255.7318750000000023
 21
-148.0068749999999795
 31
0
  0
LINE
  5
EB
330
1A
100
AcDbEntity
  8
F.Courtyard
  6
CONTINUOUS
100
AcDbLine
 10
255.7318750000000023
 20
-148.0068749999999795
 30
0
 11
255.741441999999978
 21
-148.0087780000000066
 31
0
  0
LINE
  5
EC
330
1A
100
AcDbEntity
  8
F.Courtyard
  6
CONTINUOUS
100
AcDbLine
 10
241.2568749999999795
 20
-148.0568749999999909
 30
0
 11
241.2568749999999795
 21
-162.5068749999999795
 31
0
  0
LINE
  5
ED
330
1A
100
AcDbEntity
  8
F.Courtyard
  6
CONTINUOUS
100
AcDbLine
 10
241.2568749999999795
 20
-162.5068749999999795
 30
0
 11
255.7068749999999966
 21
-162.5068749999999795
 31
0
  0
LINE
  5
EE
330
1A
100
AcDbEntity
  8
F.Courtyard
  6
CONTINUOUS
100
AcDbLine
 10
255.7068749999999966
 20
-162.5068749999999795
 30
0
 11
255.7068749999999966
 21
-148.0568749999999909
 31
0
  0
LINE
  5
EF
330
1A
100
AcDbEntity
  8
F.Courtyard
  6
CONTINUOUS
100
AcDbLine
 10
255.7068749999999966
 20
-148.0568749999999909
 30
0
 11
241.2568749999999795
 21
-148.0568749999999909
 31
0
  0
LINE
  5
F0
330
1A
100
AcDbEntity
  8
F.Courtyard
  6
CONTINUOUS
100
AcDbLine
 10
278.363316999999995
 20
-148.0087780000000066
 30
0
 11
278.3768469999999979
 21
-148.0223079999999811
 31
0
  0
LINE
  5
F1
330
1A
100
AcDbEntity
  8
F.Courtyard
  6
CONTINUOUS
100
AcDbLine
 10
278.3768469999999979
 20
-148.0223079999999811
 30
0
 11
278.3787499999999682
 21
-148.0318749999999852
 31
0
  0
LINE
  5
F2
330
1A
100
AcDbEntity
  8
F.Courtyard
  6
CONTINUOUS
100
AcDbLine
 10
278.3787499999999682
 20
-148.0318749999999852
 30
0
 11
278.3787499999999682
 21
-162.5318749999999852
 31
0
  0
LINE
  5
F3
330
1A
100
AcDbEntity
  8
F.Courtyard
  6
CONTINUOUS
100
AcDbLine
 10
278.3787499999999682
 20
-162.5318749999999852
 30
0
 11
278.3768469999999979
 21
-162.5414419999999893
 31
0
  0
LINE
  5
F4
330
1A
100
AcDbEntity
  8
F.Courtyard
  6
CONTINUOUS
100
AcDbLine
 10
278.3768469999999979
 20
-162.5414419999999893
 30
0
 11
278.363316999999995
 21
-162.5549719999999922
 31
0
  0
LINE
  5
F5
330
1A
100
AcDbEntity
  8
F.Courtyard
  6
CONTINUOUS
100
AcDbLine
 10
278.363316999999995
 20
-162.5549719999999922
 30
0
 11
278.3537499999999909
 21
-162.5568749999999909
 31
0
  0
LINE
  5
F6
330
1A
100
AcDbEntity
  8
F.Courtyard
  6
CONTINUOUS
100
AcDbLine
 10
278.3537499999999909
 20
-162.5568749999999909
 30
0
 11
263.8537499999999909
 21
-162.5568749999999909
 31
0
  0
LINE
  5
F7
330
1A
100
AcDbEntity
  8
F.Courtyard
  6
CONTINUOUS
100
AcDbLine
 10
263.8537499999999909
 20
-162.5568749999999909
 30
0
 11
263.8441829999999868
 21
-162.5549719999999922
 31
0
  0
LINE
  5
F8
330
1A
100
AcDbEntity
  8
F.Courtyard
  6
CONTINUOUS
100
AcDbLine
 10
263.8441829999999868
 20
-162.5549719999999922
 30
0
 11
263.8306529999999839
 21
-162.5414419999999893
 31
0
  0
LINE
  5
F9
330
1A
100
AcDbEntity
  8
F.Courtyard
  6
CONTINUOUS
100
AcDbLine
 10
263.8306529999999839
 20
-162.5414419999999893
 30
0
 11
263.8287500000000136
 21
-162.5318749999999852
 31
0
  0
LINE
  5
FA
330
1A
100
AcDbEntity
  8
F.Courtyard
  6
CONTINUOUS
100
AcDbLine
 10
263.8287500000000136
 20
-162.5318749999999852
 30
0
 11
263.8287500000000136
 21
-148.0318749999999852
 31
0
  0
LINE
  5
FB
330
1A
100
AcDbEntity
  8
F.Courtyard
  6
CONTINUOUS
100
AcDbLine
 10
263.8287500000000136
 20
-148.0318749999999852
 30
0
 11
263.8306529999999839
 21
-148.0223079999999811
 31
0
  0
LINE
  5
FC
330
1A
100
AcDbEntity
  8
F.Courtyard
  6
CONTINUOUS
100
AcDbLine
 10
263.8306529999999839
 20
-148.0223079999999811
 30
0
 11
263.8441829999999868
 21
-148.0087780000000066
 31
0
  0
LINE
  5
FD
330
1A
100
AcDbEntity
  8
F.Courtyard
  6
CONTINUOUS
100
AcDbLine
 10
263.8441829999999868
 20
-148.0087780000000066
 30
0
 11
263.8537499999999909
 21
-148.0068749999999795
 31
0
  0
LINE
  5
FE
330
1A
100
AcDbEntity
  8
F.Courtyard
  6
CONTINUOUS
100
AcDbLine
 10
263.8537499999999909
 20
-148.0068749999999795
 30
0
 11
278.3537499999999909
 21
-148.0068749999999795
 31
0
  0
LINE
  5
FF
330
1A
100
AcDbEntity
  8
F.Courtyard
  6
CONTINUOUS
100
AcDbLine
 10
278.3537499999999909
 20
-148.0068749999999795
 30
0
 11
278.363316999999995
 21
-148.0087780000000066
 31
0
  0
LINE
  5
100
330
1A
100
AcDbEntity
  8
F.Courtyard
  6
CONTINUOUS
100
AcDbLine
 10
263.8787499999999682
 20
-148.0568749999999909
 30
0
 11
263.8787499999999682
 21
-162.5068749999999795
 31
0
  0
LINE
  5
101
330
1A
100
AcDbEntity
  8
F.Courtyard
  6
CONTINUOUS
100
AcDbLine
 10
263.8787499999999682
 20
-162.5068749999999795
 30
0
 11
278.3287500000000136
 21
-162.5068749999999795
 31
0
  0
LINE
  5
102
330
1A
100
AcDbEntity
  8
F.Courtyard
  6
CONTINUOUS
100
AcDbLine
 10
278.3287500000000136
 20
-162.5068749999999795
 30
0
 11
278.3287500000000136
 21
-148.0568749999999909
 31
0
  0
LINE
  5
103
330
1A
100
AcDbEntity
  8
F.Courtyard
  6
CONTINUOUS
100
AcDbLine
 10
278.3287500000000136
 20
-148.0568749999999909
 30
0
 11
263.8787499999999682
 21
-148.0568749999999909
 31
0
  0
LINE
  5
104
330
1A
100
AcDbEntity
  8
F.Courtyard
  6
CONTINUOUS
100
AcDbLine
 10
300.9851919999999836
 20
-148.0087780000000066
 30
0
 11
300.9987219999999866
 21
-148.0223079999999811
 31
0
  0
LINE
  5
105
330
1A
100
AcDbEntity
  8
F.Courtyard
  6
CONTINUOUS
100
AcDbLine
 10
300.9987219999999866
 20
-148.0223079999999811
 30
0
 11
301.0006250000000136
 21
-148.0318749999999852
 31
0
  0
LINE
  5
106
330
1A
100
AcDbEntity
  8
F.Courtyard
  6
CONTINUOUS
100
AcDbLine
 10
301.0006250000000136
 20
-148.0318749999999852
 30
0
 11
301.0006250000000136
 21
-162.5318749999999852
 31
0
  0
LINE
  5
107
330
1A
100
AcDbEntity
  8
F.Courtyard
  6
CONTINUOUS
100
AcDbLine
 10
301.0006250000000136
 20
-162.5318749999999852
 30
0
 11
300.9987219999999866
 21
-162.5414419999999893
 31
0
  0
LINE
  5
108
330
1A
100
AcDbEntity
  8
F.Courtyard
  6
CONTINUOUS
100
AcDbLine
 10
300.9987219999999866
 20
-162.5414419999999893
 30
0
 11
300.9851919999999836
 21
-162.5549719999999922
 31
0
  0
LINE
  5
109
330
1A
100
AcDbEntity
  8
F.Courtyard
  6
CONTINUOUS
100
AcDbLine
 10
300.9851919999999836
 20
-162.5549719999999922
 30
0
 11
300.9756249999999795
 21
-162.5568749999999909
 31
0
  0
LINE
  5
10A
330
1A
100
AcDbEntity
  8
F.Courtyard
  6
CONTINUOUS
100
AcDbLine
 10
300.9756249999999795
 20
-162.5568749999999909
 30
0
 11
286.4756249999999795
 21
-162.5568749999999909
 31
0
  0
LINE
  5
10B
330
1A
100
AcDbEntity
  8
F.Courtyard
  6
CONTINUOUS
100
AcDbLine
 10
286.4756249999999795
 20
-162.5568749999999909
 30
0
 11
286.4660579999999754
 21
-162.5549719999999922
 31
0
  0
LINE
  5
10C
330
1A
100
AcDbEntity
  8
F.Courtyard
  6
CONTINUOUS
100
AcDbLine
 10
286.4660579999999754
 20
-162.5549719999999922
 30
0
 11
286.4525279999999725
 21
-162.5414419999999893
 31
0
  0
LINE
  5
10D
330
1A
100
AcDbEntity
  8
F.Courtyard
  6
CONTINUOUS
100
AcDbLine
 10
286.4525279999999725
 20
-162.5414419999999893
 30
0
 11
286.4506250000000023
 21
-162.5318749999999852
 31
0
  0
LINE
  5
10E
330
1A
100
AcDbEntity
  8
F.Courtyard
  6
CONTINUOUS
100
AcDbLine
 10
286.4506250000000023
 20
-162.5318749999999852
 30
0
 11
286.4506250000000023
 21
-148.0318749999999852
 31
0
  0
LINE
  5
10F
330
1A
100
AcDbEntity
  8
F.Courtyard
  6
CONTINUOUS
100
AcDbLine
 10
286.4506250000000023
 20
-148.0318749999999852
 30
0
 11
286.4525279999999725
 21
-148.0223079999999811
 31
0
  0
LINE
  5
110
330
1A
100
AcDbEntity
  8
F.Courtyard
  6
CONTINUOUS
100
AcDbLine
 10
286.4525279999999725
 20
-148.0223079999999811
 30
0
 11
286.4660579999999754
 21
-148.0087780000000066
 31
0
  0
LINE
  5
111
330
1A
100
AcDbEntity
  8
F.Courtyard
  6
CONTINUOUS
100
AcDbLine
 10
286.4660579999999754
 20
-148.0087780000000066
 30
0
 11
286.4756249999999795
 21
-148.0068749999999795
 31
0
  0
LINE
  5
112
330
1A
100
AcDbEntity
  8
F.Courtyard
  6
CONTINUOUS
100
AcDbLine
 10
286.4756249999999795
 20
-148.0068749999999795
 30
0
 11
300.9756249999999795
 21
-148.0068749999999795
 31
0
  0
LINE
  5
113
330
1A
100
AcDbEntity
  8
F.Courtyard
  6
CONTINUOUS
100
AcDbLine
 10
300.9756249999999795
 20
-148.0068749999999795
 30
0
 11
300.9851919999999836
 21
-148.0087780000000066
 31
0
  0
LINE
  5
114
330
1A
100
AcDbEntity
  8
F.Courtyard
  6
CONTINUOUS
100
AcDbLine
 10
286.5006250000000136
 20
-148.0568749999999909
 30
0
 11
286.5006250000000136
 21
-162.5068749999999795
 31
0
  0
LINE
  5
115
330
1A
100
AcDbEntity
  8
F.Courtyard
  6
CONTINUOUS
100
AcDbLine
 10
286.5006250000000136
 20
-162.5068749999999795
 30
0
 11
300.9506250000000023
 21
-162.5068749999999795
 31
0
  0
LINE
  5
116
330
1A
100
AcDbEntity
  8
F.Courtyard
  6
CONTINUOUS
100
AcDbLine
 10
300.9506250000000023
 20
-162.5068749999999795
 30
0
 11
300.9506250000000023
 21
-148.0568749999999909
 31
0
  0
LINE
  5
117
330
1A
100
AcDbEntity
  8
F.Courtyard
  6
CONTINUOUS
100
AcDbLine
 10
300.9506250000000023
 20
-148.0568749999999909
 30
0
 11
286.5006250000000136
 21
-148.0568749999999909
 31
0
  0
LINE
  5
118
330
1A
100
AcDbEntity
  8
F.Courtyard
  6
CONTINUOUS
100
AcDbLine
 10
346.5289419999999723
 20
-129.0212779999999952
 30
0
 11
346.5424719999999752
 21
-129.0348079999999982
 31
0
  0
LINE
  5
119
330
1A
100
AcDbEntity
  8
F.Courtyard
  6
CONTINUOUS
100
AcDbLine
 10
346.5424719999999752
 20
-129.0348079999999982
 30
0
 11
346.5443750000000023
 21
-129.0443750000000023
 31
0
  0
LINE
  5
11A
330
1A
100
AcDbEntity
  8
F.Courtyard
  6
CONTINUOUS
100
AcDbLine
 10
346.5443750000000023
 20
-129.0443750000000023
 30
0
 11
346.5443750000000023
 21
-143.5443750000000023
 31
0
  0
LINE
  5
11B
330
1A
100
AcDbEntity
  8
F.Courtyard
  6
CONTINUOUS
100
AcDbLine
 10
346.5443750000000023
 20
-143.5443750000000023
 30
0
 11
346.5424719999999752
 21
-143.5539420000000064
 31
0
  0
LINE
  5
11C
330
1A
100
AcDbEntity
  8
F.Courtyard
  6
CONTINUOUS
100
AcDbLine
 10
346.5424719999999752
 20
-143.5539420000000064
 30
0
 11
346.5289419999999723
 21
-143.5674719999999809
 31
0
  0
LINE
  5
11D
330
1A
100
AcDbEntity
  8
F.Courtyard
  6
CONTINUOUS
100
AcDbLine
 10
346.5289419999999723
 20
-143.5674719999999809
 30
0
 11
346.5193749999999682
 21
-143.5693749999999795
 31
0
  0
LINE
  5
11E
330
1A
100
AcDbEntity
  8
F.Courtyard
  6
CONTINUOUS
100
AcDbLine
 10
346.5193749999999682
 20
-143.5693749999999795
 30
0
 11
332.0193749999999682
 21
-143.5693749999999795
 31
0
  0
LINE
  5
11F
330
1A
100
AcDbEntity
  8
F.Courtyard
  6
CONTINUOUS
100
AcDbLine
 10
332.0193749999999682
 20
-143.5693749999999795
 30
0
 11
332.0098079999999641
 21
-143.5674719999999809
 31
0
  0
LINE
  5
120
330
1A
100
AcDbEntity
  8
F.Courtyard
  6
CONTINUOUS
100
AcDbLine
 10
332.0098079999999641
 20
-143.5674719999999809
 30
0
 11
331.9962779999999611
 21
-143.5539420000000064
 31
0
  0
LINE
  5
121
330
1A
100
AcDbEntity
  8
F.Courtyard
  6
CONTINUOUS
100
AcDbLine
 10
331.9962779999999611
 20
-143.5539420000000064
 30
0
 11
331.9943749999999909
 21
-143.5443750000000023
 31
0
  0
LINE
  5
122
330
1A
100
AcDbEntity
  8
F.Courtyard
  6
CONTINUOUS
100
AcDbLine
 10
331.9943749999999909
 20
-143.5443750000000023
 30
0
 11
331.9943749999999909
 21
-129.0443750000000023
 31
0
  0
LINE
  5
123
330
1A
100
AcDbEntity
  8
F.Courtyard
  6
CONTINUOUS
100
AcDbLine
 10
331.9943749999999909
 20
-129.0443750000000023
 30
0
 11
331.9962779999999611
 21
-129.0348079999999982
 31
0
  0
LINE
  5
124
330
1A
100
AcDbEntity
  8
F.Courtyard
  6
CONTINUOUS
100
AcDbLine
 10
331.9962779999999611
 20
-129.0348079999999982
 30
0
 11
332.0098079999999641
 21
-129.0212779999999952
 31
0
  0
LINE
  5
125
330
1A
100
AcDbEntity
  8
F.Courtyard
  6
CONTINUOUS
100
AcDbLine
 10
332.0098079999999641
 20
-129.0212779999999952
 30
0
 11
332.0193749999999682
 21
-129.0193749999999966
 31
0
  0
LINE
  5
126
330
1A
100
AcDbEntity
  8
F.Courtyard
  6
CONTINUOUS
100
AcDbLine
 10
332.0193749999999682
 20
-129.0193749999999966
 30
0
 11
346.5193749999999682
 21
-129.0193749999999966
 31
0
  0
LINE
  5
127
330
1A
100
AcDbEntity
  8
F.Courtyard
  6
CONTINUOUS
100
AcDbLine
 10
346.5193749999999682
 20
-129.0193749999999966
 30
0
 11
346.5289419999999723
 21
-129.0212779999999952
 31
0
  0
LINE
  5
128
330
1A
100
AcDbEntity
  8
F.Courtyard
  6
CONTINUOUS
100
AcDbLine
 10
332.0443750000000023
 20
-129.069375000000008
 30
0
 11
332.0443750000000023
 21
-143.5193749999999966
 31
0
  0
LINE
  5
129
330
1A
100
AcDbEntity
  8
F.Courtyard
  6
CONTINUOUS
100
AcDbLine
 10
332.0443750000000023
 20
-143.5193749999999966
 30
0
 11
346.4943749999999909
 21
-143.5193749999999966
 31
0
  0
LINE
  5
12A
330
1A
100
AcDbEntity
  8
F.Courtyard
  6
CONTINUOUS
100
AcDbLine
 10
346.4943749999999909
 20
-143.5193749999999966
 30
0
 11
346.4943749999999909
 21
-129.069375000000008
 31
0
  0
LINE
  5
12B
330
1A
100
AcDbEntity
  8
F.Courtyard
  6
CONTINUOUS
100
AcDbLine
 10
346.4943749999999909
 20
-129.069375000000008
 30
0
 11
332.0443750000000023
 21
-129.069375000000008
 31
0
  0
LINE
  5
12C
330
1A
100
AcDbEntity
  8
F.Courtyard
  6
CONTINUOUS
100
AcDbLine
 10
389.3914419999999836
 20
-129.0212779999999952
 30
0
 11
389.4049719999999866
 21
-129.0348079999999982
 31
0
  0
LINE
  5
12D
330
1A
100
AcDbEntity
  8
F.Courtyard
  6
CONTINUOUS
100
AcDbLine
 10
389.4049719999999866
 20
-129.0348079999999982
 30
0
 11
389.4068749999999568
 21
-129.0443750000000023
 31
0
  0
LINE
  5
12E
330
1A
100
AcDbEntity
  8
F.Courtyard
  6
CONTINUOUS
100
AcDbLine
 10
389.4068749999999568
 20
-129.0443750000000023
 30
0
 11
389.4068749999999568
 21
-143.5443750000000023
 31
0
  0
LINE
  5
12F
330
1A
100
AcDbEntity
  8
F.Courtyard
  6
CONTINUOUS
100
AcDbLine
 10
389.4068749999999568
 20
-143.5443750000000023
 30
0
 11
389.4049719999999866
 21
-143.5539420000000064
 31
0
  0
LINE
  5
130
330
1A
100
AcDbEntity
  8
F.Courtyard
  6
CONTINUOUS
100
AcDbLine
 10
389.4049719999999866
 20
-143.5539420000000064
 30
0
 11
389.3914419999999836
 21
-143.5674719999999809
 31
0
  0
LINE
  5
131
330
1A
100
AcDbEntity
  8
F.Courtyard
  6
CONTINUOUS
100
AcDbLine
 10
389.3914419999999836
 20
-143.5674719999999809
 30
0
 11
389.3818749999999795
 21
-143.5693749999999795
 31
0
  0
LINE
  5
132
330
1A
100
AcDbEntity
  8
F.Courtyard
  6
CONTINUOUS
100
AcDbLine
 10
389.3818749999999795
 20
-143.5693749999999795
 30
0
 11
374.8818749999999795
 21
-143.5693749999999795
 31
0
  0
LINE
  5
133
330
1A
100
AcDbEntity
  8
F.Courtyard
  6
CONTINUOUS
100
AcDbLine
 10
374.8818749999999795
 20
-143.5693749999999795
 30
0
 11
374.8723079999999754
 21
-143.5674719999999809
 31
0
  0
LINE
  5
134
330
1A
100
AcDbEntity
  8
F.Courtyard
  6
CONTINUOUS
100
AcDbLine
 10
374.8723079999999754
 20
-143.5674719999999809
 30
0
 11
374.8587779999999725
 21
-143.5539420000000064
 31
0
  0
LINE
  5
135
330
1A
100
AcDbEntity
  8
F.Courtyard
  6
CONTINUOUS
100
AcDbLine
 10
374.8587779999999725
 20
-143.5539420000000064
 30
0
 11
374.8568750000000023
 21
-143.5443750000000023
 31
0
  0
LINE
  5
136
330
1A
100
AcDbEntity
  8
F.Courtyard
  6
CONTINUOUS
100
AcDbLine
 10
374.8568750000000023
 20
-143.5443750000000023
 30
0
 11
374.8568750000000023
 21
-129.0443750000000023
 31
0
  0
LINE
  5
137
330
1A
100
AcDbEntity
  8
F.Courtyard
  6
CONTINUOUS
100
AcDbLine
 10
374.8568750000000023
 20
-129.0443750000000023
 30
0
 11
374.8587779999999725
 21
-129.0348079999999982
 31
0
  0
LINE
  5
138
330
1A
100
AcDbEntity
  8
F.Courtyard
  6
CONTINUOUS
100
AcDbLine
 10
374.8587779999999725
 20
-129.0348079999999982
 30
0
 11
374.8723079999999754
 21
-129.0212779999999952
 31
0
  0
LINE
  5
139
330
1A
100
AcDbEntity
  8
F.Courtyard
  6
CONTINUOUS
100
AcDbLine
 10
374.8723079999999754
 20
-129.0212779999999952
 30
0
 11
374.8818749999999795
 21
-129.0193749999999966
 31
0
  0
LINE
  5
13A
330
1A
100
AcDbEntity
  8
F.Courtyard
  6
CONTINUOUS
100
AcDbLine
 10
374.8818749999999795
 20
-129.0193749999999966
 30
0
 11
389.3818749999999795
 21
-129.0193749999999966
 31
0
  0
LINE
  5
13B
330
1A
100
AcDbEntity
  8
F.Courtyard
  6
CONTINUOUS
100
AcDbLine
 10
389.3818749999999795
 20
-129.0193749999999966
 30
0
 11
389.3914419999999836
 21
-129.0212779999999952
 31
0
  0
LINE
  5
13C
330
1A
100
AcDbEntity
  8
F.Courtyard
  6
CONTINUOUS
100
AcDbLine
 10
374.9068749999999568
 20
-129.069375000000008
 30
0
 11
374.9068749999999568
 21
-143.5193749999999966
 31
0
  0
LINE
  5
13D
330
1A
100
AcDbEntity
  8
F.Courtyard
  6
CONTINUOUS
100
AcDbLine
 10
374.9068749999999568
 20
-143.5193749999999966
 30
0
 11
389.3568750000000023
 21
-143.5193749999999966
 31
0
  0
LINE
  5
13E
330
1A
100
AcDbEntity
  8
F.Courtyard
  6
CONTINUOUS
100
AcDbLine
 10
389.3568750000000023
 20
-143.5193749999999966
 30
0
 11
389.3568750000000023
 21
-129.069375000000008
 31
0
  0
LINE
  5
13F
330
1A
100
AcDbEntity
  8
F.Courtyard
  6
CONTINUOUS
100
AcDbLine
 10
389.3568750000000023
 20
-129.069375000000008
 30
0
 11
374.9068749999999568
 21
-129.069375000000008
 31
0
  0
LINE
  5
140
330
1A
100
AcDbEntity
  8
F.Courtyard
  6
CONTINUOUS
100
AcDbLine
 10
48.5726919999999964
 20
-128.9587779999999952
 30
0
 11
48.5862219999999994
 21
-128.9723079999999982
 31
0
  0
LINE
  5
141
330
1A
100
AcDbEntity
  8
F.Courtyard
  6
CONTINUOUS
100
AcDbLine
 10
48.5862219999999994
 20
-128.9723079999999982
 30
0
 11
48.588124999999998
 21
-128.9818750000000023
 31
0
  0
LINE
  5
142
330
1A
100
AcDbEntity
  8
F.Courtyard
  6
CONTINUOUS
100
AcDbLine
 10
48.588124999999998
 20
-128.9818750000000023
 30
0
 11
48.588124999999998
 21
-143.4818750000000023
 31
0
  0
LINE
  5
143
330
1A
100
AcDbEntity
  8
F.Courtyard
  6
CONTINUOUS
100
AcDbLine
 10
48.588124999999998
 20
-143.4818750000000023
 30
0
 11
48.5862219999999994
 21
-143.4914420000000064
 31
0
  0
LINE
  5
144
330
1A
100
AcDbEntity
  8
F.Courtyard
  6
CONTINUOUS
100
AcDbLine
 10
48.5862219999999994
 20
-143.4914420000000064
 30
0
 11
48.5726919999999964
 21
-143.5049719999999809
 31
0
  0
LINE
  5
145
330
1A
100
AcDbEntity
  8
F.Courtyard
  6
CONTINUOUS
100
AcDbLine
 10
48.5726919999999964
 20
-143.5049719999999809
 30
0
 11
48.5631249999999994
 21
-143.5068749999999795
 31
0
  0
LINE
  5
146
330
1A
100
AcDbEntity
  8
F.Courtyard
  6
CONTINUOUS
100
AcDbLine
 10
48.5631249999999994
 20
-143.5068749999999795
 30
0
 11
34.0631249999999994
 21
-143.5068749999999795
 31
0
  0
LINE
  5
147
330
1A
100
AcDbEntity
  8
F.Courtyard
  6
CONTINUOUS
100
AcDbLine
 10
34.0631249999999994
 20
-143.5068749999999795
 30
0
 11
34.0535579999999953
 21
-143.5049719999999809
 31
0
  0
LINE
  5
148
330
1A
100
AcDbEntity
  8
F.Courtyard
  6
CONTINUOUS
100
AcDbLine
 10
34.0535579999999953
 20
-143.5049719999999809
 30
0
 11
34.0400279999999995
 21
-143.4914420000000064
 31
0
  0
LINE
  5
149
330
1A
100
AcDbEntity
  8
F.Courtyard
  6
CONTINUOUS
100
AcDbLine
 10
34.0400279999999995
 20
-143.4914420000000064
 30
0
 11
34.0381250000000009
 21
-143.4818750000000023
 31
0
  0
LINE
  5
14A
330
1A
100
AcDbEntity
  8
F.Courtyard
  6
CONTINUOUS
100
AcDbLine
 10
34.0381250000000009
 20
-143.4818750000000023
 30
0
 11
34.0381250000000009
 21
-128.9818750000000023
 31
0
  0
LINE
  5
14B
330
1A
100
AcDbEntity
  8
F.Courtyard
  6
CONTINUOUS
100
AcDbLine
 10
34.0381250000000009
 20
-128.9818750000000023
 30
0
 11
34.0400279999999995
 21
-128.9723079999999982
 31
0
  0
LINE
  5
14C
330
1A
100
AcDbEntity
  8
F.Courtyard
  6
CONTINUOUS
100
AcDbLine
 10
34.0400279999999995
 20
-128.9723079999999982
 30
0
 11
34.0535579999999953
 21
-128.9587779999999952
 31
0
  0
LINE
  5
14D
330
1A
100
AcDbEntity
  8
F.Courtyard
  6
CONTINUOUS
100
AcDbLine
 10
34.0535579999999953
 20
-128.9587779999999952
 30
0
 11
34.0631249999999994
 21
-128.9568749999999966
 31
0
  0
LINE
  5
14E
330
1A
100
AcDbEntity
  8
F.Courtyard
  6
CONTINUOUS
100
AcDbLine
 10
34.0631249999999994
 20
-128.9568749999999966
 30
0
 11
48.5631249999999994
 21
-128.9568749999999966
 31
0
  0
LINE
  5
14F
330
1A
100
AcDbEntity
  8
F.Courtyard
  6
CONTINUOUS
100
AcDbLine
 10
48.5631249999999994
 20
-128.9568749999999966
 30
0
 11
48.5726919999999964
 21
-128.9587779999999952
 31
0
  0
LINE
  5
150
330
1A
100
AcDbEntity
  8
F.Courtyard
  6
CONTINUOUS
100
AcDbLine
 10
34.088124999999998
 20
-129.006875000000008
 30
0
 11
34.088124999999998
 21
-143.4568749999999966
 31
0
  0
LINE
  5
151
330
1A
100
AcDbEntity
  8
F.Courtyard
  6
CONTINUOUS
100
AcDbLine
 10
34.088124999999998
 20
-143.4568749999999966
 30
0
 11
48.5381250000000009
 21
-143.4568749999999966
 31
0
  0
LINE
  5
152
330
1A
100
AcDbEntity
  8
F.Courtyard
  6
CONTINUOUS
100
AcDbLine
 10
48.5381250000000009
 20
-143.4568749999999966
 30
0
 11
48.5381250000000009
 21
-129.006875000000008
 31
0
  0
LINE
  5
153
330
1A
100
AcDbEntity
  8
F.Courtyard
  6
CONTINUOUS
100
AcDbLine
 10
48.5381250000000009
 20
-129.006875000000008
 30
0
 11
34.088124999999998
 21
-129.006875000000008
 31
0
  0
LINE
  5
154
330
1A
100
AcDbEntity
  8
F.Courtyard
  6
CONTINUOUS
100
AcDbLine
 10
79.211441999999991
 20
-128.9587779999999952
 30
0
 11
79.224971999999994
 21
-128.9723079999999982
 31
0
  0
LINE
  5
155
330
1A
100
AcDbEntity
  8
F.Courtyard
  6
CONTINUOUS
100
AcDbLine
 10
79.224971999999994
 20
-128.9723079999999982
 30
0
 11
79.2268749999999926
 21
-128.9818750000000023
 31
0
  0
LINE
  5
156
330
1A
100
AcDbEntity
  8
F.Courtyard
  6
CONTINUOUS
100
AcDbLine
 10
79.2268749999999926
 20
-128.9818750000000023
 30
0
 11
79.2268749999999926
 21
-143.4818750000000023
 31
0
  0
LINE
  5
157
330
1A
100
AcDbEntity
  8
F.Courtyard
  6
CONTINUOUS
100
AcDbLine
 10
79.2268749999999926
 20
-143.4818750000000023
 30
0
 11
79.224971999999994
 21
-143.4914420000000064
 31
0
  0
LINE
  5
158
330
1A
100
AcDbEntity
  8
F.Courtyard
  6
CONTINUOUS
100
AcDbLine
 10
79.224971999999994
 20
-143.4914420000000064
 30
0
 11
79.211441999999991
 21
-143.5049719999999809
 31
0
  0
LINE
  5
159
330
1A
100
AcDbEntity
  8
F.Courtyard
  6
CONTINUOUS
100
AcDbLine
 10
79.211441999999991
 20
-143.5049719999999809
 30
0
 11
79.2018750000000011
 21
-143.5068749999999795
 31
0
  0
LINE
  5
15A
330
1A
100
AcDbEntity
  8
F.Courtyard
  6
CONTINUOUS
100
AcDbLine
 10
79.2018750000000011
 20
-143.5068749999999795
 30
0
 11
64.7018750000000011
 21
-143.5068749999999795
 31
0
  0
LINE
  5
15B
330
1A
100
AcDbEntity
  8
F.Courtyard
  6
CONTINUOUS
100
AcDbLine
 10
64.7018750000000011
 20
-143.5068749999999795
 30
0
 11
64.692307999999997
 21
-143.5049719999999809
 31
0
  0
LINE
  5
15C
330
1A
100
AcDbEntity
  8
F.Courtyard
  6
CONTINUOUS
100
AcDbLine
 10
64.692307999999997
 20
-143.5049719999999809
 30
0
 11
64.6787779999999941
 21
-143.4914420000000064
 31
0
  0
LINE
  5
15D
330
1A
100
AcDbEntity
  8
F.Courtyard
  6
CONTINUOUS
100
AcDbLine
 10
64.6787779999999941
 20
-143.4914420000000064
 30
0
 11
64.6768749999999955
 21
-143.4818750000000023
 31
0
  0
LINE
  5
15E
330
1A
100
AcDbEntity
  8
F.Courtyard
  6
CONTINUOUS
100
AcDbLine
 10
64.6768749999999955
 20
-143.4818750000000023
 30
0
 11
64.6768749999999955
 21
-128.9818750000000023
 31
0
  0
LINE
  5
15F
330
1A
100
AcDbEntity
  8
F.Courtyard
  6
CONTINUOUS
100
AcDbLine
 10
64.6768749999999955
 20
-128.9818750000000023
 30
0
 11
64.6787779999999941
 21
-128.9723079999999982
 31
0
  0
LINE
  5
160
330
1A
100
AcDbEntity
  8
F.Courtyard
  6
CONTINUOUS
100
AcDbLine
 10
64.6787779999999941
 20
-128.9723079999999982
 30
0
 11
64.692307999999997
 21
-128.9587779999999952
 31
0
  0
LINE
  5
161
330
1A
100
AcDbEntity
  8
F.Courtyard
  6
CONTINUOUS
100
AcDbLine
 10
64.692307999999997
 20
-128.9587779999999952
 30
0
 11
64.7018750000000011
 21
-128.9568749999999966
 31
0
  0
LINE
  5
162
330
1A
100
AcDbEntity
  8
F.Courtyard
  6
CONTINUOUS
100
AcDbLine
 10
64.7018750000000011
 20
-128.9568749999999966
 30
0
 11
79.2018750000000011
 21
-128.9568749999999966
 31
0
  0
LINE
  5
163
330
1A
100
AcDbEntity
  8
F.Courtyard
  6
CONTINUOUS
100
AcDbLine
 10
79.2018750000000011
 20
-128.9568749999999966
 30
0
 11
79.211441999999991
 21
-128.9587779999999952
 31
0
  0
LINE
  5
164
330
1A
100
AcDbEntity
  8
F.Courtyard
  6
CONTINUOUS
100
AcDbLine
 10
64.7268749999999926
 20
-129.006875000000008
 30
0
 11
64.7268749999999926
 21
-143.4568749999999966
 31
0
  0
LINE
  5
165
330
1A
100
AcDbEntity
  8
F.Courtyard
  6
CONTINUOUS
100
AcDbLine
 10
64.7268749999999926
 20
-143.4568749999999966
 30
0
 11
79.1768749999999955
 21
-143.4568749999999966
 31
0
  0
LINE
  5
166
330
1A
100
AcDbEntity
  8
F.Courtyard
  6
CONTINUOUS
100
AcDbLine
 10
79.1768749999999955
 20
-143.4568749999999966
 30
0
 11
79.1768749999999955
 21
-129.006875000000008
 31
0
  0
LINE
  5
167
330
1A
100
AcDbEntity
  8
F.Courtyard
  6
CONTINUOUS
100
AcDbLine
 10
79.1768749999999955
 20
-129.006875000000008
 30
0
 11
64.7268749999999926
 21
-129.006875000000008
 31
0
  0
LINE
  5
168
330
1A
100
AcDbEntity
  8
F.Courtyard
  6
CONTINUOUS
100
AcDbLine
 10
98.2614420000000024
 20
-128.9587779999999952
 30
0
 11
98.2749719999999911
 21
-128.9723079999999982
 31
0
  0
LINE
  5
169
330
1A
100
AcDbEntity
  8
F.Courtyard
  6
CONTINUOUS
100
AcDbLine
 10
98.2749719999999911
 20
-128.9723079999999982
 30
0
 11
98.2768749999999898
 21
-128.9818750000000023
 31
0
  0
LINE
  5
16A
330
1A
100
AcDbEntity
  8
F.Courtyard
  6
CONTINUOUS
100
AcDbLine
 10
98.2768749999999898
 20
-128.9818750000000023
 30
0
 11
98.2768749999999898
 21
-143.4818750000000023
 31
0
  0
LINE
  5
16B
330
1A
100
AcDbEntity
  8
F.Courtyard
  6
CONTINUOUS
100
AcDbLine
 10
98.2768749999999898
 20
-143.4818750000000023
 30
0
 11
98.2749719999999911
 21
-143.4914420000000064
 31
0
  0
LINE
  5
16C
330
1A
100
AcDbEntity
  8
F.Courtyard
  6
CONTINUOUS
100
AcDbLine
 10
98.2749719999999911
 20
-143.4914420000000064
 30
0
 11
98.2614420000000024
 21
-143.5049719999999809
 31
0
  0
LINE
  5
16D
330
1A
100
AcDbEntity
  8
F.Courtyard
  6
CONTINUOUS
100
AcDbLine
 10
98.2614420000000024
 20
-143.5049719999999809
 30
0
 11
98.2518749999999983
 21
-143.5068749999999795
 31
0
  0
LINE
  5
16E
330
1A
100
AcDbEntity
  8
F.Courtyard
  6
CONTINUOUS
100
AcDbLine
 10
98.2518749999999983
 20
-143.5068749999999795
 30
0
 11
83.7518749999999983
 21
-143.5068749999999795
 31
0
  0
LINE
  5
16F
330
1A
100
AcDbEntity
  8
F.Courtyard
  6
CONTINUOUS
100
AcDbLine
 10
83.7518749999999983
 20
-143.5068749999999795
 30
0
 11
83.7423079999999942
 21
-143.5049719999999809
 31
0
  0
LINE
  5
170
330
1A
100
AcDbEntity
  8
F.Courtyard
  6
CONTINUOUS
100
AcDbLine
 10
83.7423079999999942
 20
-143.5049719999999809
 30
0
 11
83.7287779999999913
 21
-143.4914420000000064
 31
0
  0
LINE
  5
171
330
1A
100
AcDbEntity
  8
F.Courtyard
  6
CONTINUOUS
100
AcDbLine
 10
83.7287779999999913
 20
-143.4914420000000064
 30
0
 11
83.7268749999999926
 21
-143.4818750000000023
 31
0
  0
LINE
  5
172
330
1A
100
AcDbEntity
  8
F.Courtyard
  6
CONTINUOUS
100
AcDbLine
 10
83.7268749999999926
 20
-143.4818750000000023
 30
0
 11
83.7268749999999926
 21
-128.9818750000000023
 31
0
  0
LINE
  5
173
330
1A
100
AcDbEntity
  8
F.Courtyard
  6
CONTINUOUS
100
AcDbLine
 10
83.7268749999999926
 20
-128.9818750000000023
 30
0
 11
83.7287779999999913
 21
-128.9723079999999982
 31
0
  0
LINE
  5
174
330
1A
100
AcDbEntity
  8
F.Courtyard
  6
CONTINUOUS
100
AcDbLine
 10
83.7287779999999913
 20
-128.9723079999999982
 30
0
 11
83.7423079999999942
 21
-128.9587779999999952
 31
0
  0
LINE
  5
175
330
1A
100
AcDbEntity
  8
F.Courtyard
  6
CONTINUOUS
100
AcDbLine
 10
83.7423079999999942
 20
-128.9587779999999952
 30
0
 11
83.7518749999999983
 21
-128.9568749999999966
 31
0
  0
LINE
  5
176
330
1A
100
AcDbEntity
  8
F.Courtyard
  6
CONTINUOUS
100
AcDbLine
 10
83.7518749999999983
 20
-128.9568749999999966
 30
0
 11
98.2518749999999983
 21
-128.9568749999999966
 31
0
  0
LINE
  5
177
330
1A
100
AcDbEntity
  8
F.Courtyard
  6
CONTINUOUS
100
AcDbLine
 10
98.2518749999999983
 20
-128.9568749999999966
 30
0
 11
98.2614420000000024
 21
-128.9587779999999952
 31
0
  0
LINE
  5
178
330
1A
100
AcDbEntity
  8
F.Courtyard
  6
CONTINUOUS
100
AcDbLine
 10
83.7768749999999898
 20
-129.006875000000008
 30
0
 11
83.7768749999999898
 21
-143.4568749999999966
 31
0
  0
LINE
  5
179
330
1A
100
AcDbEntity
  8
F.Courtyard
  6
CONTINUOUS
100
AcDbLine
 10
83.7768749999999898
 20
-143.4568749999999966
 30
0
 11
98.2268749999999926
 21
-143.4568749999999966
 31
0
  0
LINE
  5
17A
330
1A
100
AcDbEntity
  8
F.Courtyard
  6
CONTINUOUS
100
AcDbLine
 10
98.2268749999999926
 20
-143.4568749999999966
 30
0
 11
98.2268749999999926
 21
-129.006875000000008
 31
0
  0
LINE
  5
17B
330
1A
100
AcDbEntity
  8
F.Courtyard
  6
CONTINUOUS
100
AcDbLine
 10
98.2268749999999926
 20
-129.006875000000008
 30
0
 11
83.7768749999999898
 21
-129.006875000000008
 31
0
  0
LINE
  5
17C
330
1A
100
AcDbEntity
  8
F.Courtyard
  6
CONTINUOUS
100
AcDbLine
 10
117.3114419999999996
 20
-128.9587779999999952
 30
0
 11
117.3249719999999883
 21
-128.9723079999999982
 31
0
  0
LINE
  5
17D
330
1A
100
AcDbEntity
  8
F.Courtyard
  6
CONTINUOUS
100
AcDbLine
 10
117.3249719999999883
 20
-128.9723079999999982
 30
0
 11
117.3268750000000011
 21
-128.9818750000000023
 31
0
  0
LINE
  5
17E
330
1A
100
AcDbEntity
  8
F.Courtyard
  6
CONTINUOUS
100
AcDbLine
 10
117.3268750000000011
 20
-128.9818750000000023
 30
0
 11
117.3268750000000011
 21
-143.4818750000000023
 31
0
  0
LINE
  5
17F
330
1A
100
AcDbEntity
  8
F.Courtyard
  6
CONTINUOUS
100
AcDbLine
 10
117.3268750000000011
 20
-143.4818750000000023
 30
0
 11
117.3249719999999883
 21
-143.4914420000000064
 31
0
  0
LINE
  5
180
330
1A
100
AcDbEntity
  8
F.Courtyard
  6
CONTINUOUS
100
AcDbLine
 10
117.3249719999999883
 20
-143.4914420000000064
 30
0
 11
117.3114419999999996
 21
-143.5049719999999809
 31
0
  0
LINE
  5
181
330
1A
100
AcDbEntity
  8
F.Courtyard
  6
CONTINUOUS
100
AcDbLine
 10
117.3114419999999996
 20
-143.5049719999999809
 30
0
 11
117.3018749999999955
 21
-143.5068749999999795
 31
0
  0
LINE
  5
182
330
1A
100
AcDbEntity
  8
F.Courtyard
  6
CONTINUOUS
100
AcDbLine
 10
117.3018749999999955
 20
-143.5068749999999795
 30
0
 11
102.8018749999999955
 21
-143.5068749999999795
 31
0
  0
LINE
  5
183
330
1A
100
AcDbEntity
  8
F.Courtyard
  6
CONTINUOUS
100
AcDbLine
 10
102.8018749999999955
 20
-143.5068749999999795
 30
0
 11
102.7923079999999914
 21
-143.5049719999999809
 31
0
  0
LINE
  5
184
330
1A
100
AcDbEntity
  8
F.Courtyard
  6
CONTINUOUS
100
AcDbLine
 10
102.7923079999999914
 20
-143.5049719999999809
 30
0
 11
102.7787779999999884
 21
-143.4914420000000064
 31
0
  0
LINE
  5
185
330
1A
100
AcDbEntity
  8
F.Courtyard
  6
CONTINUOUS
100
AcDbLine
 10
102.7787779999999884
 20
-143.4914420000000064
 30
0
 11
102.7768749999999898
 21
-143.4818750000000023
 31
0
  0
LINE
  5
186
330
1A
100
AcDbEntity
  8
F.Courtyard
  6
CONTINUOUS
100
AcDbLine
 10
102.7768749999999898
 20
-143.4818750000000023
 30
0
 11
102.7768749999999898
 21
-128.9818750000000023
 31
0
  0
LINE
  5
187
330
1A
100
AcDbEntity
  8
F.Courtyard
  6
CONTINUOUS
100
AcDbLine
 10
102.7768749999999898
 20
-128.9818750000000023
 30
0
 11
102.7787779999999884
 21
-128.9723079999999982
 31
0
  0
LINE
  5
188
330
1A
100
AcDbEntity
  8
F.Courtyard
  6
CONTINUOUS
100
AcDbLine
 10
102.7787779999999884
 20
-128.9723079999999982
 30
0
 11
102.7923079999999914
 21
-128.9587779999999952
 31
0
  0
LINE
  5
189
330
1A
100
AcDbEntity
  8
F.Courtyard
  6
CONTINUOUS
100
AcDbLine
 10
102.7923079999999914
 20
-128.9587779999999952
 30
0
 11
102.8018749999999955
 21
-128.9568749999999966
 31
0
  0
LINE
  5
18A
330
1A
100
AcDbEntity
  8
F.Courtyard
  6
CONTINUOUS
100
AcDbLine
 10
102.8018749999999955
 20
-128.9568749999999966
 30
0
 11
117.3018749999999955
 21
-128.9568749999999966
 31
0
  0
LINE
  5
18B
330
1A
100
AcDbEntity
  8
F.Courtyard
  6
CONTINUOUS
100
AcDbLine
 10
117.3018749999999955
 20
-128.9568749999999966
 30
0
 11
117.3114419999999996
 21
-128.9587779999999952
 31
0
  0
LINE
  5
18C
330
1A
100
AcDbEntity
  8
F.Courtyard
  6
CONTINUOUS
100
AcDbLine
 10
102.8268750000000011
 20
-129.006875000000008
 30
0
 11
102.8268750000000011
 21
-143.4568749999999966
 31
0
  0
LINE
  5
18D
330
1A
100
AcDbEntity
  8
F.Courtyard
  6
CONTINUOUS
100
AcDbLine
 10
102.8268750000000011
 20
-143.4568749999999966
 30
0
 11
117.2768749999999898
 21
-143.4568749999999966
 31
0
  0
LINE
  5
18E
330
1A
100
AcDbEntity
  8
F.Courtyard
  6
CONTINUOUS
100
AcDbLine
 10
117.2768749999999898
 20
-143.4568749999999966
 30
0
 11
117.2768749999999898
 21
-129.006875000000008
 31
0
  0
LINE
  5
18F
330
1A
100
AcDbEntity
  8
F.Courtyard
  6
CONTINUOUS
100
AcDbLine
 10
117.2768749999999898
 20
-129.006875000000008
 30
0
 11
102.8268750000000011
 21
-129.006875000000008
 31
0
  0
LINE
  5
190
330
1A
100
AcDbEntity
  8
F.Courtyard
  6
CONTINUOUS
100
AcDbLine
 10
136.3614419999999825
 20
-128.9587779999999952
 30
0
 11
136.3749719999999854
 21
-128.9723079999999982
 31
0
  0
LINE
  5
191
330
1A
100
AcDbEntity
  8
F.Courtyard
  6
CONTINUOUS
100
AcDbLine
 10
136.3749719999999854
 20
-128.9723079999999982
 30
0
 11
136.3768749999999841
 21
-128.9818750000000023
 31
0
  0
LINE
  5
192
330
1A
100
AcDbEntity
  8
F.Courtyard
  6
CONTINUOUS
100
AcDbLine
 10
136.3768749999999841
 20
-128.9818750000000023
 30
0
 11
136.3768749999999841
 21
-143.4818750000000023
 31
0
  0
LINE
  5
193
330
1A
100
AcDbEntity
  8
F.Courtyard
  6
CONTINUOUS
100
AcDbLine
 10
136.3768749999999841
 20
-143.4818750000000023
 30
0
 11
136.3749719999999854
 21
-143.4914420000000064
 31
0
  0
LINE
  5
194
330
1A
100
AcDbEntity
  8
F.Courtyard
  6
CONTINUOUS
100
AcDbLine
 10
136.3749719999999854
 20
-143.4914420000000064
 30
0
 11
136.3614419999999825
 21
-143.5049719999999809
 31
0
  0
LINE
  5
195
330
1A
100
AcDbEntity
  8
F.Courtyard
  6
CONTINUOUS
100
AcDbLine
 10
136.3614419999999825
 20
-143.5049719999999809
 30
0
 11
136.3518750000000068
 21
-143.5068749999999795
 31
0
  0
LINE
  5
196
330
1A
100
AcDbEntity
  8
F.Courtyard
  6
CONTINUOUS
100
AcDbLine
 10
136.3518750000000068
 20
-143.5068749999999795
 30
0
 11
121.8518749999999926
 21
-143.5068749999999795
 31
0
  0
LINE
  5
197
330
1A
100
AcDbEntity
  8
F.Courtyard
  6
CONTINUOUS
100
AcDbLine
 10
121.8518749999999926
 20
-143.5068749999999795
 30
0
 11
121.8423079999999885
 21
-143.5049719999999809
 31
0
  0
LINE
  5
198
330
1A
100
AcDbEntity
  8
F.Courtyard
  6
CONTINUOUS
100
AcDbLine
 10
121.8423079999999885
 20
-143.5049719999999809
 30
0
 11
121.8287779999999998
 21
-143.4914420000000064
 31
0
  0
LINE
  5
199
330
1A
100
AcDbEntity
  8
F.Courtyard
  6
CONTINUOUS
100
AcDbLine
 10
121.8287779999999998
 20
-143.4914420000000064
 30
0
 11
121.8268750000000011
 21
-143.4818750000000023
 31
0
  0
LINE
  5
19A
330
1A
100
AcDbEntity
  8
F.Courtyard
  6
CONTINUOUS
100
AcDbLine
 10
121.8268750000000011
 20
-143.4818750000000023
 30
0
 11
121.8268750000000011
 21
-128.9818750000000023
 31
0
  0
LINE
  5
19B
330
1A
100
AcDbEntity
  8
F.Courtyard
  6
CONTINUOUS
100
AcDbLine
 10
121.8268750000000011
 20
-128.9818750000000023
 30
0
 11
121.8287779999999998
 21
-128.9723079999999982
 31
0
  0
LINE
  5
19C
330
1A
100
AcDbEntity
  8
F.Courtyard
  6
CONTINUOUS
100
AcDbLine
 10
121.8287779999999998
 20
-128.9723079999999982
 30
0
 11
121.8423079999999885
 21
-128.9587779999999952
 31
0
  0
LINE
  5
19D
330
1A
100
AcDbEntity
  8
F.Courtyard
  6
CONTINUOUS
100
AcDbLine
 10
121.8423079999999885
 20
-128.9587779999999952
 30
0
 11
121.8518749999999926
 21
-128.9568749999999966
 31
0
  0
LINE
  5
19E
330
1A
100
AcDbEntity
  8
F.Courtyard
  6
CONTINUOUS
100
AcDbLine
 10
121.8518749999999926
 20
-128.9568749999999966
 30
0
 11
136.3518750000000068
 21
-128.9568749999999966
 31
0
  0
LINE
  5
19F
330
1A
100
AcDbEntity
  8
F.Courtyard
  6
CONTINUOUS
100
AcDbLine
 10
136.3518750000000068
 20
-128.9568749999999966
 30
0
 11
136.3614419999999825
 21
-128.9587779999999952
 31
0
  0
LINE
  5
1A0
330
1A
100
AcDbEntity
  8
F.Courtyard
  6
CONTINUOUS
100
AcDbLine
 10
121.8768749999999983
 20
-129.006875000000008
 30
0
 11
121.8768749999999983
 21
-143.4568749999999966
 31
0
  0
LINE
  5
1A1
330
1A
100
AcDbEntity
  8
F.Courtyard
  6
CONTINUOUS
100
AcDbLine
 10
121.8768749999999983
 20
-143.4568749999999966
 30
0
 11
136.3268750000000011
 21
-143.4568749999999966
 31
0
  0
LINE
  5
1A2
330
1A
100
AcDbEntity
  8
F.Courtyard
  6
CONTINUOUS
100
AcDbLine
 10
136.3268750000000011
 20
-143.4568749999999966
 30
0
 11
136.3268750000000011
 21
-129.006875000000008
 31
0
  0
LINE
  5
1A3
330
1A
100
AcDbEntity
  8
F.Courtyard
  6
CONTINUOUS
100
AcDbLine
 10
136.3268750000000011
 20
-129.006875000000008
 30
0
 11
121.8768749999999983
 21
-129.006875000000008
 31
0
  0
LINE
  5
1A4
330
1A
100
AcDbEntity
  8
F.Courtyard
  6
CONTINUOUS
100
AcDbLine
 10
155.4114419999999939
 20
-128.9587779999999952
 30
0
 11
155.4249719999999968
 21
-128.9723079999999982
 31
0
  0
LINE
  5
1A5
330
1A
100
AcDbEntity
  8
F.Courtyard
  6
CONTINUOUS
100
AcDbLine
 10
155.4249719999999968
 20
-128.9723079999999982
 30
0
 11
155.4268749999999955
 21
-128.9818750000000023
 31
0
  0
LINE
  5
1A6
330
1A
100
AcDbEntity
  8
F.Courtyard
  6
CONTINUOUS
100
AcDbLine
 10
155.4268749999999955
 20
-128.9818750000000023
 30
0
 11
155.4268749999999955
 21
-143.4818750000000023
 31
0
  0
LINE
  5
1A7
330
1A
100
AcDbEntity
  8
F.Courtyard
  6
CONTINUOUS
100
AcDbLine
 10
155.4268749999999955
 20
-143.4818750000000023
 30
0
 11
155.4249719999999968
 21
-143.4914420000000064
 31
0
  0
LINE
  5
1A8
330
1A
100
AcDbEntity
  8
F.Courtyard
  6
CONTINUOUS
100
AcDbLine
 10
155.4249719999999968
 20
-143.4914420000000064
 30
0
 11
155.4114419999999939
 21
-143.5049719999999809
 31
0
  0
LINE
  5
1A9
330
1A
100
AcDbEntity
  8
F.Courtyard
  6
CONTINUOUS
100
AcDbLine
 10
155.4114419999999939
 20
-143.5049719999999809
 30
0
 11
155.4018749999999898
 21
-143.5068749999999795
 31
0
  0
LINE
  5
1AA
330
1A
100
AcDbEntity
  8
F.Courtyard
  6
CONTINUOUS
100
AcDbLine
 10
155.4018749999999898
 20
-143.5068749999999795
 30
0
 11
140.9018749999999898
 21
-143.5068749999999795
 31
0
  0
LINE
  5
1AB
330
1A
100
AcDbEntity
  8
F.Courtyard
  6
CONTINUOUS
100
AcDbLine
 10
140.9018749999999898
 20
-143.5068749999999795
 30
0
 11
140.8923079999999857
 21
-143.5049719999999809
 31
0
  0
LINE
  5
1AC
330
1A
100
AcDbEntity
  8
F.Courtyard
  6
CONTINUOUS
100
AcDbLine
 10
140.8923079999999857
 20
-143.5049719999999809
 30
0
 11
140.8787779999999827
 21
-143.4914420000000064
 31
0
  0
LINE
  5
1AD
330
1A
100
AcDbEntity
  8
F.Courtyard
  6
CONTINUOUS
100
AcDbLine
 10
140.8787779999999827
 20
-143.4914420000000064
 30
0
 11
140.8768749999999841
 21
-143.4818750000000023
 31
0
  0
LINE
  5
1AE
330
1A
100
AcDbEntity
  8
F.Courtyard
  6
CONTINUOUS
100
AcDbLine
 10
140.8768749999999841
 20
-143.4818750000000023
 30
0
 11
140.8768749999999841
 21
-128.9818750000000023
 31
0
  0
LINE
  5
1AF
330
1A
100
AcDbEntity
  8
F.Courtyard
  6
CONTINUOUS
100
AcDbLine
 10
140.8768749999999841
 20
-128.9818750000000023
 30
0
 11
140.8787779999999827
 21
-128.9723079999999982
 31
0
  0
LINE
  5
1B0
330
1A
100
AcDbEntity
  8
F.Courtyard
  6
CONTINUOUS
100
AcDbLine
 10
140.8787779999999827
 20
-128.9723079999999982
 30
0
 11
140.8923079999999857
 21
-128.9587779999999952
 31
0
  0
LINE
  5
1B1
330
1A
100
AcDbEntity
  8
F.Courtyard
  6
CONTINUOUS
100
AcDbLine
 10
140.8923079999999857
 20
-128.9587779999999952
 30
0
 11
140.9018749999999898
 21
-128.9568749999999966
 31
0
  0
LINE
  5
1B2
330
1A
100
AcDbEntity
  8
F.Courtyard
  6
CONTINUOUS
100
AcDbLine
 10
140.9018749999999898
 20
-128.9568749999999966
 30
0
 11
155.4018749999999898
 21
-128.9568749999999966
 31
0
  0
LINE
  5
1B3
330
1A
100
AcDbEntity
  8
F.Courtyard
  6
CONTINUOUS
100
AcDbLine
 10
155.4018749999999898
 20
-128.9568749999999966
 30
0
 11
155.4114419999999939
 21
-128.9587779999999952
 31
0
  0
LINE
  5
1B4
330
1A
100
AcDbEntity
  8
F.Courtyard
  6
CONTINUOUS
100
AcDbLine
 10
140.9268749999999955
 20
-129.006875000000008
 30
0
 11
140.9268749999999955
 21
-143.4568749999999966
 31
0
  0
LINE
  5
1B5
330
1A
100
AcDbEntity
  8
F.Courtyard
  6
CONTINUOUS
100
AcDbLine
 10
140.9268749999999955
 20
-143.4568749999999966
 30
0
 11
155.3768749999999841
 21
-143.4568749999999966
 31
0
  0
LINE
  5
1B6
330
1A
100
AcDbEntity
  8
F.Courtyard
  6
CONTINUOUS
100
AcDbLine
 10
155.3768749999999841
 20
-143.4568749999999966
 30
0
 11
155.3768749999999841
 21
-129.006875000000008
 31
0
  0
LINE
  5
1B7
330
1A
100
AcDbEntity
  8
F.Courtyard
  6
CONTINUOUS
100
AcDbLine
 10
155.3768749999999841
 20
-129.006875000000008
 30
0
 11
140.9268749999999955
 21
-129.006875000000008
 31
0
  0
LINE
  5
1B8
330
1A
100
AcDbEntity
  8
F.Courtyard
  6
CONTINUOUS
100
AcDbLine
 10
174.4614420000000052
 20
-128.9587779999999952
 30
0
 11
174.4749719999999797
 21
-128.9723079999999982
 31
0
  0
LINE
  5
1B9
330
1A
100
AcDbEntity
  8
F.Courtyard
  6
CONTINUOUS
100
AcDbLine
 10
174.4749719999999797
 20
-128.9723079999999982
 30
0
 11
174.4768749999999784
 21
-128.9818750000000023
 31
0
  0
LINE
  5
1BA
330
1A
100
AcDbEntity
  8
F.Courtyard
  6
CONTINUOUS
100
AcDbLine
 10
174.4768749999999784
 20
-128.9818750000000023
 30
0
 11
174.4768749999999784
 21
-143.4818750000000023
 31
0
  0
LINE
  5
1BB
330
1A
100
AcDbEntity
  8
F.Courtyard
  6
CONTINUOUS
100
AcDbLine
 10
174.4768749999999784
 20
-143.4818750000000023
 30
0
 11
174.4749719999999797
 21
-143.4914420000000064
 31
0
  0
LINE
  5
1BC
330
1A
100
AcDbEntity
  8
F.Courtyard
  6
CONTINUOUS
100
AcDbLine
 10
174.4749719999999797
 20
-143.4914420000000064
 30
0
 11
174.4614420000000052
 21
-143.5049719999999809
 31
0
  0
LINE
  5
1BD
330
1A
100
AcDbEntity
  8
F.Courtyard
  6
CONTINUOUS
100
AcDbLine
 10
174.4614420000000052
 20
-143.5049719999999809
 30
0
 11
174.4518750000000011
 21
-143.5068749999999795
 31
0
  0
LINE
  5
1BE
330
1A
100
AcDbEntity
  8
F.Courtyard
  6
CONTINUOUS
100
AcDbLine
 10
174.4518750000000011
 20
-143.5068749999999795
 30
0
 11
159.9518750000000011
 21
-143.5068749999999795
 31
0
  0
LINE
  5
1BF
330
1A
100
AcDbEntity
  8
F.Courtyard
  6
CONTINUOUS
100
AcDbLine
 10
159.9518750000000011
 20
-143.5068749999999795
 30
0
 11
159.942307999999997
 21
-143.5049719999999809
 31
0
  0
LINE
  5
1C0
330
1A
100
AcDbEntity
  8
F.Courtyard
  6
CONTINUOUS
100
AcDbLine
 10
159.942307999999997
 20
-143.5049719999999809
 30
0
 11
159.9287779999999941
 21
-143.4914420000000064
 31
0
  0
LINE
  5
1C1
330
1A
100
AcDbEntity
  8
F.Courtyard
  6
CONTINUOUS
100
AcDbLine
 10
159.9287779999999941
 20
-143.4914420000000064
 30
0
 11
159.9268749999999955
 21
-143.4818750000000023
 31
0
  0
LINE
  5
1C2
330
1A
100
AcDbEntity
  8
F.Courtyard
  6
CONTINUOUS
100
AcDbLine
 10
159.9268749999999955
 20
-143.4818750000000023
 30
0
 11
159.9268749999999955
 21
-128.9818750000000023
 31
0
  0
LINE
  5
1C3
330
1A
100
AcDbEntity
  8
F.Courtyard
  6
CONTINUOUS
100
AcDbLine
 10
159.9268749999999955
 20
-128.9818750000000023
 30
0
 11
159.9287779999999941
 21
-128.9723079999999982
 31
0
  0
LINE
  5
1C4
330
1A
100
AcDbEntity
  8
F.Courtyard
  6
CONTINUOUS
100
AcDbLine
 10
159.9287779999999941
 20
-128.9723079999999982
 30
0
 11
159.942307999999997
 21
-128.9587779999999952
 31
0
  0
LINE
  5
1C5
330
1A
100
AcDbEntity
  8
F.Courtyard
  6
CONTINUOUS
100
AcDbLine
 10
159.942307999999997
 20
-128.9587779999999952
 30
0
 11
159.9518750000000011
 21
-128.9568749999999966
 31
0
  0
LINE
  5
1C6
330
1A
100
AcDbEntity
  8
F.Courtyard
  6
CONTINUOUS
100
AcDbLine
 10
159.9518750000000011
 20
-128.9568749999999966
 30
0
 11
174.4518750000000011
 21
-128.9568749999999966
 31
0
  0
LINE
  5
1C7
330
1A
100
AcDbEntity
  8
F.Courtyard
  6
CONTINUOUS
100
AcDbLine
 10
174.4518750000000011
 20
-128.9568749999999966
 30
0
 11
174.4614420000000052
 21
-128.9587779999999952
 31
0
  0
LINE
  5
1C8
330
1A
100
AcDbEntity
  8
F.Courtyard
  6
CONTINUOUS
100
AcDbLine
 10
159.9768750000000068
 20
-129.006875000000008
 30
0
 11
159.9768750000000068
 21
-143.4568749999999966
 31
0
  0
LINE
  5
1C9
330
1A
100
AcDbEntity
  8
F.Courtyard
  6
CONTINUOUS
100
AcDbLine
 10
159.9768750000000068
 20
-143.4568749999999966
 30
0
 11
174.4268749999999955
 21
-143.4568749999999966
 31
0
  0
LINE
  5
1CA
330
1A
100
AcDbEntity
  8
F.Courtyard
  6
CONTINUOUS
100
AcDbLine
 10
174.4268749999999955
 20
-143.4568749999999966
 30
0
 11
174.4268749999999955
 21
-129.006875000000008
 31
0
  0
LINE
  5
1CB
330
1A
100
AcDbEntity
  8
F.Courtyard
  6
CONTINUOUS
100
AcDbLine
 10
174.4268749999999955
 20
-129.006875000000008
 30
0
 11
159.9768750000000068
 21
-129.006875000000008
 31
0
  0
LINE
  5
1CC
330
1A
100
AcDbEntity
  8
F.Courtyard
  6
CONTINUOUS
100
AcDbLine
 10
193.5114419999999882
 20
-128.9587779999999952
 30
0
 11
193.5249719999999911
 21
-128.9723079999999982
 31
0
  0
LINE
  5
1CD
330
1A
100
AcDbEntity
  8
F.Courtyard
  6
CONTINUOUS
100
AcDbLine
 10
193.5249719999999911
 20
-128.9723079999999982
 30
0
 11
193.5268749999999898
 21
-128.9818750000000023
 31
0
  0
LINE
  5
1CE
330
1A
100
AcDbEntity
  8
F.Courtyard
  6
CONTINUOUS
100
AcDbLine
 10
193.5268749999999898
 20
-128.9818750000000023
 30
0
 11
193.5268749999999898
 21
-143.4818750000000023
 31
0
  0
LINE
  5
1CF
330
1A
100
AcDbEntity
  8
F.Courtyard
  6
CONTINUOUS
100
AcDbLine
 10
193.5268749999999898
 20
-143.4818750000000023
 30
0
 11
193.5249719999999911
 21
-143.4914420000000064
 31
0
  0
LINE
  5
1D0
330
1A
100
AcDbEntity
  8
F.Courtyard
  6
CONTINUOUS
100
AcDbLine
 10
193.5249719999999911
 20
-143.4914420000000064
 30
0
 11
193.5114419999999882
 21
-143.5049719999999809
 31
0
  0
LINE
  5
1D1
330
1A
100
AcDbEntity
  8
F.Courtyard
  6
CONTINUOUS
100
AcDbLine
 10
193.5114419999999882
 20
-143.5049719999999809
 30
0
 11
193.5018749999999841
 21
-143.5068749999999795
 31
0
  0
LINE
  5
1D2
330
1A
100
AcDbEntity
  8
F.Courtyard
  6
CONTINUOUS
100
AcDbLine
 10
193.5018749999999841
 20
-143.5068749999999795
 30
0
 11
179.0018749999999841
 21
-143.5068749999999795
 31
0
  0
LINE
  5
1D3
330
1A
100
AcDbEntity
  8
F.Courtyard
  6
CONTINUOUS
100
AcDbLine
 10
179.0018749999999841
 20
-143.5068749999999795
 30
0
 11
178.99230799999998
 21
-143.5049719999999809
 31
0
  0
LINE
  5
1D4
330
1A
100
AcDbEntity
  8
F.Courtyard
  6
CONTINUOUS
100
AcDbLine
 10
178.99230799999998
 20
-143.5049719999999809
 30
0
 11
178.9787780000000055
 21
-143.4914420000000064
 31
0
  0
LINE
  5
1D5
330
1A
100
AcDbEntity
  8
F.Courtyard
  6
CONTINUOUS
100
AcDbLine
 10
178.9787780000000055
 20
-143.4914420000000064
 30
0
 11
178.9768749999999784
 21
-143.4818750000000023
 31
0
  0
LINE
  5
1D6
330
1A
100
AcDbEntity
  8
F.Courtyard
  6
CONTINUOUS
100
AcDbLine
 10
178.9768749999999784
 20
-143.4818750000000023
 30
0
 11
178.9768749999999784
 21
-128.9818750000000023
 31
0
  0
LINE
  5
1D7
330
1A
100
AcDbEntity
  8
F.Courtyard
  6
CONTINUOUS
100
AcDbLine
 10
178.9768749999999784
 20
-128.9818750000000023
 30
0
 11
178.9787780000000055
 21
-128.9723079999999982
 31
0
  0
LINE
  5
1D8
330
1A
100
AcDbEntity
  8
F.Courtyard
  6
CONTINUOUS
100
AcDbLine
 10
178.9787780000000055
 20
-128.9723079999999982
 30
0
 11
178.99230799999998
 21
-128.9587779999999952
 31
0
  0
LINE
  5
1D9
330
1A
100
AcDbEntity
  8
F.Courtyard
  6
CONTINUOUS
100
AcDbLine
 10
178.99230799999998
 20
-128.9587779999999952
 30
0
 11
179.0018749999999841
 21
-128.9568749999999966
 31
0
  0
LINE
  5
1DA
330
1A
100
AcDbEntity
  8
F.Courtyard
  6
CONTINUOUS
100
AcDbLine
 10
179.0018749999999841
 20
-128.9568749999999966
 30
0
 11
193.5018749999999841
 21
-128.9568749999999966
 31
0
  0
LINE
  5
1DB
330
1A
100
AcDbEntity
  8
F.Courtyard
  6
CONTINUOUS
100
AcDbLine
 10
193.5018749999999841
 20
-128.9568749999999966
 30
0
 11
193.5114419999999882
 21
-128.9587779999999952
 31
0
  0
LINE
  5
1DC
330
1A
100
AcDbEntity
  8
F.Courtyard
  6
CONTINUOUS
100
AcDbLine
 10
179.0268749999999898
 20
-129.006875000000008
 30
0
 11
179.0268749999999898
 21
-143.4568749999999966
 31
0
  0
LINE
  5
1DD
330
1A
100
AcDbEntity
  8
F.Courtyard
  6
CONTINUOUS
100
AcDbLine
 10
179.0268749999999898
 20
-143.4568749999999966
 30
0
 11
193.4768749999999784
 21
-143.4568749999999966
 31
0
  0
LINE
  5
1DE
330
1A
100
AcDbEntity
  8
F.Courtyard
  6
CONTINUOUS
100
AcDbLine
 10
193.4768749999999784
 20
-143.4568749999999966
 30
0
 11
193.4768749999999784
 21
-129.006875000000008
 31
0
  0
LINE
  5
1DF
330
1A
100
AcDbEntity
  8
F.Courtyard
  6
CONTINUOUS
100
AcDbLine
 10
193.4768749999999784
 20
-129.006875000000008
 30
0
 11
179.0268749999999898
 21
-129.006875000000008
 31
0
  0
LINE
  5
1E0
330
1A
100
AcDbEntity
  8
F.Courtyard
  6
CONTINUOUS
100
AcDbLine
 10
212.5614419999999996
 20
-128.9587779999999952
 30
0
 11
212.5749720000000025
 21
-128.9723079999999982
 31
0
  0
LINE
  5
1E1
330
1A
100
AcDbEntity
  8
F.Courtyard
  6
CONTINUOUS
100
AcDbLine
 10
212.5749720000000025
 20
-128.9723079999999982
 30
0
 11
212.5768750000000011
 21
-128.9818750000000023
 31
0
  0
LINE
  5
1E2
330
1A
100
AcDbEntity
  8
F.Courtyard
  6
CONTINUOUS
100
AcDbLine
 10
212.5768750000000011
 20
-128.9818750000000023
 30
0
 11
212.5768750000000011
 21
-143.4818750000000023
 31
0
  0
LINE
  5
1E3
330
1A
100
AcDbEntity
  8
F.Courtyard
  6
CONTINUOUS
100
AcDbLine
 10
212.5768750000000011
 20
-143.4818750000000023
 30
0
 11
212.5749720000000025
 21
-143.4914420000000064
 31
0
  0
LINE
  5
1E4
330
1A
100
AcDbEntity
  8
F.Courtyard
  6
CONTINUOUS
100
AcDbLine
 10
212.5749720000000025
 20
-143.4914420000000064
 30
0
 11
212.5614419999999996
 21
-143.5049719999999809
 31
0
  0
LINE
  5
1E5
330
1A
100
AcDbEntity
  8
F.Courtyard
  6
CONTINUOUS
100
AcDbLine
 10
212.5614419999999996
 20
-143.5049719999999809
 30
0
 11
212.5518749999999955
 21
-143.5068749999999795
 31
0
  0
LINE
  5
1E6
330
1A
100
AcDbEntity
  8
F.Courtyard
  6
CONTINUOUS
100
AcDbLine
 10
212.5518749999999955
 20
-143.5068749999999795
 30
0
 11
198.0518749999999955
 21
-143.5068749999999795
 31
0
  0
LINE
  5
1E7
330
1A
100
AcDbEntity
  8
F.Courtyard
  6
CONTINUOUS
100
AcDbLine
 10
198.0518749999999955
 20
-143.5068749999999795
 30
0
 11
198.0423079999999914
 21
-143.5049719999999809
 31
0
  0
LINE
  5
1E8
330
1A
100
AcDbEntity
  8
F.Courtyard
  6
CONTINUOUS
100
AcDbLine
 10
198.0423079999999914
 20
-143.5049719999999809
 30
0
 11
198.0287779999999884
 21
-143.4914420000000064
 31
0
  0
LINE
  5
1E9
330
1A
100
AcDbEntity
  8
F.Courtyard
  6
CONTINUOUS
100
AcDbLine
 10
198.0287779999999884
 20
-143.4914420000000064
 30
0
 11
198.0268749999999898
 21
-143.4818750000000023
 31
0
  0
LINE
  5
1EA
330
1A
100
AcDbEntity
  8
F.Courtyard
  6
CONTINUOUS
100
AcDbLine
 10
198.0268749999999898
 20
-143.4818750000000023
 30
0
 11
198.0268749999999898
 21
-128.9818750000000023
 31
0
  0
LINE
  5
1EB
330
1A
100
AcDbEntity
  8
F.Courtyard
  6
CONTINUOUS
100
AcDbLine
 10
198.0268749999999898
 20
-128.9818750000000023
 30
0
 11
198.0287779999999884
 21
-128.9723079999999982
 31
0
  0
LINE
  5
1EC
330
1A
100
AcDbEntity
  8
F.Courtyard
  6
CONTINUOUS
100
AcDbLine
 10
198.0287779999999884
 20
-128.9723079999999982
 30
0
 11
198.0423079999999914
 21
-128.9587779999999952
 31
0
  0
LINE
  5
1ED
330
1A
100
AcDbEntity
  8
F.Courtyard
  6
CONTINUOUS
100
AcDbLine
 10
198.0423079999999914
 20
-128.9587779999999952
 30
0
 11
198.0518749999999955
 21
-128.9568749999999966
 31
0
  0
LINE
  5
1EE
330
1A
100
AcDbEntity
  8
F.Courtyard
  6
CONTINUOUS
100
AcDbLine
 10
198.0518749999999955
 20
-128.9568749999999966
 30
0
 11
212.5518749999999955
 21
-128.9568749999999966
 31
0
  0
LINE
  5
1EF
330
1A
100
AcDbEntity
  8
F.Courtyard
  6
CONTINUOUS
100
AcDbLine
 10
212.5518749999999955
 20
-128.9568749999999966
 30
0
 11
212.5614419999999996
 21
-128.9587779999999952
 31
0
  0
LINE
  5
1F0
330
1A
100
AcDbEntity
  8
F.Courtyard
  6
CONTINUOUS
100
AcDbLine
 10
198.0768750000000011
 20
-129.006875000000008
 30
0
 11
198.0768750000000011
 21
-143.4568749999999966
 31
0
  0
LINE
  5
1F1
330
1A
100
AcDbEntity
  8
F.Courtyard
  6
CONTINUOUS
100
AcDbLine
 10
198.0768750000000011
 20
-143.4568749999999966
 30
0
 11
212.5268749999999898
 21
-143.4568749999999966
 31
0
  0
LINE
  5
1F2
330
1A
100
AcDbEntity
  8
F.Courtyard
  6
CONTINUOUS
100
AcDbLine
 10
212.5268749999999898
 20
-143.4568749999999966
 30
0
 11
212.5268749999999898
 21
-129.006875000000008
 31
0
  0
LINE
  5
1F3
330
1A
100
AcDbEntity
  8
F.Courtyard
  6
CONTINUOUS
100
AcDbLine
 10
212.5268749999999898
 20
-129.006875000000008
 30
0
 11
198.0768750000000011
 21
-129.006875000000008
 31
0
  0
LINE
  5
1F4
330
1A
100
AcDbEntity
  8
F.Courtyard
  6
CONTINUOUS
100
AcDbLine
 10
231.6114419999999825
 20
-128.9587779999999952
 30
0
 11
231.6249719999999854
 21
-128.9723079999999982
 31
0
  0
LINE
  5
1F5
330
1A
100
AcDbEntity
  8
F.Courtyard
  6
CONTINUOUS
100
AcDbLine
 10
231.6249719999999854
 20
-128.9723079999999982
 30
0
 11
231.6268749999999841
 21
-128.9818750000000023
 31
0
  0
LINE
  5
1F6
330
1A
100
AcDbEntity
  8
F.Courtyard
  6
CONTINUOUS
100
AcDbLine
 10
231.6268749999999841
 20
-128.9818750000000023
 30
0
 11
231.6268749999999841
 21
-143.4818750000000023
 31
0
  0
LINE
  5
1F7
330
1A
100
AcDbEntity
  8
F.Courtyard
  6
CONTINUOUS
100
AcDbLine
 10
231.6268749999999841
 20
-143.4818750000000023
 30
0
 11
231.6249719999999854
 21
-143.4914420000000064
 31
0
  0
LINE
  5
1F8
330
1A
100
AcDbEntity
  8
F.Courtyard
  6
CONTINUOUS
100
AcDbLine
 10
231.6249719999999854
 20
-143.4914420000000064
 30
0
 11
231.6114419999999825
 21
-143.5049719999999809
 31
0
  0
LINE
  5
1F9
330
1A
100
AcDbEntity
  8
F.Courtyard
  6
CONTINUOUS
100
AcDbLine
 10
231.6114419999999825
 20
-143.5049719999999809
 30
0
 11
231.6018749999999784
 21
-143.5068749999999795
 31
0
  0
LINE
  5
1FA
330
1A
100
AcDbEntity
  8
F.Courtyard
  6
CONTINUOUS
100
AcDbLine
 10
231.6018749999999784
 20
-143.5068749999999795
 30
0
 11
217.1018749999999784
 21
-143.5068749999999795
 31
0
  0
LINE
  5
1FB
330
1A
100
AcDbEntity
  8
F.Courtyard
  6
CONTINUOUS
100
AcDbLine
 10
217.1018749999999784
 20
-143.5068749999999795
 30
0
 11
217.0923080000000027
 21
-143.5049719999999809
 31
0
  0
LINE
  5
1FC
330
1A
100
AcDbEntity
  8
F.Courtyard
  6
CONTINUOUS
100
AcDbLine
 10
217.0923080000000027
 20
-143.5049719999999809
 30
0
 11
217.0787779999999998
 21
-143.4914420000000064
 31
0
  0
LINE
  5
1FD
330
1A
100
AcDbEntity
  8
F.Courtyard
  6
CONTINUOUS
100
AcDbLine
 10
217.0787779999999998
 20
-143.4914420000000064
 30
0
 11
217.0768750000000011
 21
-143.4818750000000023
 31
0
  0
LINE
  5
1FE
330
1A
100
AcDbEntity
  8
F.Courtyard
  6
CONTINUOUS
100
AcDbLine
 10
217.0768750000000011
 20
-143.4818750000000023
 30
0
 11
217.0768750000000011
 21
-128.9818750000000023
 31
0
  0
LINE
  5
1FF
330
1A
100
AcDbEntity
  8
F.Courtyard
  6
CONTINUOUS
100
AcDbLine
 10
217.0768750000000011
 20
-128.9818750000000023
 30
0
 11
217.0787779999999998
 21
-128.9723079999999982
 31
0
  0
LINE
  5
200
330
1A
100
AcDbEntity
  8
F.Courtyard
  6
CONTINUOUS
100
AcDbLine
 10
217.0787779999999998
 20
-128.9723079999999982
 30
0
 11
217.0923080000000027
 21
-128.9587779999999952
 31
0
  0
LINE
  5
201
330
1A
100
AcDbEntity
  8
F.Courtyard
  6
CONTINUOUS
100
AcDbLine
 10
217.0923080000000027
 20
-128.9587779999999952
 30
0
 11
217.1018749999999784
 21
-128.9568749999999966
 31
0
  0
LINE
  5
202
330
1A
100
AcDbEntity
  8
F.Courtyard
  6
CONTINUOUS
100
AcDbLine
 10
217.1018749999999784
 20
-128.9568749999999966
 30
0
 11
231.6018749999999784
 21
-128.9568749999999966
 31
0
  0
LINE
  5
203
330
1A
100
AcDbEntity
  8
F.Courtyard
  6
CONTINUOUS
100
AcDbLine
 10
231.6018749999999784
 20
-128.9568749999999966
 30
0
 11
231.6114419999999825
 21
-128.9587779999999952
 31
0
  0
LINE
  5
204
330
1A
100
AcDbEntity
  8
F.Courtyard
  6
CONTINUOUS
100
AcDbLine
 10
217.1268749999999841
 20
-129.006875000000008
 30
0
 11
217.1268749999999841
 21
-143.4568749999999966
 31
0
  0
LINE
  5
205
330
1A
100
AcDbEntity
  8
F.Courtyard
  6
CONTINUOUS
100
AcDbLine
 10
217.1268749999999841
 20
-143.4568749999999966
 30
0
 11
231.5768750000000011
 21
-143.4568749999999966
 31
0
  0
LINE
  5
206
330
1A
100
AcDbEntity
  8
F.Courtyard
  6
CONTINUOUS
100
AcDbLine
 10
231.5768750000000011
 20
-143.4568749999999966
 30
0
 11
231.5768750000000011
 21
-129.006875000000008
 31
0
  0
LINE
  5
207
330
1A
100
AcDbEntity
  8
F.Courtyard
  6
CONTINUOUS
100
AcDbLine
 10
231.5768750000000011
 20
-129.006875000000008
 30
0
 11
217.1268749999999841
 21
-129.006875000000008
 31
0
  0
LINE
  5
208
330
1A
100
AcDbEntity
  8
F.Courtyard
  6
CONTINUOUS
100
AcDbLine
 10
250.6614419999999939
 20
-128.9587779999999952
 30
0
 11
250.6749719999999968
 21
-128.9723079999999982
 31
0
  0
LINE
  5
209
330
1A
100
AcDbEntity
  8
F.Courtyard
  6
CONTINUOUS
100
AcDbLine
 10
250.6749719999999968
 20
-128.9723079999999982
 30
0
 11
250.6768749999999955
 21
-128.9818750000000023
 31
0
  0
LINE
  5
20A
330
1A
100
AcDbEntity
  8
F.Courtyard
  6
CONTINUOUS
100
AcDbLine
 10
250.6768749999999955
 20
-128.9818750000000023
 30
0
 11
250.6768749999999955
 21
-143.4818750000000023
 31
0
  0
LINE
  5
20B
330
1A
100
AcDbEntity
  8
F.Courtyard
  6
CONTINUOUS
100
AcDbLine
 10
250.6768749999999955
 20
-143.4818750000000023
 30
0
 11
250.6749719999999968
 21
-143.4914420000000064
 31
0
  0
LINE
  5
20C
330
1A
100
AcDbEntity
  8
F.Courtyard
  6
CONTINUOUS
100
AcDbLine
 10
250.6749719999999968
 20
-143.4914420000000064
 30
0
 11
250.6614419999999939
 21
-143.5049719999999809
 31
0
  0
LINE
  5
20D
330
1A
100
AcDbEntity
  8
F.Courtyard
  6
CONTINUOUS
100
AcDbLine
 10
250.6614419999999939
 20
-143.5049719999999809
 30
0
 11
250.6518749999999898
 21
-143.5068749999999795
 31
0
  0
LINE
  5
20E
330
1A
100
AcDbEntity
  8
F.Courtyard
  6
CONTINUOUS
100
AcDbLine
 10
250.6518749999999898
 20
-143.5068749999999795
 30
0
 11
236.1518749999999898
 21
-143.5068749999999795
 31
0
  0
LINE
  5
20F
330
1A
100
AcDbEntity
  8
F.Courtyard
  6
CONTINUOUS
100
AcDbLine
 10
236.1518749999999898
 20
-143.5068749999999795
 30
0
 11
236.1423079999999857
 21
-143.5049719999999809
 31
0
  0
LINE
  5
210
330
1A
100
AcDbEntity
  8
F.Courtyard
  6
CONTINUOUS
100
AcDbLine
 10
236.1423079999999857
 20
-143.5049719999999809
 30
0
 11
236.1287779999999827
 21
-143.4914420000000064
 31
0
  0
LINE
  5
211
330
1A
100
AcDbEntity
  8
F.Courtyard
  6
CONTINUOUS
100
AcDbLine
 10
236.1287779999999827
 20
-143.4914420000000064
 30
0
 11
236.1268749999999841
 21
-143.4818750000000023
 31
0
  0
LINE
  5
212
330
1A
100
AcDbEntity
  8
F.Courtyard
  6
CONTINUOUS
100
AcDbLine
 10
236.1268749999999841
 20
-143.4818750000000023
 30
0
 11
236.1268749999999841
 21
-128.9818750000000023
 31
0
  0
LINE
  5
213
330
1A
100
AcDbEntity
  8
F.Courtyard
  6
CONTINUOUS
100
AcDbLine
 10
236.1268749999999841
 20
-128.9818750000000023
 30
0
 11
236.1287779999999827
 21
-128.9723079999999982
 31
0
  0
LINE
  5
214
330
1A
100
AcDbEntity
  8
F.Courtyard
  6
CONTINUOUS
100
AcDbLine
 10
236.1287779999999827
 20
-128.9723079999999982
 30
0
 11
236.1423079999999857
 21
-128.9587779999999952
 31
0
  0
LINE
  5
215
330
1A
100
AcDbEntity
  8
F.Courtyard
  6
CONTINUOUS
100
AcDbLine
 10
236.1423079999999857
 20
-128.9587779999999952
 30
0
 11
236.1518749999999898
 21
-128.9568749999999966
 31
0
  0
LINE
  5
216
330
1A
100
AcDbEntity
  8
F.Courtyard
  6
CONTINUOUS
100
AcDbLine
 10
236.1518749999999898
 20
-128.9568749999999966
 30
0
 11
250.6518749999999898
 21
-128.9568749999999966
 31
0
  0
LINE
  5
217
330
1A
100
AcDbEntity
  8
F.Courtyard
  6
CONTINUOUS
100
AcDbLine
 10
250.6518749999999898
 20
-128.9568749999999966
 30
0
 11
250.6614419999999939
 21
-128.9587779999999952
 31
0
  0
LINE
  5
218
330
1A
100
AcDbEntity
  8
F.Courtyard
  6
CONTINUOUS
100
AcDbLine
 10
236.1768749999999955
 20
-129.006875000000008
 30
0
 11
236.1768749999999955
 21
-143.4568749999999966
 31
0
  0
LINE
  5
219
330
1A
100
AcDbEntity
  8
F.Courtyard
  6
CONTINUOUS
100
AcDbLine
 10
236.1768749999999955
 20
-143.4568749999999966
 30
0
 11
250.6268749999999841
 21
-143.4568749999999966
 31
0
  0
LINE
  5
21A
330
1A
100
AcDbEntity
  8
F.Courtyard
  6
CONTINUOUS
100
AcDbLine
 10
250.6268749999999841
 20
-143.4568749999999966
 30
0
 11
250.6268749999999841
 21
-129.006875000000008
 31
0
  0
LINE
  5
21B
330
1A
100
AcDbEntity
  8
F.Courtyard
  6
CONTINUOUS
100
AcDbLine
 10
250.6268749999999841
 20
-129.006875000000008
 30
0
 11
236.1768749999999955
 21
-129.006875000000008
 31
0
  0
LINE
  5
21C
330
1A
100
AcDbEntity
  8
F.Courtyard
  6
CONTINUOUS
100
AcDbLine
 10
286.6976919999999609
 20
-128.9587779999999952
 30
0
 11
286.7112219999999638
 21
-128.9723079999999982
 31
0
  0
LINE
  5
21D
330
1A
100
AcDbEntity
  8
F.Courtyard
  6
CONTINUOUS
100
AcDbLine
 10
286.7112219999999638
 20
-128.9723079999999982
 30
0
 11
286.7131249999999909
 21
-128.9818750000000023
 31
0
  0
LINE
  5
21E
330
1A
100
AcDbEntity
  8
F.Courtyard
  6
CONTINUOUS
100
AcDbLine
 10
286.7131249999999909
 20
-128.9818750000000023
 30
0
 11
286.7131249999999909
 21
-143.4818750000000023
 31
0
  0
LINE
  5
21F
330
1A
100
AcDbEntity
  8
F.Courtyard
  6
CONTINUOUS
100
AcDbLine
 10
286.7131249999999909
 20
-143.4818750000000023
 30
0
 11
286.7112219999999638
 21
-143.4914420000000064
 31
0
  0
LINE
  5
220
330
1A
100
AcDbEntity
  8
F.Courtyard
  6
CONTINUOUS
100
AcDbLine
 10
286.7112219999999638
 20
-143.4914420000000064
 30
0
 11
286.6976919999999609
 21
-143.5049719999999809
 31
0
  0
LINE
  5
221
330
1A
100
AcDbEntity
  8
F.Courtyard
  6
CONTINUOUS
100
AcDbLine
 10
286.6976919999999609
 20
-143.5049719999999809
 30
0
 11
286.6881250000000136
 21
-143.5068749999999795
 31
0
  0
LINE
  5
222
330
1A
100
AcDbEntity
  8
F.Courtyard
  6
CONTINUOUS
100
AcDbLine
 10
286.6881250000000136
 20
-143.5068749999999795
 30
0
 11
272.1881250000000136
 21
-143.5068749999999795
 31
0
  0
LINE
  5
223
330
1A
100
AcDbEntity
  8
F.Courtyard
  6
CONTINUOUS
100
AcDbLine
 10
272.1881250000000136
 20
-143.5068749999999795
 30
0
 11
272.1785580000000095
 21
-143.5049719999999809
 31
0
  0
LINE
  5
224
330
1A
100
AcDbEntity
  8
F.Courtyard
  6
CONTINUOUS
100
AcDbLine
 10
272.1785580000000095
 20
-143.5049719999999809
 30
0
 11
272.1650280000000066
 21
-143.4914420000000064
 31
0
  0
LINE
  5
225
330
1A
100
AcDbEntity
  8
F.Courtyard
  6
CONTINUOUS
100
AcDbLine
 10
272.1650280000000066
 20
-143.4914420000000064
 30
0
 11
272.1631249999999795
 21
-143.4818750000000023
 31
0
  0
LINE
  5
226
330
1A
100
AcDbEntity
  8
F.Courtyard
  6
CONTINUOUS
100
AcDbLine
 10
272.1631249999999795
 20
-143.4818750000000023
 30
0
 11
272.1631249999999795
 21
-128.9818750000000023
 31
0
  0
LINE
  5
227
330
1A
100
AcDbEntity
  8
F.Courtyard
  6
CONTINUOUS
100
AcDbLine
 10
272.1631249999999795
 20
-128.9818750000000023
 30
0
 11
272.1650280000000066
 21
-128.9723079999999982
 31
0
  0
LINE
  5
228
330
1A
100
AcDbEntity
  8
F.Courtyard
  6
CONTINUOUS
100
AcDbLine
 10
272.1650280000000066
 20
-128.9723079999999982
 30
0
 11
272.1785580000000095
 21
-128.9587779999999952
 31
0
  0
LINE
  5
229
330
1A
100
AcDbEntity
  8
F.Courtyard
  6
CONTINUOUS
100
AcDbLine
 10
272.1785580000000095
 20
-128.9587779999999952
 30
0
 11
272.1881250000000136
 21
-128.9568749999999966
 31
0
  0
LINE
  5
22A
330
1A
100
AcDbEntity
  8
F.Courtyard
  6
CONTINUOUS
100
AcDbLine
 10
272.1881250000000136
 20
-128.9568749999999966
 30
0
 11
286.6881250000000136
 21
-128.9568749999999966
 31
0
  0
LINE
  5
22B
330
1A
100
AcDbEntity
  8
F.Courtyard
  6
CONTINUOUS
100
AcDbLine
 10
286.6881250000000136
 20
-128.9568749999999966
 30
0
 11
286.6976919999999609
 21
-128.9587779999999952
 31
0
  0
LINE
  5
22C
330
1A
100
AcDbEntity
  8
F.Courtyard
  6
CONTINUOUS
100
AcDbLine
 10
272.2131249999999909
 20
-129.006875000000008
 30
0
 11
272.2131249999999909
 21
-143.4568749999999966
 31
0
  0
LINE
  5
22D
330
1A
100
AcDbEntity
  8
F.Courtyard
  6
CONTINUOUS
100
AcDbLine
 10
272.2131249999999909
 20
-143.4568749999999966
 30
0
 11
286.6631249999999795
 21
-143.4568749999999966
 31
0
  0
LINE
  5
22E
330
1A
100
AcDbEntity
  8
F.Courtyard
  6
CONTINUOUS
100
AcDbLine
 10
286.6631249999999795
 20
-143.4568749999999966
 30
0
 11
286.6631249999999795
 21
-129.006875000000008
 31
0
  0
LINE
  5
22F
330
1A
100
AcDbEntity
  8
F.Courtyard
  6
CONTINUOUS
100
AcDbLine
 10
286.6631249999999795
 20
-129.006875000000008
 30
0
 11
272.2131249999999909
 21
-129.006875000000008
 31
0
  0
LINE
  5
230
330
1A
100
AcDbEntity
  8
F.Courtyard
  6
CONTINUOUS
100
AcDbLine
 10
389.3914419999999836
 20
-109.9712779999999981
 30
0
 11
389.4049719999999866
 21
-109.984808000000001
 31
0
  0
LINE
  5
231
330
1A
100
AcDbEntity
  8
F.Courtyard
  6
CONTINUOUS
100
AcDbLine
 10
389.4049719999999866
 20
-109.984808000000001
 30
0
 11
389.4068749999999568
 21
-109.9943749999999909
 31
0
  0
LINE
  5
232
330
1A
100
AcDbEntity
  8
F.Courtyard
  6
CONTINUOUS
100
AcDbLine
 10
389.4068749999999568
 20
-109.9943749999999909
 30
0
 11
389.4068749999999568
 21
-124.4943749999999909
 31
0
  0
LINE
  5
233
330
1A
100
AcDbEntity
  8
F.Courtyard
  6
CONTINUOUS
100
AcDbLine
 10
389.4068749999999568
 20
-124.4943749999999909
 30
0
 11
389.4049719999999866
 21
-124.503941999999995
 31
0
  0
LINE
  5
234
330
1A
100
AcDbEntity
  8
F.Courtyard
  6
CONTINUOUS
100
AcDbLine
 10
389.4049719999999866
 20
-124.503941999999995
 30
0
 11
389.3914419999999836
 21
-124.5174719999999979
 31
0
  0
LINE
  5
235
330
1A
100
AcDbEntity
  8
F.Courtyard
  6
CONTINUOUS
100
AcDbLine
 10
389.3914419999999836
 20
-124.5174719999999979
 30
0
 11
389.3818749999999795
 21
-124.5193749999999966
 31
0
  0
LINE
  5
236
330
1A
100
AcDbEntity
  8
F.Courtyard
  6
CONTINUOUS
100
AcDbLine
 10
389.3818749999999795
 20
-124.5193749999999966
 30
0
 11
374.8818749999999795
 21
-124.5193749999999966
 31
0
  0
LINE
  5
237
330
1A
100
AcDbEntity
  8
F.Courtyard
  6
CONTINUOUS
100
AcDbLine
 10
374.8818749999999795
 20
-124.5193749999999966
 30
0
 11
374.8723079999999754
 21
-124.5174719999999979
 31
0
  0
LINE
  5
238
330
1A
100
AcDbEntity
  8
F.Courtyard
  6
CONTINUOUS
100
AcDbLine
 10
374.8723079999999754
 20
-124.5174719999999979
 30
0
 11
374.8587779999999725
 21
-124.503941999999995
 31
0
  0
LINE
  5
239
330
1A
100
AcDbEntity
  8
F.Courtyard
  6
CONTINUOUS
100
AcDbLine
 10
374.8587779999999725
 20
-124.503941999999995
 30
0
 11
374.8568750000000023
 21
-124.4943749999999909
 31
0
  0
LINE
  5
23A
330
1A
100
AcDbEntity
  8
F.Courtyard
  6
CONTINUOUS
100
AcDbLine
 10
374.8568750000000023
 20
-124.4943749999999909
 30
0
 11
374.8568750000000023
 21
-109.9943749999999909
 31
0
  0
LINE
  5
23B
330
1A
100
AcDbEntity
  8
F.Courtyard
  6
CONTINUOUS
100
AcDbLine
 10
374.8568750000000023
 20
-109.9943749999999909
 30
0
 11
374.8587779999999725
 21
-109.984808000000001
 31
0
  0
LINE
  5
23C
330
1A
100
AcDbEntity
  8
F.Courtyard
  6
CONTINUOUS
100
AcDbLine
 10
374.8587779999999725
 20
-109.984808000000001
 30
0
 11
374.8723079999999754
 21
-109.9712779999999981
 31
0
  0
LINE
  5
23D
330
1A
100
AcDbEntity
  8
F.Courtyard
  6
CONTINUOUS
100
AcDbLine
 10
374.8723079999999754
 20
-109.9712779999999981
 30
0
 11
374.8818749999999795
 21
-109.9693749999999994
 31
0
  0
LINE
  5
23E
330
1A
100
AcDbEntity
  8
F.Courtyard
  6
CONTINUOUS
100
AcDbLine
 10
374.8818749999999795
 20
-109.9693749999999994
 30
0
 11
389.3818749999999795
 21
-109.9693749999999994
 31
0
  0
LINE
  5
23F
330
1A
100
AcDbEntity
  8
F.Courtyard
  6
CONTINUOUS
100
AcDbLine
 10
389.3818749999999795
 20
-109.9693749999999994
 30
0
 11
389.3914419999999836
 21
-109.9712779999999981
 31
0
  0
LINE
  5
240
330
1A
100
AcDbEntity
  8
F.Courtyard
  6
CONTINUOUS
100
AcDbLine
 10
374.9068749999999568
 20
-110.0193749999999966
 30
0
 11
374.9068749999999568
 21
-124.4693749999999994
 31
0
  0
LINE
  5
241
330
1A
100
AcDbEntity
  8
F.Courtyard
  6
CONTINUOUS
100
AcDbLine
 10
374.9068749999999568
 20
-124.4693749999999994
 30
0
 11
389.3568750000000023
 21
-124.4693749999999994
 31
0
  0
LINE
  5
242
330
1A
100
AcDbEntity
  8
F.Courtyard
  6
CONTINUOUS
100
AcDbLine
 10
389.3568750000000023
 20
-124.4693749999999994
 30
0
 11
389.3568750000000023
 21
-110.0193749999999966
 31
0
  0
LINE
  5
243
330
1A
100
AcDbEntity
  8
F.Courtyard
  6
CONTINUOUS
100
AcDbLine
 10
389.3568750000000023
 20
-110.0193749999999966
 30
0
 11
374.9068749999999568
 21
-110.0193749999999966
 31
0
  0
LINE
  5
244
330
1A
100
AcDbEntity
  8
F.Courtyard
  6
CONTINUOUS
100
AcDbLine
 10
45.8739419999999996
 20
-109.9087779999999981
 30
0
 11
45.8874719999999954
 21
-109.922308000000001
 31
0
  0
LINE
  5
245
330
1A
100
AcDbEntity
  8
F.Courtyard
  6
CONTINUOUS
100
AcDbLine
 10
45.8874719999999954
 20
-109.922308000000001
 30
0
 11
45.8893750000000011
 21
-109.9318749999999909
 31
0
  0
LINE
  5
246
330
1A
100
AcDbEntity
  8
F.Courtyard
  6
CONTINUOUS
100
AcDbLine
 10
45.8893750000000011
 20
-109.9318749999999909
 30
0
 11
45.8893750000000011
 21
-124.4318749999999909
 31
0
  0
LINE
  5
247
330
1A
100
AcDbEntity
  8
F.Courtyard
  6
CONTINUOUS
100
AcDbLine
 10
45.8893750000000011
 20
-124.4318749999999909
 30
0
 11
45.8874719999999954
 21
-124.441441999999995
 31
0
  0
LINE
  5
248
330
1A
100
AcDbEntity
  8
F.Courtyard
  6
CONTINUOUS
100
AcDbLine
 10
45.8874719999999954
 20
-124.441441999999995
 30
0
 11
45.8739419999999996
 21
-124.4549719999999979
 31
0
  0
LINE
  5
249
330
1A
100
AcDbEntity
  8
F.Courtyard
  6
CONTINUOUS
100
AcDbLine
 10
45.8739419999999996
 20
-124.4549719999999979
 30
0
 11
45.8643749999999955
 21
-124.4568749999999966
 31
0
  0
LINE
  5
24A
330
1A
100
AcDbEntity
  8
F.Courtyard
  6
CONTINUOUS
100
AcDbLine
 10
45.8643749999999955
 20
-124.4568749999999966
 30
0
 11
31.364374999999999
 21
-124.4568749999999966
 31
0
  0
LINE
  5
24B
330
1A
100
AcDbEntity
  8
F.Courtyard
  6
CONTINUOUS
100
AcDbLine
 10
31.364374999999999
 20
-124.4568749999999966
 30
0
 11
31.3548079999999985
 21
-124.4549719999999979
 31
0
  0
LINE
  5
24C
330
1A
100
AcDbEntity
  8
F.Courtyard
  6
CONTINUOUS
100
AcDbLine
 10
31.3548079999999985
 20
-124.4549719999999979
 30
0
 11
31.3412779999999991
 21
-124.441441999999995
 31
0
  0
LINE
  5
24D
330
1A
100
AcDbEntity
  8
F.Courtyard
  6
CONTINUOUS
100
AcDbLine
 10
31.3412779999999991
 20
-124.441441999999995
 30
0
 11
31.3393749999999969
 21
-124.4318749999999909
 31
0
  0
LINE
  5
24E
330
1A
100
AcDbEntity
  8
F.Courtyard
  6
CONTINUOUS
100
AcDbLine
 10
31.3393749999999969
 20
-124.4318749999999909
 30
0
 11
31.3393749999999969
 21
-109.9318749999999909
 31
0
  0
LINE
  5
24F
330
1A
100
AcDbEntity
  8
F.Courtyard
  6
CONTINUOUS
100
AcDbLine
 10
31.3393749999999969
 20
-109.9318749999999909
 30
0
 11
31.3412779999999991
 21
-109.922308000000001
 31
0
  0
LINE
  5
250
330
1A
100
AcDbEntity
  8
F.Courtyard
  6
CONTINUOUS
100
AcDbLine
 10
31.3412779999999991
 20
-109.922308000000001
 30
0
 11
31.3548079999999985
 21
-109.9087779999999981
 31
0
  0
LINE
  5
251
330
1A
100
AcDbEntity
  8
F.Courtyard
  6
CONTINUOUS
100
AcDbLine
 10
31.3548079999999985
 20
-109.9087779999999981
 30
0
 11
31.364374999999999
 21
-109.9068749999999994
 31
0
  0
LINE
  5
252
330
1A
100
AcDbEntity
  8
F.Courtyard
  6
CONTINUOUS
100
AcDbLine
 10
31.364374999999999
 20
-109.9068749999999994
 30
0
 11
45.8643749999999955
 21
-109.9068749999999994
 31
0
  0
LINE
  5
253
330
1A
100
AcDbEntity
  8
F.Courtyard
  6
CONTINUOUS
100
AcDbLine
 10
45.8643749999999955
 20
-109.9068749999999994
 30
0
 11
45.8739419999999996
 21
-109.9087779999999981
 31
0
  0
LINE
  5
254
330
1A
100
AcDbEntity
  8
F.Courtyard
  6
CONTINUOUS
100
AcDbLine
 10
31.3893749999999976
 20
-109.9568749999999966
 30
0
 11
31.3893749999999976
 21
-124.4068749999999994
 31
0
  0
LINE
  5
255
330
1A
100
AcDbEntity
  8
F.Courtyard
  6
CONTINUOUS
100
AcDbLine
 10
31.3893749999999976
 20
-124.4068749999999994
 30
0
 11
45.8393749999999969
 21
-124.4068749999999994
 31
0
  0
LINE
  5
256
330
1A
100
AcDbEntity
  8
F.Courtyard
  6
CONTINUOUS
100
AcDbLine
 10
45.8393749999999969
 20
-124.4068749999999994
 30
0
 11
45.8393749999999969
 21
-109.9568749999999966
 31
0
  0
LINE
  5
257
330
1A
100
AcDbEntity
  8
F.Courtyard
  6
CONTINUOUS
100
AcDbLine
 10
45.8393749999999969
 20
-109.9568749999999966
 30
0
 11
31.3893749999999976
 21
-109.9568749999999966
 31
0
  0
LINE
  5
258
330
1A
100
AcDbEntity
  8
F.Courtyard
  6
CONTINUOUS
100
AcDbLine
 10
69.6864419999999996
 20
-109.9087779999999981
 30
0
 11
69.6999720000000025
 21
-109.922308000000001
 31
0
  0
LINE
  5
259
330
1A
100
AcDbEntity
  8
F.Courtyard
  6
CONTINUOUS
100
AcDbLine
 10
69.6999720000000025
 20
-109.922308000000001
 30
0
 11
69.7018750000000011
 21
-109.9318749999999909
 31
0
  0
LINE
  5
25A
330
1A
100
AcDbEntity
  8
F.Courtyard
  6
CONTINUOUS
100
AcDbLine
 10
69.7018750000000011
 20
-109.9318749999999909
 30
0
 11
69.7018750000000011
 21
-124.4318749999999909
 31
0
  0
LINE
  5
25B
330
1A
100
AcDbEntity
  8
F.Courtyard
  6
CONTINUOUS
100
AcDbLine
 10
69.7018750000000011
 20
-124.4318749999999909
 30
0
 11
69.6999720000000025
 21
-124.441441999999995
 31
0
  0
LINE
  5
25C
330
1A
100
AcDbEntity
  8
F.Courtyard
  6
CONTINUOUS
100
AcDbLine
 10
69.6999720000000025
 20
-124.441441999999995
 30
0
 11
69.6864419999999996
 21
-124.4549719999999979
 31
0
  0
LINE
  5
25D
330
1A
100
AcDbEntity
  8
F.Courtyard
  6
CONTINUOUS
100
AcDbLine
 10
69.6864419999999996
 20
-124.4549719999999979
 30
0
 11
69.6768749999999955
 21
-124.4568749999999966
 31
0
  0
LINE
  5
25E
330
1A
100
AcDbEntity
  8
F.Courtyard
  6
CONTINUOUS
100
AcDbLine
 10
69.6768749999999955
 20
-124.4568749999999966
 30
0
 11
55.1768749999999955
 21
-124.4568749999999966
 31
0
  0
LINE
  5
25F
330
1A
100
AcDbEntity
  8
F.Courtyard
  6
CONTINUOUS
100
AcDbLine
 10
55.1768749999999955
 20
-124.4568749999999966
 30
0
 11
55.1673079999999985
 21
-124.4549719999999979
 31
0
  0
LINE
  5
260
330
1A
100
AcDbEntity
  8
F.Courtyard
  6
CONTINUOUS
100
AcDbLine
 10
55.1673079999999985
 20
-124.4549719999999979
 30
0
 11
55.1537779999999955
 21
-124.441441999999995
 31
0
  0
LINE
  5
261
330
1A
100
AcDbEntity
  8
F.Courtyard
  6
CONTINUOUS
100
AcDbLine
 10
55.1537779999999955
 20
-124.441441999999995
 30
0
 11
55.1518749999999969
 21
-124.4318749999999909
 31
0
  0
LINE
  5
262
330
1A
100
AcDbEntity
  8
F.Courtyard
  6
CONTINUOUS
100
AcDbLine
 10
55.1518749999999969
 20
-124.4318749999999909
 30
0
 11
55.1518749999999969
 21
-109.9318749999999909
 31
0
  0
LINE
  5
263
330
1A
100
AcDbEntity
  8
F.Courtyard
  6
CONTINUOUS
100
AcDbLine
 10
55.1518749999999969
 20
-109.9318749999999909
 30
0
 11
55.1537779999999955
 21
-109.922308000000001
 31
0
  0
LINE
  5
264
330
1A
100
AcDbEntity
  8
F.Courtyard
  6
CONTINUOUS
100
AcDbLine
 10
55.1537779999999955
 20
-109.922308000000001
 30
0
 11
55.1673079999999985
 21
-109.9087779999999981
 31
0
  0
LINE
  5
265
330
1A
100
AcDbEntity
  8
F.Courtyard
  6
CONTINUOUS
100
AcDbLine
 10
55.1673079999999985
 20
-109.9087779999999981
 30
0
 11
55.1768749999999955
 21
-109.9068749999999994
 31
0
  0
LINE
  5
266
330
1A
100
AcDbEntity
  8
F.Courtyard
  6
CONTINUOUS
100
AcDbLine
 10
55.1768749999999955
 20
-109.9068749999999994
 30
0
 11
69.6768749999999955
 21
-109.9068749999999994
 31
0
  0
LINE
  5
267
330
1A
100
AcDbEntity
  8
F.Courtyard
  6
CONTINUOUS
100
AcDbLine
 10
69.6768749999999955
 20
-109.9068749999999994
 30
0
 11
69.6864419999999996
 21
-109.9087779999999981
 31
0
  0
LINE
  5
268
330
1A
100
AcDbEntity
  8
F.Courtyard
  6
CONTINUOUS
100
AcDbLine
 10
55.201874999999994
 20
-109.9568749999999966
 30
0
 11
55.201874999999994
 21
-124.4068749999999994
 31
0
  0
LINE
  5
269
330
1A
100
AcDbEntity
  8
F.Courtyard
  6
CONTINUOUS
100
AcDbLine
 10
55.201874999999994
 20
-124.4068749999999994
 30
0
 11
69.6518749999999898
 21
-124.4068749999999994
 31
0
  0
LINE
  5
26A
330
1A
100
AcDbEntity
  8
F.Courtyard
  6
CONTINUOUS
100
AcDbLine
 10
69.6518749999999898
 20
-124.4068749999999994
 30
0
 11
69.6518749999999898
 21
-109.9568749999999966
 31
0
  0
LINE
  5
26B
330
1A
100
AcDbEntity
  8
F.Courtyard
  6
CONTINUOUS
100
AcDbLine
 10
69.6518749999999898
 20
-109.9568749999999966
 30
0
 11
55.201874999999994
 21
-109.9568749999999966
 31
0
  0
LINE
  5
26C
330
1A
100
AcDbEntity
  8
F.Courtyard
  6
CONTINUOUS
100
AcDbLine
 10
88.7364419999999967
 20
-109.9087779999999981
 30
0
 11
88.7499719999999996
 21
-109.922308000000001
 31
0
  0
LINE
  5
26D
330
1A
100
AcDbEntity
  8
F.Courtyard
  6
CONTINUOUS
100
AcDbLine
 10
88.7499719999999996
 20
-109.922308000000001
 30
0
 11
88.7518749999999983
 21
-109.9318749999999909
 31
0
  0
LINE
  5
26E
330
1A
100
AcDbEntity
  8
F.Courtyard
  6
CONTINUOUS
100
AcDbLine
 10
88.7518749999999983
 20
-109.9318749999999909
 30
0
 11
88.7518749999999983
 21
-124.4318749999999909
 31
0
  0
LINE
  5
26F
330
1A
100
AcDbEntity
  8
F.Courtyard
  6
CONTINUOUS
100
AcDbLine
 10
88.7518749999999983
 20
-124.4318749999999909
 30
0
 11
88.7499719999999996
 21
-124.441441999999995
 31
0
  0
LINE
  5
270
330
1A
100
AcDbEntity
  8
F.Courtyard
  6
CONTINUOUS
100
AcDbLine
 10
88.7499719999999996
 20
-124.441441999999995
 30
0
 11
88.7364419999999967
 21
-124.4549719999999979
 31
0
  0
LINE
  5
271
330
1A
100
AcDbEntity
  8
F.Courtyard
  6
CONTINUOUS
100
AcDbLine
 10
88.7364419999999967
 20
-124.4549719999999979
 30
0
 11
88.7268749999999926
 21
-124.4568749999999966
 31
0
  0
LINE
  5
272
330
1A
100
AcDbEntity
  8
F.Courtyard
  6
CONTINUOUS
100
AcDbLine
 10
88.7268749999999926
 20
-124.4568749999999966
 30
0
 11
74.2268749999999926
 21
-124.4568749999999966
 31
0
  0
LINE
  5
273
330
1A
100
AcDbEntity
  8
F.Courtyard
  6
CONTINUOUS
100
AcDbLine
 10
74.2268749999999926
 20
-124.4568749999999966
 30
0
 11
74.2173080000000027
 21
-124.4549719999999979
 31
0
  0
LINE
  5
274
330
1A
100
AcDbEntity
  8
F.Courtyard
  6
CONTINUOUS
100
AcDbLine
 10
74.2173080000000027
 20
-124.4549719999999979
 30
0
 11
74.2037779999999998
 21
-124.441441999999995
 31
0
  0
LINE
  5
275
330
1A
100
AcDbEntity
  8
F.Courtyard
  6
CONTINUOUS
100
AcDbLine
 10
74.2037779999999998
 20
-124.441441999999995
 30
0
 11
74.2018750000000011
 21
-124.4318749999999909
 31
0
  0
LINE
  5
276
330
1A
100
AcDbEntity
  8
F.Courtyard
  6
CONTINUOUS
100
AcDbLine
 10
74.2018750000000011
 20
-124.4318749999999909
 30
0
 11
74.2018750000000011
 21
-109.9318749999999909
 31
0
  0
LINE
  5
277
330
1A
100
AcDbEntity
  8
F.Courtyard
  6
CONTINUOUS
100
AcDbLine
 10
74.2018750000000011
 20
-109.9318749999999909
 30
0
 11
74.2037779999999998
 21
-109.922308000000001
 31
0
  0
LINE
  5
278
330
1A
100
AcDbEntity
  8
F.Courtyard
  6
CONTINUOUS
100
AcDbLine
 10
74.2037779999999998
 20
-109.922308000000001
 30
0
 11
74.2173080000000027
 21
-109.9087779999999981
 31
0
  0
LINE
  5
279
330
1A
100
AcDbEntity
  8
F.Courtyard
  6
CONTINUOUS
100
AcDbLine
 10
74.2173080000000027
 20
-109.9087779999999981
 30
0
 11
74.2268749999999926
 21
-109.9068749999999994
 31
0
  0
LINE
  5
27A
330
1A
100
AcDbEntity
  8
F.Courtyard
  6
CONTINUOUS
100
AcDbLine
 10
74.2268749999999926
 20
-109.9068749999999994
 30
0
 11
88.7268749999999926
 21
-109.9068749999999994
 31
0
  0
LINE
  5
27B
330
1A
100
AcDbEntity
  8
F.Courtyard
  6
CONTINUOUS
100
AcDbLine
 10
88.7268749999999926
 20
-109.9068749999999994
 30
0
 11
88.7364419999999967
 21
-109.9087779999999981
 31
0
  0
LINE
  5
27C
330
1A
100
AcDbEntity
  8
F.Courtyard
  6
CONTINUOUS
100
AcDbLine
 10
74.2518749999999983
 20
-109.9568749999999966
 30
0
 11
74.2518749999999983
 21
-124.4068749999999994
 31
0
  0
LINE
  5
27D
330
1A
100
AcDbEntity
  8
F.Courtyard
  6
CONTINUOUS
100
AcDbLine
 10
74.2518749999999983
 20
-124.4068749999999994
 30
0
 11
88.7018750000000011
 21
-124.4068749999999994
 31
0
  0
LINE
  5
27E
330
1A
100
AcDbEntity
  8
F.Courtyard
  6
CONTINUOUS
100
AcDbLine
 10
88.7018750000000011
 20
-124.4068749999999994
 30
0
 11
88.7018750000000011
 21
-109.9568749999999966
 31
0
  0
LINE
  5
27F
330
1A
100
AcDbEntity
  8
F.Courtyard
  6
CONTINUOUS
100
AcDbLine
 10
88.7018750000000011
 20
-109.9568749999999966
 30
0
 11
74.2518749999999983
 21
-109.9568749999999966
 31
0
  0
LINE
  5
280
330
1A
100
AcDbEntity
  8
F.Courtyard
  6
CONTINUOUS
100
AcDbLine
 10
107.7864419999999939
 20
-109.9087779999999981
 30
0
 11
107.7999719999999968
 21
-109.922308000000001
 31
0
  0
LINE
  5
281
330
1A
100
AcDbEntity
  8
F.Courtyard
  6
CONTINUOUS
100
AcDbLine
 10
107.7999719999999968
 20
-109.922308000000001
 30
0
 11
107.8018749999999955
 21
-109.9318749999999909
 31
0
  0
LINE
  5
282
330
1A
100
AcDbEntity
  8
F.Courtyard
  6
CONTINUOUS
100
AcDbLine
 10
107.8018749999999955
 20
-109.9318749999999909
 30
0
 11
107.8018749999999955
 21
-124.4318749999999909
 31
0
  0
LINE
  5
283
330
1A
100
AcDbEntity
  8
F.Courtyard
  6
CONTINUOUS
100
AcDbLine
 10
107.8018749999999955
 20
-124.4318749999999909
 30
0
 11
107.7999719999999968
 21
-124.441441999999995
 31
0
  0
LINE
  5
284
330
1A
100
AcDbEntity
  8
F.Courtyard
  6
CONTINUOUS
100
AcDbLine
 10
107.7999719999999968
 20
-124.441441999999995
 30
0
 11
107.7864419999999939
 21
-124.4549719999999979
 31
0
  0
LINE
  5
285
330
1A
100
AcDbEntity
  8
F.Courtyard
  6
CONTINUOUS
100
AcDbLine
 10
107.7864419999999939
 20
-124.4549719999999979
 30
0
 11
107.7768749999999898
 21
-124.4568749999999966
 31
0
  0
LINE
  5
286
330
1A
100
AcDbEntity
  8
F.Courtyard
  6
CONTINUOUS
100
AcDbLine
 10
107.7768749999999898
 20
-124.4568749999999966
 30
0
 11
93.2768749999999898
 21
-124.4568749999999966
 31
0
  0
LINE
  5
287
330
1A
100
AcDbEntity
  8
F.Courtyard
  6
CONTINUOUS
100
AcDbLine
 10
93.2768749999999898
 20
-124.4568749999999966
 30
0
 11
93.2673079999999999
 21
-124.4549719999999979
 31
0
  0
LINE
  5
288
330
1A
100
AcDbEntity
  8
F.Courtyard
  6
CONTINUOUS
100
AcDbLine
 10
93.2673079999999999
 20
-124.4549719999999979
 30
0
 11
93.253777999999997
 21
-124.441441999999995
 31
0
  0
LINE
  5
289
330
1A
100
AcDbEntity
  8
F.Courtyard
  6
CONTINUOUS
100
AcDbLine
 10
93.253777999999997
 20
-124.441441999999995
 30
0
 11
93.2518749999999983
 21
-124.4318749999999909
 31
0
  0
LINE
  5
28A
330
1A
100
AcDbEntity
  8
F.Courtyard
  6
CONTINUOUS
100
AcDbLine
 10
93.2518749999999983
 20
-124.4318749999999909
 30
0
 11
93.2518749999999983
 21
-109.9318749999999909
 31
0
  0
LINE
  5
28B
330
1A
100
AcDbEntity
  8
F.Courtyard
  6
CONTINUOUS
100
AcDbLine
 10
93.2518749999999983
 20
-109.9318749999999909
 30
0
 11
93.253777999999997
 21
-109.922308000000001
 31
0
  0
LINE
  5
28C
330
1A
100
AcDbEntity
  8
F.Courtyard
  6
CONTINUOUS
100
AcDbLine
 10
93.253777999999997
 20
-109.922308000000001
 30
0
 11
93.2673079999999999
 21
-109.9087779999999981
 31
0
  0
LINE
  5
28D
330
1A
100
AcDbEntity
  8
F.Courtyard
  6
CONTINUOUS
100
AcDbLine
 10
93.2673079999999999
 20
-109.9087779999999981
 30
0
 11
93.2768749999999898
 21
-109.9068749999999994
 31
0
  0
LINE
  5
28E
330
1A
100
AcDbEntity
  8
F.Courtyard
  6
CONTINUOUS
100
AcDbLine
 10
93.2768749999999898
 20
-109.9068749999999994
 30
0
 11
107.7768749999999898
 21
-109.9068749999999994
 31
0
  0
LINE
  5
28F
330
1A
100
AcDbEntity
  8
F.Courtyard
  6
CONTINUOUS
100
AcDbLine
 10
107.7768749999999898
 20
-109.9068749999999994
 30
0
 11
107.7864419999999939
 21
-109.9087779999999981
 31
0
  0
LINE
  5
290
330
1A
100
AcDbEntity
  8
F.Courtyard
  6
CONTINUOUS
100
AcDbLine
 10
93.3018749999999955
 20
-109.9568749999999966
 30
0
 11
93.3018749999999955
 21
-124.4068749999999994
 31
0
  0
LINE
  5
291
330
1A
100
AcDbEntity
  8
F.Courtyard
  6
CONTINUOUS
100
AcDbLine
 10
93.3018749999999955
 20
-124.4068749999999994
 30
0
 11
107.7518749999999983
 21
-124.4068749999999994
 31
0
  0
LINE
  5
292
330
1A
100
AcDbEntity
  8
F.Courtyard
  6
CONTINUOUS
100
AcDbLine
 10
107.7518749999999983
 20
-124.4068749999999994
 30
0
 11
107.7518749999999983
 21
-109.9568749999999966
 31
0
  0
LINE
  5
293
330
1A
100
AcDbEntity
  8
F.Courtyard
  6
CONTINUOUS
100
AcDbLine
 10
107.7518749999999983
 20
-109.9568749999999966
 30
0
 11
93.3018749999999955
 21
-109.9568749999999966
 31
0
  0
LINE
  5
294
330
1A
100
AcDbEntity
  8
F.Courtyard
  6
CONTINUOUS
100
AcDbLine
 10
126.836441999999991
 20
-109.9087779999999981
 30
0
 11
126.849971999999994
 21
-109.922308000000001
 31
0
  0
LINE
  5
295
330
1A
100
AcDbEntity
  8
F.Courtyard
  6
CONTINUOUS
100
AcDbLine
 10
126.849971999999994
 20
-109.922308000000001
 30
0
 11
126.8518749999999926
 21
-109.9318749999999909
 31
0
  0
LINE
  5
296
330
1A
100
AcDbEntity
  8
F.Courtyard
  6
CONTINUOUS
100
AcDbLine
 10
126.8518749999999926
 20
-109.9318749999999909
 30
0
 11
126.8518749999999926
 21
-124.4318749999999909
 31
0
  0
LINE
  5
297
330
1A
100
AcDbEntity
  8
F.Courtyard
  6
CONTINUOUS
100
AcDbLine
 10
126.8518749999999926
 20
-124.4318749999999909
 30
0
 11
126.849971999999994
 21
-124.441441999999995
 31
0
  0
LINE
  5
298
330
1A
100
AcDbEntity
  8
F.Courtyard
  6
CONTINUOUS
100
AcDbLine
 10
126.849971999999994
 20
-124.441441999999995
 30
0
 11
126.836441999999991
 21
-124.4549719999999979
 31
0
  0
LINE
  5
299
330
1A
100
AcDbEntity
  8
F.Courtyard
  6
CONTINUOUS
100
AcDbLine
 10
126.836441999999991
 20
-124.4549719999999979
 30
0
 11
126.8268750000000011
 21
-124.4568749999999966
 31
0
  0
LINE
  5
29A
330
1A
100
AcDbEntity
  8
F.Courtyard
  6
CONTINUOUS
100
AcDbLine
 10
126.8268750000000011
 20
-124.4568749999999966
 30
0
 11
112.3268750000000011
 21
-124.4568749999999966
 31
0
  0
LINE
  5
29B
330
1A
100
AcDbEntity
  8
F.Courtyard
  6
CONTINUOUS
100
AcDbLine
 10
112.3268750000000011
 20
-124.4568749999999966
 30
0
 11
112.317307999999997
 21
-124.4549719999999979
 31
0
  0
LINE
  5
29C
330
1A
100
AcDbEntity
  8
F.Courtyard
  6
CONTINUOUS
100
AcDbLine
 10
112.317307999999997
 20
-124.4549719999999979
 30
0
 11
112.3037779999999941
 21
-124.441441999999995
 31
0
  0
LINE
  5
29D
330
1A
100
AcDbEntity
  8
F.Courtyard
  6
CONTINUOUS
100
AcDbLine
 10
112.3037779999999941
 20
-124.441441999999995
 30
0
 11
112.3018749999999955
 21
-124.4318749999999909
 31
0
  0
LINE
  5
29E
330
1A
100
AcDbEntity
  8
F.Courtyard
  6
CONTINUOUS
100
AcDbLine
 10
112.3018749999999955
 20
-124.4318749999999909
 30
0
 11
112.3018749999999955
 21
-109.9318749999999909
 31
0
  0
LINE
  5
29F
330
1A
100
AcDbEntity
  8
F.Courtyard
  6
CONTINUOUS
100
AcDbLine
 10
112.3018749999999955
 20
-109.9318749999999909
 30
0
 11
112.3037779999999941
 21
-109.922308000000001
 31
0
  0
LINE
  5
2A0
330
1A
100
AcDbEntity
  8
F.Courtyard
  6
CONTINUOUS
100
AcDbLine
 10
112.3037779999999941
 20
-109.922308000000001
 30
0
 11
112.317307999999997
 21
-109.9087779999999981
 31
0
  0
LINE
  5
2A1
330
1A
100
AcDbEntity
  8
F.Courtyard
  6
CONTINUOUS
100
AcDbLine
 10
112.317307999999997
 20
-109.9087779999999981
 30
0
 11
112.3268750000000011
 21
-109.9068749999999994
 31
0
  0
LINE
  5
2A2
330
1A
100
AcDbEntity
  8
F.Courtyard
  6
CONTINUOUS
100
AcDbLine
 10
112.3268750000000011
 20
-109.9068749999999994
 30
0
 11
126.8268750000000011
 21
-109.9068749999999994
 31
0
  0
LINE
  5
2A3
330
1A
100
AcDbEntity
  8
F.Courtyard
  6
CONTINUOUS
100
AcDbLine
 10
126.8268750000000011
 20
-109.9068749999999994
 30
0
 11
126.836441999999991
 21
-109.9087779999999981
 31
0
  0
LINE
  5
2A4
330
1A
100
AcDbEntity
  8
F.Courtyard
  6
CONTINUOUS
100
AcDbLine
 10
112.3518749999999926
 20
-109.9568749999999966
 30
0
 11
112.3518749999999926
 21
-124.4068749999999994
 31
0
  0
LINE
  5
2A5
330
1A
100
AcDbEntity
  8
F.Courtyard
  6
CONTINUOUS
100
AcDbLine
 10
112.3518749999999926
 20
-124.4068749999999994
 30
0
 11
126.8018749999999955
 21
-124.4068749999999994
 31
0
  0
LINE
  5
2A6
330
1A
100
AcDbEntity
  8
F.Courtyard
  6
CONTINUOUS
100
AcDbLine
 10
126.8018749999999955
 20
-124.4068749999999994
 30
0
 11
126.8018749999999955
 21
-109.9568749999999966
 31
0
  0
LINE
  5
2A7
330
1A
100
AcDbEntity
  8
F.Courtyard
  6
CONTINUOUS
100
AcDbLine
 10
126.8018749999999955
 20
-109.9568749999999966
 30
0
 11
112.3518749999999926
 21
-109.9568749999999966
 31
0
  0
LINE
  5
2A8
330
1A
100
AcDbEntity
  8
F.Courtyard
  6
CONTINUOUS
100
AcDbLine
 10
145.8864419999999882
 20
-109.9087779999999981
 30
0
 11
145.8999719999999911
 21
-109.922308000000001
 31
0
  0
LINE
  5
2A9
330
1A
100
AcDbEntity
  8
F.Courtyard
  6
CONTINUOUS
100
AcDbLine
 10
145.8999719999999911
 20
-109.922308000000001
 30
0
 11
145.9018749999999898
 21
-109.9318749999999909
 31
0
  0
LINE
  5
2AA
330
1A
100
AcDbEntity
  8
F.Courtyard
  6
CONTINUOUS
100
AcDbLine
 10
145.9018749999999898
 20
-109.9318749999999909
 30
0
 11
145.9018749999999898
 21
-124.4318749999999909
 31
0
  0
LINE
  5
2AB
330
1A
100
AcDbEntity
  8
F.Courtyard
  6
CONTINUOUS
100
AcDbLine
 10
145.9018749999999898
 20
-124.4318749999999909
 30
0
 11
145.8999719999999911
 21
-124.441441999999995
 31
0
  0
LINE
  5
2AC
330
1A
100
AcDbEntity
  8
F.Courtyard
  6
CONTINUOUS
100
AcDbLine
 10
145.8999719999999911
 20
-124.441441999999995
 30
0
 11
145.8864419999999882
 21
-124.4549719999999979
 31
0
  0
LINE
  5
2AD
330
1A
100
AcDbEntity
  8
F.Courtyard
  6
CONTINUOUS
100
AcDbLine
 10
145.8864419999999882
 20
-124.4549719999999979
 30
0
 11
145.8768749999999841
 21
-124.4568749999999966
 31
0
  0
LINE
  5
2AE
330
1A
100
AcDbEntity
  8
F.Courtyard
  6
CONTINUOUS
100
AcDbLine
 10
145.8768749999999841
 20
-124.4568749999999966
 30
0
 11
131.3768749999999841
 21
-124.4568749999999966
 31
0
  0
LINE
  5
2AF
330
1A
100
AcDbEntity
  8
F.Courtyard
  6
CONTINUOUS
100
AcDbLine
 10
131.3768749999999841
 20
-124.4568749999999966
 30
0
 11
131.36730799999998
 21
-124.4549719999999979
 31
0
  0
LINE
  5
2B0
330
1A
100
AcDbEntity
  8
F.Courtyard
  6
CONTINUOUS
100
AcDbLine
 10
131.36730799999998
 20
-124.4549719999999979
 30
0
 11
131.3537780000000055
 21
-124.441441999999995
 31
0
  0
LINE
  5
2B1
330
1A
100
AcDbEntity
  8
F.Courtyard
  6
CONTINUOUS
100
AcDbLine
 10
131.3537780000000055
 20
-124.441441999999995
 30
0
 11
131.3518750000000068
 21
-124.4318749999999909
 31
0
  0
LINE
  5
2B2
330
1A
100
AcDbEntity
  8
F.Courtyard
  6
CONTINUOUS
100
AcDbLine
 10
131.3518750000000068
 20
-124.4318749999999909
 30
0
 11
131.3518750000000068
 21
-109.9318749999999909
 31
0
  0
LINE
  5
2B3
330
1A
100
AcDbEntity
  8
F.Courtyard
  6
CONTINUOUS
100
AcDbLine
 10
131.3518750000000068
 20
-109.9318749999999909
 30
0
 11
131.3537780000000055
 21
-109.922308000000001
 31
0
  0
LINE
  5
2B4
330
1A
100
AcDbEntity
  8
F.Courtyard
  6
CONTINUOUS
100
AcDbLine
 10
131.3537780000000055
 20
-109.922308000000001
 30
0
 11
131.36730799999998
 21
-109.9087779999999981
 31
0
  0
LINE
  5
2B5
330
1A
100
AcDbEntity
  8
F.Courtyard
  6
CONTINUOUS
100
AcDbLine
 10
131.36730799999998
 20
-109.9087779999999981
 30
0
 11
131.3768749999999841
 21
-109.9068749999999994
 31
0
  0
LINE
  5
2B6
330
1A
100
AcDbEntity
  8
F.Courtyard
  6
CONTINUOUS
100
AcDbLine
 10
131.3768749999999841
 20
-109.9068749999999994
 30
0
 11
145.8768749999999841
 21
-109.9068749999999994
 31
0
  0
LINE
  5
2B7
330
1A
100
AcDbEntity
  8
F.Courtyard
  6
CONTINUOUS
100
AcDbLine
 10
145.8768749999999841
 20
-109.9068749999999994
 30
0
 11
145.8864419999999882
 21
-109.9087779999999981
 31
0
  0
LINE
  5
2B8
330
1A
100
AcDbEntity
  8
F.Courtyard
  6
CONTINUOUS
100
AcDbLine
 10
131.4018749999999898
 20
-109.9568749999999966
 30
0
 11
131.4018749999999898
 21
-124.4068749999999994
 31
0
  0
LINE
  5
2B9
330
1A
100
AcDbEntity
  8
F.Courtyard
  6
CONTINUOUS
100
AcDbLine
 10
131.4018749999999898
 20
-124.4068749999999994
 30
0
 11
145.8518750000000068
 21
-124.4068749999999994
 31
0
  0
LINE
  5
2BA
330
1A
100
AcDbEntity
  8
F.Courtyard
  6
CONTINUOUS
100
AcDbLine
 10
145.8518750000000068
 20
-124.4068749999999994
 30
0
 11
145.8518750000000068
 21
-109.9568749999999966
 31
0
  0
LINE
  5
2BB
330
1A
100
AcDbEntity
  8
F.Courtyard
  6
CONTINUOUS
100
AcDbLine
 10
145.8518750000000068
 20
-109.9568749999999966
 30
0
 11
131.4018749999999898
 21
-109.9568749999999966
 31
0
  0
LINE
  5
2BC
330
1A
100
AcDbEntity
  8
F.Courtyard
  6
CONTINUOUS
100
AcDbLine
 10
164.9364419999999996
 20
-109.9087779999999981
 30
0
 11
164.9499720000000025
 21
-109.922308000000001
 31
0
  0
LINE
  5
2BD
330
1A
100
AcDbEntity
  8
F.Courtyard
  6
CONTINUOUS
100
AcDbLine
 10
164.9499720000000025
 20
-109.922308000000001
 30
0
 11
164.9518750000000011
 21
-109.9318749999999909
 31
0
  0
LINE
  5
2BE
330
1A
100
AcDbEntity
  8
F.Courtyard
  6
CONTINUOUS
100
AcDbLine
 10
164.9518750000000011
 20
-109.9318749999999909
 30
0
 11
164.9518750000000011
 21
-124.4318749999999909
 31
0
  0
LINE
  5
2BF
330
1A
100
AcDbEntity
  8
F.Courtyard
  6
CONTINUOUS
100
AcDbLine
 10
164.9518750000000011
 20
-124.4318749999999909
 30
0
 11
164.9499720000000025
 21
-124.441441999999995
 31
0
  0
LINE
  5
2C0
330
1A
100
AcDbEntity
  8
F.Courtyard
  6
CONTINUOUS
100
AcDbLine
 10
164.9499720000000025
 20
-124.441441999999995
 30
0
 11
164.9364419999999996
 21
-124.4549719999999979
 31
0
  0
LINE
  5
2C1
330
1A
100
AcDbEntity
  8
F.Courtyard
  6
CONTINUOUS
100
AcDbLine
 10
164.9364419999999996
 20
-124.4549719999999979
 30
0
 11
164.9268749999999955
 21
-124.4568749999999966
 31
0
  0
LINE
  5
2C2
330
1A
100
AcDbEntity
  8
F.Courtyard
  6
CONTINUOUS
100
AcDbLine
 10
164.9268749999999955
 20
-124.4568749999999966
 30
0
 11
150.4268749999999955
 21
-124.4568749999999966
 31
0
  0
LINE
  5
2C3
330
1A
100
AcDbEntity
  8
F.Courtyard
  6
CONTINUOUS
100
AcDbLine
 10
150.4268749999999955
 20
-124.4568749999999966
 30
0
 11
150.4173079999999914
 21
-124.4549719999999979
 31
0
  0
LINE
  5
2C4
330
1A
100
AcDbEntity
  8
F.Courtyard
  6
CONTINUOUS
100
AcDbLine
 10
150.4173079999999914
 20
-124.4549719999999979
 30
0
 11
150.4037779999999884
 21
-124.441441999999995
 31
0
  0
LINE
  5
2C5
330
1A
100
AcDbEntity
  8
F.Courtyard
  6
CONTINUOUS
100
AcDbLine
 10
150.4037779999999884
 20
-124.441441999999995
 30
0
 11
150.4018749999999898
 21
-124.4318749999999909
 31
0
  0
LINE
  5
2C6
330
1A
100
AcDbEntity
  8
F.Courtyard
  6
CONTINUOUS
100
AcDbLine
 10
150.4018749999999898
 20
-124.4318749999999909
 30
0
 11
150.4018749999999898
 21
-109.9318749999999909
 31
0
  0
LINE
  5
2C7
330
1A
100
AcDbEntity
  8
F.Courtyard
  6
CONTINUOUS
100
AcDbLine
 10
150.4018749999999898
 20
-109.9318749999999909
 30
0
 11
150.4037779999999884
 21
-109.922308000000001
 31
0
  0
LINE
  5
2C8
330
1A
100
AcDbEntity
  8
F.Courtyard
  6
CONTINUOUS
100
AcDbLine
 10
150.4037779999999884
 20
-109.922308000000001
 30
0
 11
150.4173079999999914
 21
-109.9087779999999981
 31
0
  0
LINE
  5
2C9
330
1A
100
AcDbEntity
  8
F.Courtyard
  6
CONTINUOUS
100
AcDbLine
 10
150.4173079999999914
 20
-109.9087779999999981
 30
0
 11
150.4268749999999955
 21
-109.9068749999999994
 31
0
  0
LINE
  5
2CA
330
1A
100
AcDbEntity
  8
F.Courtyard
  6
CONTINUOUS
100
AcDbLine
 10
150.4268749999999955
 20
-109.9068749999999994
 30
0
 11
164.9268749999999955
 21
-109.9068749999999994
 31
0
  0
LINE
  5
2CB
330
1A
100
AcDbEntity
  8
F.Courtyard
  6
CONTINUOUS
100
AcDbLine
 10
164.9268749999999955
 20
-109.9068749999999994
 30
0
 11
164.9364419999999996
 21
-109.9087779999999981
 31
0
  0
LINE
  5
2CC
330
1A
100
AcDbEntity
  8
F.Courtyard
  6
CONTINUOUS
100
AcDbLine
 10
150.4518750000000011
 20
-109.9568749999999966
 30
0
 11
150.4518750000000011
 21
-124.4068749999999994
 31
0
  0
LINE
  5
2CD
330
1A
100
AcDbEntity
  8
F.Courtyard
  6
CONTINUOUS
100
AcDbLine
 10
150.4518750000000011
 20
-124.4068749999999994
 30
0
 11
164.9018749999999898
 21
-124.4068749999999994
 31
0
  0
LINE
  5
2CE
330
1A
100
AcDbEntity
  8
F.Courtyard
  6
CONTINUOUS
100
AcDbLine
 10
164.9018749999999898
 20
-124.4068749999999994
 30
0
 11
164.9018749999999898
 21
-109.9568749999999966
 31
0
  0
LINE
  5
2CF
330
1A
100
AcDbEntity
  8
F.Courtyard
  6
CONTINUOUS
100
AcDbLine
 10
164.9018749999999898
 20
-109.9568749999999966
 30
0
 11
150.4518750000000011
 21
-109.9568749999999966
 31
0
  0
LINE
  5
2D0
330
1A
100
AcDbEntity
  8
F.Courtyard
  6
CONTINUOUS
100
AcDbLine
 10
183.9864419999999825
 20
-109.9087779999999981
 30
0
 11
183.9999719999999854
 21
-109.922308000000001
 31
0
  0
LINE
  5
2D1
330
1A
100
AcDbEntity
  8
F.Courtyard
  6
CONTINUOUS
100
AcDbLine
 10
183.9999719999999854
 20
-109.922308000000001
 30
0
 11
184.0018749999999841
 21
-109.9318749999999909
 31
0
  0
LINE
  5
2D2
330
1A
100
AcDbEntity
  8
F.Courtyard
  6
CONTINUOUS
100
AcDbLine
 10
184.0018749999999841
 20
-109.9318749999999909
 30
0
 11
184.0018749999999841
 21
-124.4318749999999909
 31
0
  0
LINE
  5
2D3
330
1A
100
AcDbEntity
  8
F.Courtyard
  6
CONTINUOUS
100
AcDbLine
 10
184.0018749999999841
 20
-124.4318749999999909
 30
0
 11
183.9999719999999854
 21
-124.441441999999995
 31
0
  0
LINE
  5
2D4
330
1A
100
AcDbEntity
  8
F.Courtyard
  6
CONTINUOUS
100
AcDbLine
 10
183.9999719999999854
 20
-124.441441999999995
 30
0
 11
183.9864419999999825
 21
-124.4549719999999979
 31
0
  0
LINE
  5
2D5
330
1A
100
AcDbEntity
  8
F.Courtyard
  6
CONTINUOUS
100
AcDbLine
 10
183.9864419999999825
 20
-124.4549719999999979
 30
0
 11
183.9768749999999784
 21
-124.4568749999999966
 31
0
  0
LINE
  5
2D6
330
1A
100
AcDbEntity
  8
F.Courtyard
  6
CONTINUOUS
100
AcDbLine
 10
183.9768749999999784
 20
-124.4568749999999966
 30
0
 11
169.4768749999999784
 21
-124.4568749999999966
 31
0
  0
LINE
  5
2D7
330
1A
100
AcDbEntity
  8
F.Courtyard
  6
CONTINUOUS
100
AcDbLine
 10
169.4768749999999784
 20
-124.4568749999999966
 30
0
 11
169.4673080000000027
 21
-124.4549719999999979
 31
0
  0
LINE
  5
2D8
330
1A
100
AcDbEntity
  8
F.Courtyard
  6
CONTINUOUS
100
AcDbLine
 10
169.4673080000000027
 20
-124.4549719999999979
 30
0
 11
169.4537779999999998
 21
-124.441441999999995
 31
0
  0
LINE
  5
2D9
330
1A
100
AcDbEntity
  8
F.Courtyard
  6
CONTINUOUS
100
AcDbLine
 10
169.4537779999999998
 20
-124.441441999999995
 30
0
 11
169.4518750000000011
 21
-124.4318749999999909
 31
0
  0
LINE
  5
2DA
330
1A
100
AcDbEntity
  8
F.Courtyard
  6
CONTINUOUS
100
AcDbLine
 10
169.4518750000000011
 20
-124.4318749999999909
 30
0
 11
169.4518750000000011
 21
-109.9318749999999909
 31
0
  0
LINE
  5
2DB
330
1A
100
AcDbEntity
  8
F.Courtyard
  6
CONTINUOUS
100
AcDbLine
 10
169.4518750000000011
 20
-109.9318749999999909
 30
0
 11
169.4537779999999998
 21
-109.922308000000001
 31
0
  0
LINE
  5
2DC
330
1A
100
AcDbEntity
  8
F.Courtyard
  6
CONTINUOUS
100
AcDbLine
 10
169.4537779999999998
 20
-109.922308000000001
 30
0
 11
169.4673080000000027
 21
-109.9087779999999981
 31
0
  0
LINE
  5
2DD
330
1A
100
AcDbEntity
  8
F.Courtyard
  6
CONTINUOUS
100
AcDbLine
 10
169.4673080000000027
 20
-109.9087779999999981
 30
0
 11
169.4768749999999784
 21
-109.9068749999999994
 31
0
  0
LINE
  5
2DE
330
1A
100
AcDbEntity
  8
F.Courtyard
  6
CONTINUOUS
100
AcDbLine
 10
169.4768749999999784
 20
-109.9068749999999994
 30
0
 11
183.9768749999999784
 21
-109.9068749999999994
 31
0
  0
LINE
  5
2DF
330
1A
100
AcDbEntity
  8
F.Courtyard
  6
CONTINUOUS
100
AcDbLine
 10
183.9768749999999784
 20
-109.9068749999999994
 30
0
 11
183.9864419999999825
 21
-109.9087779999999981
 31
0
  0
LINE
  5
2E0
330
1A
100
AcDbEntity
  8
F.Courtyard
  6
CONTINUOUS
100
AcDbLine
 10
169.5018749999999841
 20
-109.9568749999999966
 30
0
 11
169.5018749999999841
 21
-124.4068749999999994
 31
0
  0
LINE
  5
2E1
330
1A
100
AcDbEntity
  8
F.Courtyard
  6
CONTINUOUS
100
AcDbLine
 10
169.5018749999999841
 20
-124.4068749999999994
 30
0
 11
183.9518750000000011
 21
-124.4068749999999994
 31
0
  0
LINE
  5
2E2
330
1A
100
AcDbEntity
  8
F.Courtyard
  6
CONTINUOUS
100
AcDbLine
 10
183.9518750000000011
 20
-124.4068749999999994
 30
0
 11
183.9518750000000011
 21
-109.9568749999999966
 31
0
  0
LINE
  5
2E3
330
1A
100
AcDbEntity
  8
F.Courtyard
  6
CONTINUOUS
100
AcDbLine
 10
183.9518750000000011
 20
-109.9568749999999966
 30
0
 11
169.5018749999999841
 21
-109.9568749999999966
 31
0
  0
LINE
  5
2E4
330
1A
100
AcDbEntity
  8
F.Courtyard
  6
CONTINUOUS
100
AcDbLine
 10
203.0364419999999939
 20
-109.9087779999999981
 30
0
 11
203.0499719999999968
 21
-109.922308000000001
 31
0
  0
LINE
  5
2E5
330
1A
100
AcDbEntity
  8
F.Courtyard
  6
CONTINUOUS
100
AcDbLine
 10
203.0499719999999968
 20
-109.922308000000001
 30
0
 11
203.0518749999999955
 21
-109.9318749999999909
 31
0
  0
LINE
  5
2E6
330
1A
100
AcDbEntity
  8
F.Courtyard
  6
CONTINUOUS
100
AcDbLine
 10
203.0518749999999955
 20
-109.9318749999999909
 30
0
 11
203.0518749999999955
 21
-124.4318749999999909
 31
0
  0
LINE
  5
2E7
330
1A
100
AcDbEntity
  8
F.Courtyard
  6
CONTINUOUS
100
AcDbLine
 10
203.0518749999999955
 20
-124.4318749999999909
 30
0
 11
203.0499719999999968
 21
-124.441441999999995
 31
0
  0
LINE
  5
2E8
330
1A
100
AcDbEntity
  8
F.Courtyard
  6
CONTINUOUS
100
AcDbLine
 10
203.0499719999999968
 20
-124.441441999999995
 30
0
 11
203.0364419999999939
 21
-124.4549719999999979
 31
0
  0
LINE
  5
2E9
330
1A
100
AcDbEntity
  8
F.Courtyard
  6
CONTINUOUS
100
AcDbLine
 10
203.0364419999999939
 20
-124.4549719999999979
 30
0
 11
203.0268749999999898
 21
-124.4568749999999966
 31
0
  0
LINE
  5
2EA
330
1A
100
AcDbEntity
  8
F.Courtyard
  6
CONTINUOUS
100
AcDbLine
 10
203.0268749999999898
 20
-124.4568749999999966
 30
0
 11
188.5268749999999898
 21
-124.4568749999999966
 31
0
  0
LINE
  5
2EB
330
1A
100
AcDbEntity
  8
F.Courtyard
  6
CONTINUOUS
100
AcDbLine
 10
188.5268749999999898
 20
-124.4568749999999966
 30
0
 11
188.5173079999999857
 21
-124.4549719999999979
 31
0
  0
LINE
  5
2EC
330
1A
100
AcDbEntity
  8
F.Courtyard
  6
CONTINUOUS
100
AcDbLine
 10
188.5173079999999857
 20
-124.4549719999999979
 30
0
 11
188.5037779999999827
 21
-124.441441999999995
 31
0
  0
LINE
  5
2ED
330
1A
100
AcDbEntity
  8
F.Courtyard
  6
CONTINUOUS
100
AcDbLine
 10
188.5037779999999827
 20
-124.441441999999995
 30
0
 11
188.5018749999999841
 21
-124.4318749999999909
 31
0
  0
LINE
  5
2EE
330
1A
100
AcDbEntity
  8
F.Courtyard
  6
CONTINUOUS
100
AcDbLine
 10
188.5018749999999841
 20
-124.4318749999999909
 30
0
 11
188.5018749999999841
 21
-109.9318749999999909
 31
0
  0
LINE
  5
2EF
330
1A
100
AcDbEntity
  8
F.Courtyard
  6
CONTINUOUS
100
AcDbLine
 10
188.5018749999999841
 20
-109.9318749999999909
 30
0
 11
188.5037779999999827
 21
-109.922308000000001
 31
0
  0
LINE
  5
2F0
330
1A
100
AcDbEntity
  8
F.Courtyard
  6
CONTINUOUS
100
AcDbLine
 10
188.5037779999999827
 20
-109.922308000000001
 30
0
 11
188.5173079999999857
 21
-109.9087779999999981
 31
0
  0
LINE
  5
2F1
330
1A
100
AcDbEntity
  8
F.Courtyard
  6
CONTINUOUS
100
AcDbLine
 10
188.5173079999999857
 20
-109.9087779999999981
 30
0
 11
188.5268749999999898
 21
-109.9068749999999994
 31
0
  0
LINE
  5
2F2
330
1A
100
AcDbEntity
  8
F.Courtyard
  6
CONTINUOUS
100
AcDbLine
 10
188.5268749999999898
 20
-109.9068749999999994
 30
0
 11
203.0268749999999898
 21
-109.9068749999999994
 31
0
  0
LINE
  5
2F3
330
1A
100
AcDbEntity
  8
F.Courtyard
  6
CONTINUOUS
100
AcDbLine
 10
203.0268749999999898
 20
-109.9068749999999994
 30
0
 11
203.0364419999999939
 21
-109.9087779999999981
 31
0
  0
LINE
  5
2F4
330
1A
100
AcDbEntity
  8
F.Courtyard
  6
CONTINUOUS
100
AcDbLine
 10
188.5518749999999955
 20
-109.9568749999999966
 30
0
 11
188.5518749999999955
 21
-124.4068749999999994
 31
0
  0
LINE
  5
2F5
330
1A
100
AcDbEntity
  8
F.Courtyard
  6
CONTINUOUS
100
AcDbLine
 10
188.5518749999999955
 20
-124.4068749999999994
 30
0
 11
203.0018749999999841
 21
-124.4068749999999994
 31
0
  0
LINE
  5
2F6
330
1A
100
AcDbEntity
  8
F.Courtyard
  6
CONTINUOUS
100
AcDbLine
 10
203.0018749999999841
 20
-124.4068749999999994
 30
0
 11
203.0018749999999841
 21
-109.9568749999999966
 31
0
  0
LINE
  5
2F7
330
1A
100
AcDbEntity
  8
F.Courtyard
  6
CONTINUOUS
100
AcDbLine
 10
203.0018749999999841
 20
-109.9568749999999966
 30
0
 11
188.5518749999999955
 21
-109.9568749999999966
 31
0
  0
LINE
  5
2F8
330
1A
100
AcDbEntity
  8
F.Courtyard
  6
CONTINUOUS
100
AcDbLine
 10
222.0864419999999768
 20
-109.9087779999999981
 30
0
 11
222.0999719999999797
 21
-109.922308000000001
 31
0
  0
LINE
  5
2F9
330
1A
100
AcDbEntity
  8
F.Courtyard
  6
CONTINUOUS
100
AcDbLine
 10
222.0999719999999797
 20
-109.922308000000001
 30
0
 11
222.1018749999999784
 21
-109.9318749999999909
 31
0
  0
LINE
  5
2FA
330
1A
100
AcDbEntity
  8
F.Courtyard
  6
CONTINUOUS
100
AcDbLine
 10
222.1018749999999784
 20
-109.9318749999999909
 30
0
 11
222.1018749999999784
 21
-124.4318749999999909
 31
0
  0
LINE
  5
2FB
330
1A
100
AcDbEntity
  8
F.Courtyard
  6
CONTINUOUS
100
AcDbLine
 10
222.1018749999999784
 20
-124.4318749999999909
 30
0
 11
222.0999719999999797
 21
-124.441441999999995
 31
0
  0
LINE
  5
2FC
330
1A
100
AcDbEntity
  8
F.Courtyard
  6
CONTINUOUS
100
AcDbLine
 10
222.0999719999999797
 20
-124.441441999999995
 30
0
 11
222.0864419999999768
 21
-124.4549719999999979
 31
0
  0
LINE
  5
2FD
330
1A
100
AcDbEntity
  8
F.Courtyard
  6
CONTINUOUS
100
AcDbLine
 10
222.0864419999999768
 20
-124.4549719999999979
 30
0
 11
222.0768750000000011
 21
-124.4568749999999966
 31
0
  0
LINE
  5
2FE
330
1A
100
AcDbEntity
  8
F.Courtyard
  6
CONTINUOUS
100
AcDbLine
 10
222.0768750000000011
 20
-124.4568749999999966
 30
0
 11
207.5768750000000011
 21
-124.4568749999999966
 31
0
  0
LINE
  5
2FF
330
1A
100
AcDbEntity
  8
F.Courtyard
  6
CONTINUOUS
100
AcDbLine
 10
207.5768750000000011
 20
-124.4568749999999966
 30
0
 11
207.567307999999997
 21
-124.4549719999999979
 31
0
  0
LINE
  5
300
330
1A
100
AcDbEntity
  8
F.Courtyard
  6
CONTINUOUS
100
AcDbLine
 10
207.567307999999997
 20
-124.4549719999999979
 30
0
 11
207.5537779999999941
 21
-124.441441999999995
 31
0
  0
LINE
  5
301
330
1A
100
AcDbEntity
  8
F.Courtyard
  6
CONTINUOUS
100
AcDbLine
 10
207.5537779999999941
 20
-124.441441999999995
 30
0
 11
207.5518749999999955
 21
-124.4318749999999909
 31
0
  0
LINE
  5
302
330
1A
100
AcDbEntity
  8
F.Courtyard
  6
CONTINUOUS
100
AcDbLine
 10
207.5518749999999955
 20
-124.4318749999999909
 30
0
 11
207.5518749999999955
 21
-109.9318749999999909
 31
0
  0
LINE
  5
303
330
1A
100
AcDbEntity
  8
F.Courtyard
  6
CONTINUOUS
100
AcDbLine
 10
207.5518749999999955
 20
-109.9318749999999909
 30
0
 11
207.5537779999999941
 21
-109.922308000000001
 31
0
  0
LINE
  5
304
330
1A
100
AcDbEntity
  8
F.Courtyard
  6
CONTINUOUS
100
AcDbLine
 10
207.5537779999999941
 20
-109.922308000000001
 30
0
 11
207.567307999999997
 21
-109.9087779999999981
 31
0
  0
LINE
  5
305
330
1A
100
AcDbEntity
  8
F.Courtyard
  6
CONTINUOUS
100
AcDbLine
 10
207.567307999999997
 20
-109.9087779999999981
 30
0
 11
207.5768750000000011
 21
-109.9068749999999994
 31
0
  0
LINE
  5
306
330
1A
100
AcDbEntity
  8
F.Courtyard
  6
CONTINUOUS
100
AcDbLine
 10
207.5768750000000011
 20
-109.9068749999999994
 30
0
 11
222.0768750000000011
 21
-109.9068749999999994
 31
0
  0
LINE
  5
307
330
1A
100
AcDbEntity
  8
F.Courtyard
  6
CONTINUOUS
100
AcDbLine
 10
222.0768750000000011
 20
-109.9068749999999994
 30
0
 11
222.0864419999999768
 21
-109.9087779999999981
 31
0
  0
LINE
  5
308
330
1A
100
AcDbEntity
  8
F.Courtyard
  6
CONTINUOUS
100
AcDbLine
 10
207.6018749999999784
 20
-109.9568749999999966
 30
0
 11
207.6018749999999784
 21
-124.4068749999999994
 31
0
  0
LINE
  5
309
330
1A
100
AcDbEntity
  8
F.Courtyard
  6
CONTINUOUS
100
AcDbLine
 10
207.6018749999999784
 20
-124.4068749999999994
 30
0
 11
222.0518749999999955
 21
-124.4068749999999994
 31
0
  0
LINE
  5
30A
330
1A
100
AcDbEntity
  8
F.Courtyard
  6
CONTINUOUS
100
AcDbLine
 10
222.0518749999999955
 20
-124.4068749999999994
 30
0
 11
222.0518749999999955
 21
-109.9568749999999966
 31
0
  0
LINE
  5
30B
330
1A
100
AcDbEntity
  8
F.Courtyard
  6
CONTINUOUS
100
AcDbLine
 10
222.0518749999999955
 20
-109.9568749999999966
 30
0
 11
207.6018749999999784
 21
-109.9568749999999966
 31
0
  0
LINE
  5
30C
330
1A
100
AcDbEntity
  8
F.Courtyard
  6
CONTINUOUS
100
AcDbLine
 10
241.1364419999999882
 20
-109.9087779999999981
 30
0
 11
241.1499719999999911
 21
-109.922308000000001
 31
0
  0
LINE
  5
30D
330
1A
100
AcDbEntity
  8
F.Courtyard
  6
CONTINUOUS
100
AcDbLine
 10
241.1499719999999911
 20
-109.922308000000001
 30
0
 11
241.1518749999999898
 21
-109.9318749999999909
 31
0
  0
LINE
  5
30E
330
1A
100
AcDbEntity
  8
F.Courtyard
  6
CONTINUOUS
100
AcDbLine
 10
241.1518749999999898
 20
-109.9318749999999909
 30
0
 11
241.1518749999999898
 21
-124.4318749999999909
 31
0
  0
LINE
  5
30F
330
1A
100
AcDbEntity
  8
F.Courtyard
  6
CONTINUOUS
100
AcDbLine
 10
241.1518749999999898
 20
-124.4318749999999909
 30
0
 11
241.1499719999999911
 21
-124.441441999999995
 31
0
  0
LINE
  5
310
330
1A
100
AcDbEntity
  8
F.Courtyard
  6
CONTINUOUS
100
AcDbLine
 10
241.1499719999999911
 20
-124.441441999999995
 30
0
 11
241.1364419999999882
 21
-124.4549719999999979
 31
0
  0
LINE
  5
311
330
1A
100
AcDbEntity
  8
F.Courtyard
  6
CONTINUOUS
100
AcDbLine
 10
241.1364419999999882
 20
-124.4549719999999979
 30
0
 11
241.1268749999999841
 21
-124.4568749999999966
 31
0
  0
LINE
  5
312
330
1A
100
AcDbEntity
  8
F.Courtyard
  6
CONTINUOUS
100
AcDbLine
 10
241.1268749999999841
 20
-124.4568749999999966
 30
0
 11
226.6268749999999841
 21
-124.4568749999999966
 31
0
  0
LINE
  5
313
330
1A
100
AcDbEntity
  8
F.Courtyard
  6
CONTINUOUS
100
AcDbLine
 10
226.6268749999999841
 20
-124.4568749999999966
 30
0
 11
226.61730799999998
 21
-124.4549719999999979
 31
0
  0
LINE
  5
314
330
1A
100
AcDbEntity
  8
F.Courtyard
  6
CONTINUOUS
100
AcDbLine
 10
226.61730799999998
 20
-124.4549719999999979
 30
0
 11
226.6037779999999771
 21
-124.441441999999995
 31
0
  0
LINE
  5
315
330
1A
100
AcDbEntity
  8
F.Courtyard
  6
CONTINUOUS
100
AcDbLine
 10
226.6037779999999771
 20
-124.441441999999995
 30
0
 11
226.6018749999999784
 21
-124.4318749999999909
 31
0
  0
LINE
  5
316
330
1A
100
AcDbEntity
  8
F.Courtyard
  6
CONTINUOUS
100
AcDbLine
 10
226.6018749999999784
 20
-124.4318749999999909
 30
0
 11
226.6018749999999784
 21
-109.9318749999999909
 31
0
  0
LINE
  5
317
330
1A
100
AcDbEntity
  8
F.Courtyard
  6
CONTINUOUS
100
AcDbLine
 10
226.6018749999999784
 20
-109.9318749999999909
 30
0
 11
226.6037779999999771
 21
-109.922308000000001
 31
0
  0
LINE
  5
318
330
1A
100
AcDbEntity
  8
F.Courtyard
  6
CONTINUOUS
100
AcDbLine
 10
226.6037779999999771
 20
-109.922308000000001
 30
0
 11
226.61730799999998
 21
-109.9087779999999981
 31
0
  0
LINE
  5
319
330
1A
100
AcDbEntity
  8
F.Courtyard
  6
CONTINUOUS
100
AcDbLine
 10
226.61730799999998
 20
-109.9087779999999981
 30
0
 11
226.6268749999999841
 21
-109.9068749999999994
 31
0
  0
LINE
  5
31A
330
1A
100
AcDbEntity
  8
F.Courtyard
  6
CONTINUOUS
100
AcDbLine
 10
226.6268749999999841
 20
-109.9068749999999994
 30
0
 11
241.1268749999999841
 21
-109.9068749999999994
 31
0
  0
LINE
  5
31B
330
1A
100
AcDbEntity
  8
F.Courtyard
  6
CONTINUOUS
100
AcDbLine
 10
241.1268749999999841
 20
-109.9068749999999994
 30
0
 11
241.1364419999999882
 21
-109.9087779999999981
 31
0
  0
LINE
  5
31C
330
1A
100
AcDbEntity
  8
F.Courtyard
  6
CONTINUOUS
100
AcDbLine
 10
226.6518749999999898
 20
-109.9568749999999966
 30
0
 11
226.6518749999999898
 21
-124.4068749999999994
 31
0
  0
LINE
  5
31D
330
1A
100
AcDbEntity
  8
F.Courtyard
  6
CONTINUOUS
100
AcDbLine
 10
226.6518749999999898
 20
-124.4068749999999994
 30
0
 11
241.1018749999999784
 21
-124.4068749999999994
 31
0
  0
LINE
  5
31E
330
1A
100
AcDbEntity
  8
F.Courtyard
  6
CONTINUOUS
100
AcDbLine
 10
241.1018749999999784
 20
-124.4068749999999994
 30
0
 11
241.1018749999999784
 21
-109.9568749999999966
 31
0
  0
LINE
  5
31F
330
1A
100
AcDbEntity
  8
F.Courtyard
  6
CONTINUOUS
100
AcDbLine
 10
241.1018749999999784
 20
-109.9568749999999966
 30
0
 11
226.6518749999999898
 21
-109.9568749999999966
 31
0
  0
LINE
  5
320
330
1A
100
AcDbEntity
  8
F.Courtyard
  6
CONTINUOUS
100
AcDbLine
 10
260.1864419999999996
 20
-109.9087779999999981
 30
0
 11
260.1999720000000025
 21
-109.922308000000001
 31
0
  0
LINE
  5
321
330
1A
100
AcDbEntity
  8
F.Courtyard
  6
CONTINUOUS
100
AcDbLine
 10
260.1999720000000025
 20
-109.922308000000001
 30
0
 11
260.2018749999999727
 21
-109.9318749999999909
 31
0
  0
LINE
  5
322
330
1A
100
AcDbEntity
  8
F.Courtyard
  6
CONTINUOUS
100
AcDbLine
 10
260.2018749999999727
 20
-109.9318749999999909
 30
0
 11
260.2018749999999727
 21
-124.4318749999999909
 31
0
  0
LINE
  5
323
330
1A
100
AcDbEntity
  8
F.Courtyard
  6
CONTINUOUS
100
AcDbLine
 10
260.2018749999999727
 20
-124.4318749999999909
 30
0
 11
260.1999720000000025
 21
-124.441441999999995
 31
0
  0
LINE
  5
324
330
1A
100
AcDbEntity
  8
F.Courtyard
  6
CONTINUOUS
100
AcDbLine
 10
260.1999720000000025
 20
-124.441441999999995
 30
0
 11
260.1864419999999996
 21
-124.4549719999999979
 31
0
  0
LINE
  5
325
330
1A
100
AcDbEntity
  8
F.Courtyard
  6
CONTINUOUS
100
AcDbLine
 10
260.1864419999999996
 20
-124.4549719999999979
 30
0
 11
260.1768749999999955
 21
-124.4568749999999966
 31
0
  0
LINE
  5
326
330
1A
100
AcDbEntity
  8
F.Courtyard
  6
CONTINUOUS
100
AcDbLine
 10
260.1768749999999955
 20
-124.4568749999999966
 30
0
 11
245.6768749999999955
 21
-124.4568749999999966
 31
0
  0
LINE
  5
327
330
1A
100
AcDbEntity
  8
F.Courtyard
  6
CONTINUOUS
100
AcDbLine
 10
245.6768749999999955
 20
-124.4568749999999966
 30
0
 11
245.6673079999999914
 21
-124.4549719999999979
 31
0
  0
LINE
  5
328
330
1A
100
AcDbEntity
  8
F.Courtyard
  6
CONTINUOUS
100
AcDbLine
 10
245.6673079999999914
 20
-124.4549719999999979
 30
0
 11
245.6537779999999884
 21
-124.441441999999995
 31
0
  0
LINE
  5
329
330
1A
100
AcDbEntity
  8
F.Courtyard
  6
CONTINUOUS
100
AcDbLine
 10
245.6537779999999884
 20
-124.441441999999995
 30
0
 11
245.6518749999999898
 21
-124.4318749999999909
 31
0
  0
LINE
  5
32A
330
1A
100
AcDbEntity
  8
F.Courtyard
  6
CONTINUOUS
100
AcDbLine
 10
245.6518749999999898
 20
-124.4318749999999909
 30
0
 11
245.6518749999999898
 21
-109.9318749999999909
 31
0
  0
LINE
  5
32B
330
1A
100
AcDbEntity
  8
F.Courtyard
  6
CONTINUOUS
100
AcDbLine
 10
245.6518749999999898
 20
-109.9318749999999909
 30
0
 11
245.6537779999999884
 21
-109.922308000000001
 31
0
  0
LINE
  5
32C
330
1A
100
AcDbEntity
  8
F.Courtyard
  6
CONTINUOUS
100
AcDbLine
 10
245.6537779999999884
 20
-109.922308000000001
 30
0
 11
245.6673079999999914
 21
-109.9087779999999981
 31
0
  0
LINE
  5
32D
330
1A
100
AcDbEntity
  8
F.Courtyard
  6
CONTINUOUS
100
AcDbLine
 10
245.6673079999999914
 20
-109.9087779999999981
 30
0
 11
245.6768749999999955
 21
-109.9068749999999994
 31
0
  0
LINE
  5
32E
330
1A
100
AcDbEntity
  8
F.Courtyard
  6
CONTINUOUS
100
AcDbLine
 10
245.6768749999999955
 20
-109.9068749999999994
 30
0
 11
260.1768749999999955
 21
-109.9068749999999994
 31
0
  0
LINE
  5
32F
330
1A
100
AcDbEntity
  8
F.Courtyard
  6
CONTINUOUS
100
AcDbLine
 10
260.1768749999999955
 20
-109.9068749999999994
 30
0
 11
260.1864419999999996
 21
-109.9087779999999981
 31
0
  0
LINE
  5
330
330
1A
100
AcDbEntity
  8
F.Courtyard
  6
CONTINUOUS
100
AcDbLine
 10
245.7018750000000011
 20
-109.9568749999999966
 30
0
 11
245.7018750000000011
 21
-124.4068749999999994
 31
0
  0
LINE
  5
331
330
1A
100
AcDbEntity
  8
F.Courtyard
  6
CONTINUOUS
100
AcDbLine
 10
245.7018750000000011
 20
-124.4068749999999994
 30
0
 11
260.1518749999999613
 21
-124.4068749999999994
 31
0
  0
LINE
  5
332
330
1A
100
AcDbEntity
  8
F.Courtyard
  6
CONTINUOUS
100
AcDbLine
 10
260.1518749999999613
 20
-124.4068749999999994
 30
0
 11
260.1518749999999613
 21
-109.9568749999999966
 31
0
  0
LINE
  5
333
330
1A
100
AcDbEntity
  8
F.Courtyard
  6
CONTINUOUS
100
AcDbLine
 10
260.1518749999999613
 20
-109.9568749999999966
 30
0
 11
245.7018750000000011
 21
-109.9568749999999966
 31
0
  0
LINE
  5
334
330
1A
100
AcDbEntity
  8
F.Courtyard
  6
CONTINUOUS
100
AcDbLine
 10
291.4601920000000064
 20
-109.9087779999999981
 30
0
 11
291.4737220000000093
 21
-109.922308000000001
 31
0
  0
LINE
  5
335
330
1A
100
AcDbEntity
  8
F.Courtyard
  6
CONTINUOUS
100
AcDbLine
 10
291.4737220000000093
 20
-109.922308000000001
 30
0
 11
291.4756249999999795
 21
-109.9318749999999909
 31
0
  0
LINE
  5
336
330
1A
100
AcDbEntity
  8
F.Courtyard
  6
CONTINUOUS
100
AcDbLine
 10
291.4756249999999795
 20
-109.9318749999999909
 30
0
 11
291.4756249999999795
 21
-124.4318749999999909
 31
0
  0
LINE
  5
337
330
1A
100
AcDbEntity
  8
F.Courtyard
  6
CONTINUOUS
100
AcDbLine
 10
291.4756249999999795
 20
-124.4318749999999909
 30
0
 11
291.4737220000000093
 21
-124.441441999999995
 31
0
  0
LINE
  5
338
330
1A
100
AcDbEntity
  8
F.Courtyard
  6
CONTINUOUS
100
AcDbLine
 10
291.4737220000000093
 20
-124.441441999999995
 30
0
 11
291.4601920000000064
 21
-124.4549719999999979
 31
0
  0
LINE
  5
339
330
1A
100
AcDbEntity
  8
F.Courtyard
  6
CONTINUOUS
100
AcDbLine
 10
291.4601920000000064
 20
-124.4549719999999979
 30
0
 11
291.4506250000000023
 21
-124.4568749999999966
 31
0
  0
LINE
  5
33A
330
1A
100
AcDbEntity
  8
F.Courtyard
  6
CONTINUOUS
100
AcDbLine
 10
291.4506250000000023
 20
-124.4568749999999966
 30
0
 11
276.9506250000000023
 21
-124.4568749999999966
 31
0
  0
LINE
  5
33B
330
1A
100
AcDbEntity
  8
F.Courtyard
  6
CONTINUOUS
100
AcDbLine
 10
276.9506250000000023
 20
-124.4568749999999966
 30
0
 11
276.9410579999999982
 21
-124.4549719999999979
 31
0
  0
LINE
  5
33C
330
1A
100
AcDbEntity
  8
F.Courtyard
  6
CONTINUOUS
100
AcDbLine
 10
276.9410579999999982
 20
-124.4549719999999979
 30
0
 11
276.9275279999999952
 21
-124.441441999999995
 31
0
  0
LINE
  5
33D
330
1A
100
AcDbEntity
  8
F.Courtyard
  6
CONTINUOUS
100
AcDbLine
 10
276.9275279999999952
 20
-124.441441999999995
 30
0
 11
276.9256249999999682
 21
-124.4318749999999909
 31
0
  0
LINE
  5
33E
330
1A
100
AcDbEntity
  8
F.Courtyard
  6
CONTINUOUS
100
AcDbLine
 10
276.9256249999999682
 20
-124.4318749999999909
 30
0
 11
276.9256249999999682
 21
-109.9318749999999909
 31
0
  0
LINE
  5
33F
330
1A
100
AcDbEntity
  8
F.Courtyard
  6
CONTINUOUS
100
AcDbLine
 10
276.9256249999999682
 20
-109.9318749999999909
 30
0
 11
276.9275279999999952
 21
-109.922308000000001
 31
0
  0
LINE
  5
340
330
1A
100
AcDbEntity
  8
F.Courtyard
  6
CONTINUOUS
100
AcDbLine
 10
276.9275279999999952
 20
-109.922308000000001
 30
0
 11
276.9410579999999982
 21
-109.9087779999999981
 31
0
  0
LINE
  5
341
330
1A
100
AcDbEntity
  8
F.Courtyard
  6
CONTINUOUS
100
AcDbLine
 10
276.9410579999999982
 20
-109.9087779999999981
 30
0
 11
276.9506250000000023
 21
-109.9068749999999994
 31
0
  0
LINE
  5
342
330
1A
100
AcDbEntity
  8
F.Courtyard
  6
CONTINUOUS
100
AcDbLine
 10
276.9506250000000023
 20
-109.9068749999999994
 30
0
 11
291.4506250000000023
 21
-109.9068749999999994
 31
0
  0
LINE
  5
343
330
1A
100
AcDbEntity
  8
F.Courtyard
  6
CONTINUOUS
100
AcDbLine
 10
291.4506250000000023
 20
-109.9068749999999994
 30
0
 11
291.4601920000000064
 21
-109.9087779999999981
 31
0
  0
LINE
  5
344
330
1A
100
AcDbEntity
  8
F.Courtyard
  6
CONTINUOUS
100
AcDbLine
 10
276.9756249999999795
 20
-109.9568749999999966
 30
0
 11
276.9756249999999795
 21
-124.4068749999999994
 31
0
  0
LINE
  5
345
330
1A
100
AcDbEntity
  8
F.Courtyard
  6
CONTINUOUS
100
AcDbLine
 10
276.9756249999999795
 20
-124.4068749999999994
 30
0
 11
291.4256249999999682
 21
-124.4068749999999994
 31
0
  0
LINE
  5
346
330
1A
100
AcDbEntity
  8
F.Courtyard
  6
CONTINUOUS
100
AcDbLine
 10
291.4256249999999682
 20
-124.4068749999999994
 30
0
 11
291.4256249999999682
 21
-109.9568749999999966
 31
0
  0
LINE
  5
347
330
1A
100
AcDbEntity
  8
F.Courtyard
  6
CONTINUOUS
100
AcDbLine
 10
291.4256249999999682
 20
-109.9568749999999966
 30
0
 11
276.9756249999999795
 21
-109.9568749999999966
 31
0
  0
LINE
  5
348
330
1A
100
AcDbEntity
  8
F.Courtyard
  6
CONTINUOUS
100
AcDbLine
 10
327.4789419999999609
 20
-90.9212780000000009
 30
0
 11
327.4924719999999638
 21
-90.9348079999999896
 31
0
  0
LINE
  5
349
330
1A
100
AcDbEntity
  8
F.Courtyard
  6
CONTINUOUS
100
AcDbLine
 10
327.4924719999999638
 20
-90.9348079999999896
 30
0
 11
327.4943749999999909
 21
-90.9443749999999937
 31
0
  0
LINE
  5
34A
330
1A
100
AcDbEntity
  8
F.Courtyard
  6
CONTINUOUS
100
AcDbLine
 10
327.4943749999999909
 20
-90.9443749999999937
 30
0
 11
327.4943749999999909
 21
-105.4443749999999937
 31
0
  0
LINE
  5
34B
330
1A
100
AcDbEntity
  8
F.Courtyard
  6
CONTINUOUS
100
AcDbLine
 10
327.4943749999999909
 20
-105.4443749999999937
 30
0
 11
327.4924719999999638
 21
-105.4539419999999978
 31
0
  0
LINE
  5
34C
330
1A
100
AcDbEntity
  8
F.Courtyard
  6
CONTINUOUS
100
AcDbLine
 10
327.4924719999999638
 20
-105.4539419999999978
 30
0
 11
327.4789419999999609
 21
-105.4674720000000008
 31
0
  0
LINE
  5
34D
330
1A
100
AcDbEntity
  8
F.Courtyard
  6
CONTINUOUS
100
AcDbLine
 10
327.4789419999999609
 20
-105.4674720000000008
 30
0
 11
327.4693749999999568
 21
-105.4693749999999994
 31
0
  0
LINE
  5
34E
330
1A
100
AcDbEntity
  8
F.Courtyard
  6
CONTINUOUS
100
AcDbLine
 10
327.4693749999999568
 20
-105.4693749999999994
 30
0
 11
312.9693750000000136
 21
-105.4693749999999994
 31
0
  0
LINE
  5
34F
330
1A
100
AcDbEntity
  8
F.Courtyard
  6
CONTINUOUS
100
AcDbLine
 10
312.9693750000000136
 20
-105.4693749999999994
 30
0
 11
312.9598080000000095
 21
-105.4674720000000008
 31
0
  0
LINE
  5
350
330
1A
100
AcDbEntity
  8
F.Courtyard
  6
CONTINUOUS
100
AcDbLine
 10
312.9598080000000095
 20
-105.4674720000000008
 30
0
 11
312.9462780000000066
 21
-105.4539419999999978
 31
0
  0
LINE
  5
351
330
1A
100
AcDbEntity
  8
F.Courtyard
  6
CONTINUOUS
100
AcDbLine
 10
312.9462780000000066
 20
-105.4539419999999978
 30
0
 11
312.9443749999999795
 21
-105.4443749999999937
 31
0
  0
LINE
  5
352
330
1A
100
AcDbEntity
  8
F.Courtyard
  6
CONTINUOUS
100
AcDbLine
 10
312.9443749999999795
 20
-105.4443749999999937
 30
0
 11
312.9443749999999795
 21
-90.9443749999999937
 31
0
  0
LINE
  5
353
330
1A
100
AcDbEntity
  8
F.Courtyard
  6
CONTINUOUS
100
AcDbLine
 10
312.9443749999999795
 20
-90.9443749999999937
 30
0
 11
312.9462780000000066
 21
-90.9348079999999896
 31
0
  0
LINE
  5
354
330
1A
100
AcDbEntity
  8
F.Courtyard
  6
CONTINUOUS
100
AcDbLine
 10
312.9462780000000066
 20
-90.9348079999999896
 30
0
 11
312.9598080000000095
 21
-90.9212780000000009
 31
0
  0
LINE
  5
355
330
1A
100
AcDbEntity
  8
F.Courtyard
  6
CONTINUOUS
100
AcDbLine
 10
312.9598080000000095
 20
-90.9212780000000009
 30
0
 11
312.9693750000000136
 21
-90.9193750000000023
 31
0
  0
LINE
  5
356
330
1A
100
AcDbEntity
  8
F.Courtyard
  6
CONTINUOUS
100
AcDbLine
 10
312.9693750000000136
 20
-90.9193750000000023
 30
0
 11
327.4693749999999568
 21
-90.9193750000000023
 31
0
  0
LINE
  5
357
330
1A
100
AcDbEntity
  8
F.Courtyard
  6
CONTINUOUS
100
AcDbLine
 10
327.4693749999999568
 20
-90.9193750000000023
 30
0
 11
327.4789419999999609
 21
-90.9212780000000009
 31
0
  0
LINE
  5
358
330
1A
100
AcDbEntity
  8
F.Courtyard
  6
CONTINUOUS
100
AcDbLine
 10
312.9943749999999909
 20
-90.9693749999999994
 30
0
 11
312.9943749999999909
 21
-105.4193750000000023
 31
0
  0
LINE
  5
359
330
1A
100
AcDbEntity
  8
F.Courtyard
  6
CONTINUOUS
100
AcDbLine
 10
312.9943749999999909
 20
-105.4193750000000023
 30
0
 11
327.4443749999999795
 21
-105.4193750000000023
 31
0
  0
LINE
  5
35A
330
1A
100
AcDbEntity
  8
F.Courtyard
  6
CONTINUOUS
100
AcDbLine
 10
327.4443749999999795
 20
-105.4193750000000023
 30
0
 11
327.4443749999999795
 21
-90.9693749999999994
 31
0
  0
LINE
  5
35B
330
1A
100
AcDbEntity
  8
F.Courtyard
  6
CONTINUOUS
100
AcDbLine
 10
327.4443749999999795
 20
-90.9693749999999994
 30
0
 11
312.9943749999999909
 21
-90.9693749999999994
 31
0
  0
LINE
  5
35C
330
1A
100
AcDbEntity
  8
F.Courtyard
  6
CONTINUOUS
100
AcDbLine
 10
346.5964419999999677
 20
-90.9212780000000009
 30
0
 11
346.6099719999999706
 21
-90.9348079999999896
 31
0
  0
LINE
  5
35D
330
1A
100
AcDbEntity
  8
F.Courtyard
  6
CONTINUOUS
100
AcDbLine
 10
346.6099719999999706
 20
-90.9348079999999896
 30
0
 11
346.6118749999999977
 21
-90.9443749999999937
 31
0
  0
LINE
  5
35E
330
1A
100
AcDbEntity
  8
F.Courtyard
  6
CONTINUOUS
100
AcDbLine
 10
346.6118749999999977
 20
-90.9443749999999937
 30
0
 11
346.6118749999999977
 21
-105.4443749999999937
 31
0
  0
LINE
  5
35F
330
1A
100
AcDbEntity
  8
F.Courtyard
  6
CONTINUOUS
100
AcDbLine
 10
346.6118749999999977
 20
-105.4443749999999937
 30
0
 11
346.6099719999999706
 21
-105.4539419999999978
 31
0
  0
LINE
  5
360
330
1A
100
AcDbEntity
  8
F.Courtyard
  6
CONTINUOUS
100
AcDbLine
 10
346.6099719999999706
 20
-105.4539419999999978
 30
0
 11
346.5964419999999677
 21
-105.4674720000000008
 31
0
  0
LINE
  5
361
330
1A
100
AcDbEntity
  8
F.Courtyard
  6
CONTINUOUS
100
AcDbLine
 10
346.5964419999999677
 20
-105.4674720000000008
 30
0
 11
346.5868749999999636
 21
-105.4693749999999994
 31
0
  0
LINE
  5
362
330
1A
100
AcDbEntity
  8
F.Courtyard
  6
CONTINUOUS
100
AcDbLine
 10
346.5868749999999636
 20
-105.4693749999999994
 30
0
 11
332.0868749999999636
 21
-105.4693749999999994
 31
0
  0
LINE
  5
363
330
1A
100
AcDbEntity
  8
F.Courtyard
  6
CONTINUOUS
100
AcDbLine
 10
332.0868749999999636
 20
-105.4693749999999994
 30
0
 11
332.0773079999999595
 21
-105.4674720000000008
 31
0
  0
LINE
  5
364
330
1A
100
AcDbEntity
  8
F.Courtyard
  6
CONTINUOUS
100
AcDbLine
 10
332.0773079999999595
 20
-105.4674720000000008
 30
0
 11
332.0637779999999566
 21
-105.4539419999999978
 31
0
  0
LINE
  5
365
330
1A
100
AcDbEntity
  8
F.Courtyard
  6
CONTINUOUS
100
AcDbLine
 10
332.0637779999999566
 20
-105.4539419999999978
 30
0
 11
332.0618749999999864
 21
-105.4443749999999937
 31
0
  0
LINE
  5
366
330
1A
100
AcDbEntity
  8
F.Courtyard
  6
CONTINUOUS
100
AcDbLine
 10
332.0618749999999864
 20
-105.4443749999999937
 30
0
 11
332.0618749999999864
 21
-90.9443749999999937
 31
0
  0
LINE
  5
367
330
1A
100
AcDbEntity
  8
F.Courtyard
  6
CONTINUOUS
100
AcDbLine
 10
332.0618749999999864
 20
-90.9443749999999937
 30
0
 11
332.0637779999999566
 21
-90.9348079999999896
 31
0
  0
LINE
  5
368
330
1A
100
AcDbEntity
  8
F.Courtyard
  6
CONTINUOUS
100
AcDbLine
 10
332.0637779999999566
 20
-90.9348079999999896
 30
0
 11
332.0773079999999595
 21
-90.9212780000000009
 31
0
  0
LINE
  5
369
330
1A
100
AcDbEntity
  8
F.Courtyard
  6
CONTINUOUS
100
AcDbLine
 10
332.0773079999999595
 20
-90.9212780000000009
 30
0
 11
332.0868749999999636
 21
-90.9193750000000023
 31
0
  0
LINE
  5
36A
330
1A
100
AcDbEntity
  8
F.Courtyard
  6
CONTINUOUS
100
AcDbLine
 10
332.0868749999999636
 20
-90.9193750000000023
 30
0
 11
346.5868749999999636
 21
-90.9193750000000023
 31
0
  0
LINE
  5
36B
330
1A
100
AcDbEntity
  8
F.Courtyard
  6
CONTINUOUS
100
AcDbLine
 10
346.5868749999999636
 20
-90.9193750000000023
 30
0
 11
346.5964419999999677
 21
-90.9212780000000009
 31
0
  0
LINE
  5
36C
330
1A
100
AcDbEntity
  8
F.Courtyard
  6
CONTINUOUS
100
AcDbLine
 10
332.1118749999999977
 20
-90.9693749999999994
 30
0
 11
332.1118749999999977
 21
-105.4193750000000023
 31
0
  0
LINE
  5
36D
330
1A
100
AcDbEntity
  8
F.Courtyard
  6
CONTINUOUS
100
AcDbLine
 10
332.1118749999999977
 20
-105.4193750000000023
 30
0
 11
346.5618749999999864
 21
-105.4193750000000023
 31
0
  0
LINE
  5
36E
330
1A
100
AcDbEntity
  8
F.Courtyard
  6
CONTINUOUS
100
AcDbLine
 10
346.5618749999999864
 20
-105.4193750000000023
 30
0
 11
346.5618749999999864
 21
-90.9693749999999994
 31
0
  0
LINE
  5
36F
330
1A
100
AcDbEntity
  8
F.Courtyard
  6
CONTINUOUS
100
AcDbLine
 10
346.5618749999999864
 20
-90.9693749999999994
 30
0
 11
332.1118749999999977
 21
-90.9693749999999994
 31
0
  0
LINE
  5
370
330
1A
100
AcDbEntity
  8
F.Courtyard
  6
CONTINUOUS
100
AcDbLine
 10
365.5789419999999836
 20
-90.9212780000000009
 30
0
 11
365.5924719999999866
 21
-90.9348079999999896
 31
0
  0
LINE
  5
371
330
1A
100
AcDbEntity
  8
F.Courtyard
  6
CONTINUOUS
100
AcDbLine
 10
365.5924719999999866
 20
-90.9348079999999896
 30
0
 11
365.5943749999999568
 21
-90.9443749999999937
 31
0
  0
LINE
  5
372
330
1A
100
AcDbEntity
  8
F.Courtyard
  6
CONTINUOUS
100
AcDbLine
 10
365.5943749999999568
 20
-90.9443749999999937
 30
0
 11
365.5943749999999568
 21
-105.4443749999999937
 31
0
  0
LINE
  5
373
330
1A
100
AcDbEntity
  8
F.Courtyard
  6
CONTINUOUS
100
AcDbLine
 10
365.5943749999999568
 20
-105.4443749999999937
 30
0
 11
365.5924719999999866
 21
-105.4539419999999978
 31
0
  0
LINE
  5
374
330
1A
100
AcDbEntity
  8
F.Courtyard
  6
CONTINUOUS
100
AcDbLine
 10
365.5924719999999866
 20
-105.4539419999999978
 30
0
 11
365.5789419999999836
 21
-105.4674720000000008
 31
0
  0
LINE
  5
375
330
1A
100
AcDbEntity
  8
F.Courtyard
  6
CONTINUOUS
100
AcDbLine
 10
365.5789419999999836
 20
-105.4674720000000008
 30
0
 11
365.5693749999999795
 21
-105.4693749999999994
 31
0
  0
LINE
  5
376
330
1A
100
AcDbEntity
  8
F.Courtyard
  6
CONTINUOUS
100
AcDbLine
 10
365.5693749999999795
 20
-105.4693749999999994
 30
0
 11
351.0693749999999795
 21
-105.4693749999999994
 31
0
  0
LINE
  5
377
330
1A
100
AcDbEntity
  8
F.Courtyard
  6
CONTINUOUS
100
AcDbLine
 10
351.0693749999999795
 20
-105.4693749999999994
 30
0
 11
351.0598079999999754
 21
-105.4674720000000008
 31
0
  0
LINE
  5
378
330
1A
100
AcDbEntity
  8
F.Courtyard
  6
CONTINUOUS
100
AcDbLine
 10
351.0598079999999754
 20
-105.4674720000000008
 30
0
 11
351.0462779999999725
 21
-105.4539419999999978
 31
0
  0
LINE
  5
379
330
1A
100
AcDbEntity
  8
F.Courtyard
  6
CONTINUOUS
100
AcDbLine
 10
351.0462779999999725
 20
-105.4539419999999978
 30
0
 11
351.0443750000000023
 21
-105.4443749999999937
 31
0
  0
LINE
  5
37A
330
1A
100
AcDbEntity
  8
F.Courtyard
  6
CONTINUOUS
100
AcDbLine
 10
351.0443750000000023
 20
-105.4443749999999937
 30
0
 11
351.0443750000000023
 21
-90.9443749999999937
 31
0
  0
LINE
  5
37B
330
1A
100
AcDbEntity
  8
F.Courtyard
  6
CONTINUOUS
100
AcDbLine
 10
351.0443750000000023
 20
-90.9443749999999937
 30
0
 11
351.0462779999999725
 21
-90.9348079999999896
 31
0
  0
LINE
  5
37C
330
1A
100
AcDbEntity
  8
F.Courtyard
  6
CONTINUOUS
100
AcDbLine
 10
351.0462779999999725
 20
-90.9348079999999896
 30
0
 11
351.0598079999999754
 21
-90.9212780000000009
 31
0
  0
LINE
  5
37D
330
1A
100
AcDbEntity
  8
F.Courtyard
  6
CONTINUOUS
100
AcDbLine
 10
351.0598079999999754
 20
-90.9212780000000009
 30
0
 11
351.0693749999999795
 21
-90.9193750000000023
 31
0
  0
LINE
  5
37E
330
1A
100
AcDbEntity
  8
F.Courtyard
  6
CONTINUOUS
100
AcDbLine
 10
351.0693749999999795
 20
-90.9193750000000023
 30
0
 11
365.5693749999999795
 21
-90.9193750000000023
 31
0
  0
LINE
  5
37F
330
1A
100
AcDbEntity
  8
F.Courtyard
  6
CONTINUOUS
100
AcDbLine
 10
365.5693749999999795
 20
-90.9193750000000023
 30
0
 11
365.5789419999999836
 21
-90.9212780000000009
 31
0
  0
LINE
  5
380
330
1A
100
AcDbEntity
  8
F.Courtyard
  6
CONTINUOUS
100
AcDbLine
 10
351.0943749999999568
 20
-90.9693749999999994
 30
0
 11
351.0943749999999568
 21
-105.4193750000000023
 31
0
  0
LINE
  5
381
330
1A
100
AcDbEntity
  8
F.Courtyard
  6
CONTINUOUS
100
AcDbLine
 10
351.0943749999999568
 20
-105.4193750000000023
 30
0
 11
365.5443750000000023
 21
-105.4193750000000023
 31
0
  0
LINE
  5
382
330
1A
100
AcDbEntity
  8
F.Courtyard
  6
CONTINUOUS
100
AcDbLine
 10
365.5443750000000023
 20
-105.4193750000000023
 30
0
 11
365.5443750000000023
 21
-90.9693749999999994
 31
0
  0
LINE
  5
383
330
1A
100
AcDbEntity
  8
F.Courtyard
  6
CONTINUOUS
100
AcDbLine
 10
365.5443750000000023
 20
-90.9693749999999994
 30
0
 11
351.0943749999999568
 21
-90.9693749999999994
 31
0
  0
LINE
  5
384
330
1A
100
AcDbEntity
  8
F.Courtyard
  6
CONTINUOUS
100
AcDbLine
 10
389.3914419999999836
 20
-90.9212780000000009
 30
0
 11
389.4049719999999866
 21
-90.9348079999999896
 31
0
  0
LINE
  5
385
330
1A
100
AcDbEntity
  8
F.Courtyard
  6
CONTINUOUS
100
AcDbLine
 10
389.4049719999999866
 20
-90.9348079999999896
 30
0
 11
389.4068749999999568
 21
-90.9443749999999937
 31
0
  0
LINE
  5
386
330
1A
100
AcDbEntity
  8
F.Courtyard
  6
CONTINUOUS
100
AcDbLine
 10
389.4068749999999568
 20
-90.9443749999999937
 30
0
 11
389.4068749999999568
 21
-105.4443749999999937
 31
0
  0
LINE
  5
387
330
1A
100
AcDbEntity
  8
F.Courtyard
  6
CONTINUOUS
100
AcDbLine
 10
389.4068749999999568
 20
-105.4443749999999937
 30
0
 11
389.4049719999999866
 21
-105.4539419999999978
 31
0
  0
LINE
  5
388
330
1A
100
AcDbEntity
  8
F.Courtyard
  6
CONTINUOUS
100
AcDbLine
 10
389.4049719999999866
 20
-105.4539419999999978
 30
0
 11
389.3914419999999836
 21
-105.4674720000000008
 31
0
  0
LINE
  5
389
330
1A
100
AcDbEntity
  8
F.Courtyard
  6
CONTINUOUS
100
AcDbLine
 10
389.3914419999999836
 20
-105.4674720000000008
 30
0
 11
389.3818749999999795
 21
-105.4693749999999994
 31
0
  0
LINE
  5
38A
330
1A
100
AcDbEntity
  8
F.Courtyard
  6
CONTINUOUS
100
AcDbLine
 10
389.3818749999999795
 20
-105.4693749999999994
 30
0
 11
374.8818749999999795
 21
-105.4693749999999994
 31
0
  0
LINE
  5
38B
330
1A
100
AcDbEntity
  8
F.Courtyard
  6
CONTINUOUS
100
AcDbLine
 10
374.8818749999999795
 20
-105.4693749999999994
 30
0
 11
374.8723079999999754
 21
-105.4674720000000008
 31
0
  0
LINE
  5
38C
330
1A
100
AcDbEntity
  8
F.Courtyard
  6
CONTINUOUS
100
AcDbLine
 10
374.8723079999999754
 20
-105.4674720000000008
 30
0
 11
374.8587779999999725
 21
-105.4539419999999978
 31
0
  0
LINE
  5
38D
330
1A
100
AcDbEntity
  8
F.Courtyard
  6
CONTINUOUS
100
AcDbLine
 10
374.8587779999999725
 20
-105.4539419999999978
 30
0
 11
374.8568750000000023
 21
-105.4443749999999937
 31
0
  0
LINE
  5
38E
330
1A
100
AcDbEntity
  8
F.Courtyard
  6
CONTINUOUS
100
AcDbLine
 10
374.8568750000000023
 20
-105.4443749999999937
 30
0
 11
374.8568750000000023
 21
-90.9443749999999937
 31
0
  0
LINE
  5
38F
330
1A
100
AcDbEntity
  8
F.Courtyard
  6
CONTINUOUS
100
AcDbLine
 10
374.8568750000000023
 20
-90.9443749999999937
 30
0
 11
374.8587779999999725
 21
-90.9348079999999896
 31
0
  0
LINE
  5
390
330
1A
100
AcDbEntity
  8
F.Courtyard
  6
CONTINUOUS
100
AcDbLine
 10
374.8587779999999725
 20
-90.9348079999999896
 30
0
 11
374.8723079999999754
 21
-90.9212780000000009
 31
0
  0
LINE
  5
391
330
1A
100
AcDbEntity
  8
F.Courtyard
  6
CONTINUOUS
100
AcDbLine
 10
374.8723079999999754
 20
-90.9212780000000009
 30
0
 11
374.8818749999999795
 21
-90.9193750000000023
 31
0
  0
LINE
  5
392
330
1A
100
AcDbEntity
  8
F.Courtyard
  6
CONTINUOUS
100
AcDbLine
 10
374.8818749999999795
 20
-90.9193750000000023
 30
0
 11
389.3818749999999795
 21
-90.9193750000000023
 31
0
  0
LINE
  5
393
330
1A
100
AcDbEntity
  8
F.Courtyard
  6
CONTINUOUS
100
AcDbLine
 10
389.3818749999999795
 20
-90.9193750000000023
 30
0
 11
389.3914419999999836
 21
-90.9212780000000009
 31
0
  0
LINE
  5
394
330
1A
100
AcDbEntity
  8
F.Courtyard
  6
CONTINUOUS
100
AcDbLine
 10
374.9068749999999568
 20
-90.9693749999999994
 30
0
 11
374.9068749999999568
 21
-105.4193750000000023
 31
0
  0
LINE
  5
395
330
1A
100
AcDbEntity
  8
F.Courtyard
  6
CONTINUOUS
100
AcDbLine
 10
374.9068749999999568
 20
-105.4193750000000023
 30
0
 11
389.3568750000000023
 21
-105.4193750000000023
 31
0
  0
LINE
  5
396
330
1A
100
AcDbEntity
  8
F.Courtyard
  6
CONTINUOUS
100
AcDbLine
 10
389.3568750000000023
 20
-105.4193750000000023
 30
0
 11
389.3568750000000023
 21
-90.9693749999999994
 31
0
  0
LINE
  5
397
330
1A
100
AcDbEntity
  8
F.Courtyard
  6
CONTINUOUS
100
AcDbLine
 10
389.3568750000000023
 20
-90.9693749999999994
 30
0
 11
374.9068749999999568
 21
-90.9693749999999994
 31
0
  0
LINE
  5
398
330
1A
100
AcDbEntity
  8
F.Courtyard
  6
CONTINUOUS
100
AcDbLine
 10
41.1114419999999967
 20
-90.8587780000000009
 30
0
 11
41.1249719999999996
 21
-90.8723079999999896
 31
0
  0
LINE
  5
399
330
1A
100
AcDbEntity
  8
F.Courtyard
  6
CONTINUOUS
100
AcDbLine
 10
41.1249719999999996
 20
-90.8723079999999896
 30
0
 11
41.1268749999999983
 21
-90.8818749999999937
 31
0
  0
LINE
  5
39A
330
1A
100
AcDbEntity
  8
F.Courtyard
  6
CONTINUOUS
100
AcDbLine
 10
41.1268749999999983
 20
-90.8818749999999937
 30
0
 11
41.1268749999999983
 21
-105.3818749999999937
 31
0
  0
LINE
  5
39B
330
1A
100
AcDbEntity
  8
F.Courtyard
  6
CONTINUOUS
100
AcDbLine
 10
41.1268749999999983
 20
-105.3818749999999937
 30
0
 11
41.1249719999999996
 21
-105.3914419999999978
 31
0
  0
LINE
  5
39C
330
1A
100
AcDbEntity
  8
F.Courtyard
  6
CONTINUOUS
100
AcDbLine
 10
41.1249719999999996
 20
-105.3914419999999978
 30
0
 11
41.1114419999999967
 21
-105.4049720000000008
 31
0
  0
LINE
  5
39D
330
1A
100
AcDbEntity
  8
F.Courtyard
  6
CONTINUOUS
100
AcDbLine
 10
41.1114419999999967
 20
-105.4049720000000008
 30
0
 11
41.1018749999999997
 21
-105.4068749999999994
 31
0
  0
LINE
  5
39E
330
1A
100
AcDbEntity
  8
F.Courtyard
  6
CONTINUOUS
100
AcDbLine
 10
41.1018749999999997
 20
-105.4068749999999994
 30
0
 11
26.6018749999999997
 21
-105.4068749999999994
 31
0
  0
LINE
  5
39F
330
1A
100
AcDbEntity
  8
F.Courtyard
  6
CONTINUOUS
100
AcDbLine
 10
26.6018749999999997
 20
-105.4068749999999994
 30
0
 11
26.5923079999999992
 21
-105.4049720000000008
 31
0
  0
LINE
  5
3A0
330
1A
100
AcDbEntity
  8
F.Courtyard
  6
CONTINUOUS
100
AcDbLine
 10
26.5923079999999992
 20
-105.4049720000000008
 30
0
 11
26.5787779999999998
 21
-105.3914419999999978
 31
0
  0
LINE
  5
3A1
330
1A
100
AcDbEntity
  8
F.Courtyard
  6
CONTINUOUS
100
AcDbLine
 10
26.5787779999999998
 20
-105.3914419999999978
 30
0
 11
26.5768749999999976
 21
-105.3818749999999937
 31
0
  0
LINE
  5
3A2
330
1A
100
AcDbEntity
  8
F.Courtyard
  6
CONTINUOUS
100
AcDbLine
 10
26.5768749999999976
 20
-105.3818749999999937
 30
0
 11
26.5768749999999976
 21
-90.8818749999999937
 31
0
  0
LINE
  5
3A3
330
1A
100
AcDbEntity
  8
F.Courtyard
  6
CONTINUOUS
100
AcDbLine
 10
26.5768749999999976
 20
-90.8818749999999937
 30
0
 11
26.5787779999999998
 21
-90.8723079999999896
 31
0
  0
LINE
  5
3A4
330
1A
100
AcDbEntity
  8
F.Courtyard
  6
CONTINUOUS
100
AcDbLine
 10
26.5787779999999998
 20
-90.8723079999999896
 30
0
 11
26.5923079999999992
 21
-90.8587780000000009
 31
0
  0
LINE
  5
3A5
330
1A
100
AcDbEntity
  8
F.Courtyard
  6
CONTINUOUS
100
AcDbLine
 10
26.5923079999999992
 20
-90.8587780000000009
 30
0
 11
26.6018749999999997
 21
-90.8568750000000023
 31
0
  0
LINE
  5
3A6
330
1A
100
AcDbEntity
  8
F.Courtyard
  6
CONTINUOUS
100
AcDbLine
 10
26.6018749999999997
 20
-90.8568750000000023
 30
0
 11
41.1018749999999997
 21
-90.8568750000000023
 31
0
  0
LINE
  5
3A7
330
1A
100
AcDbEntity
  8
F.Courtyard
  6
CONTINUOUS
100
AcDbLine
 10
41.1018749999999997
 20
-90.8568750000000023
 30
0
 11
41.1114419999999967
 21
-90.8587780000000009
 31
0
  0
LINE
  5
3A8
330
1A
100
AcDbEntity
  8
F.Courtyard
  6
CONTINUOUS
100
AcDbLine
 10
26.6268749999999983
 20
-90.9068749999999994
 30
0
 11
26.6268749999999983
 21
-105.3568750000000023
 31
0
  0
LINE
  5
3A9
330
1A
100
AcDbEntity
  8
F.Courtyard
  6
CONTINUOUS
100
AcDbLine
 10
26.6268749999999983
 20
-105.3568750000000023
 30
0
 11
41.0768750000000011
 21
-105.3568750000000023
 31
0
  0
LINE
  5
3AA
330
1A
100
AcDbEntity
  8
F.Courtyard
  6
CONTINUOUS
100
AcDbLine
 10
41.0768750000000011
 20
-105.3568750000000023
 30
0
 11
41.0768750000000011
 21
-90.9068749999999994
 31
0
  0
LINE
  5
3AB
330
1A
100
AcDbEntity
  8
F.Courtyard
  6
CONTINUOUS
100
AcDbLine
 10
41.0768750000000011
 20
-90.9068749999999994
 30
0
 11
26.6268749999999983
 21
-90.9068749999999994
 31
0
  0
LINE
  5
3AC
330
1A
100
AcDbEntity
  8
F.Courtyard
  6
CONTINUOUS
100
AcDbLine
 10
64.9239419999999967
 20
-90.8587780000000009
 30
0
 11
64.9374719999999996
 21
-90.8723079999999896
 31
0
  0
LINE
  5
3AD
330
1A
100
AcDbEntity
  8
F.Courtyard
  6
CONTINUOUS
100
AcDbLine
 10
64.9374719999999996
 20
-90.8723079999999896
 30
0
 11
64.9393749999999983
 21
-90.8818749999999937
 31
0
  0
LINE
  5
3AE
330
1A
100
AcDbEntity
  8
F.Courtyard
  6
CONTINUOUS
100
AcDbLine
 10
64.9393749999999983
 20
-90.8818749999999937
 30
0
 11
64.9393749999999983
 21
-105.3818749999999937
 31
0
  0
LINE
  5
3AF
330
1A
100
AcDbEntity
  8
F.Courtyard
  6
CONTINUOUS
100
AcDbLine
 10
64.9393749999999983
 20
-105.3818749999999937
 30
0
 11
64.9374719999999996
 21
-105.3914419999999978
 31
0
  0
LINE
  5
3B0
330
1A
100
AcDbEntity
  8
F.Courtyard
  6
CONTINUOUS
100
AcDbLine
 10
64.9374719999999996
 20
-105.3914419999999978
 30
0
 11
64.9239419999999967
 21
-105.4049720000000008
 31
0
  0
LINE
  5
3B1
330
1A
100
AcDbEntity
  8
F.Courtyard
  6
CONTINUOUS
100
AcDbLine
 10
64.9239419999999967
 20
-105.4049720000000008
 30
0
 11
64.9143749999999926
 21
-105.4068749999999994
 31
0
  0
LINE
  5
3B2
330
1A
100
AcDbEntity
  8
F.Courtyard
  6
CONTINUOUS
100
AcDbLine
 10
64.9143749999999926
 20
-105.4068749999999994
 30
0
 11
50.4143749999999997
 21
-105.4068749999999994
 31
0
  0
LINE
  5
3B3
330
1A
100
AcDbEntity
  8
F.Courtyard
  6
CONTINUOUS
100
AcDbLine
 10
50.4143749999999997
 20
-105.4068749999999994
 30
0
 11
50.4048079999999956
 21
-105.4049720000000008
 31
0
  0
LINE
  5
3B4
330
1A
100
AcDbEntity
  8
F.Courtyard
  6
CONTINUOUS
100
AcDbLine
 10
50.4048079999999956
 20
-105.4049720000000008
 30
0
 11
50.3912779999999998
 21
-105.3914419999999978
 31
0
  0
LINE
  5
3B5
330
1A
100
AcDbEntity
  8
F.Courtyard
  6
CONTINUOUS
100
AcDbLine
 10
50.3912779999999998
 20
-105.3914419999999978
 30
0
 11
50.3893750000000011
 21
-105.3818749999999937
 31
0
  0
LINE
  5
3B6
330
1A
100
AcDbEntity
  8
F.Courtyard
  6
CONTINUOUS
100
AcDbLine
 10
50.3893750000000011
 20
-105.3818749999999937
 30
0
 11
50.3893750000000011
 21
-90.8818749999999937
 31
0
  0
LINE
  5
3B7
330
1A
100
AcDbEntity
  8
F.Courtyard
  6
CONTINUOUS
100
AcDbLine
 10
50.3893750000000011
 20
-90.8818749999999937
 30
0
 11
50.3912779999999998
 21
-90.8723079999999896
 31
0
  0
LINE
  5
3B8
330
1A
100
AcDbEntity
  8
F.Courtyard
  6
CONTINUOUS
100
AcDbLine
 10
50.3912779999999998
 20
-90.8723079999999896
 30
0
 11
50.4048079999999956
 21
-90.8587780000000009
 31
0
  0
LINE
  5
3B9
330
1A
100
AcDbEntity
  8
F.Courtyard
  6
CONTINUOUS
100
AcDbLine
 10
50.4048079999999956
 20
-90.8587780000000009
 30
0
 11
50.4143749999999997
 21
-90.8568750000000023
 31
0
  0
LINE
  5
3BA
330
1A
100
AcDbEntity
  8
F.Courtyard
  6
CONTINUOUS
100
AcDbLine
 10
50.4143749999999997
 20
-90.8568750000000023
 30
0
 11
64.9143749999999926
 21
-90.8568750000000023
 31
0
  0
LINE
  5
3BB
330
1A
100
AcDbEntity
  8
F.Courtyard
  6
CONTINUOUS
100
AcDbLine
 10
64.9143749999999926
 20
-90.8568750000000023
 30
0
 11
64.9239419999999967
 21
-90.8587780000000009
 31
0
  0
LINE
  5
3BC
330
1A
100
AcDbEntity
  8
F.Courtyard
  6
CONTINUOUS
100
AcDbLine
 10
50.4393749999999983
 20
-90.9068749999999994
 30
0
 11
50.4393749999999983
 21
-105.3568750000000023
 31
0
  0
LINE
  5
3BD
330
1A
100
AcDbEntity
  8
F.Courtyard
  6
CONTINUOUS
100
AcDbLine
 10
50.4393749999999983
 20
-105.3568750000000023
 30
0
 11
64.8893750000000011
 21
-105.3568750000000023
 31
0
  0
LINE
  5
3BE
330
1A
100
AcDbEntity
  8
F.Courtyard
  6
CONTINUOUS
100
AcDbLine
 10
64.8893750000000011
 20
-105.3568750000000023
 30
0
 11
64.8893750000000011
 21
-90.9068749999999994
 31
0
  0
LINE
  5
3BF
330
1A
100
AcDbEntity
  8
F.Courtyard
  6
CONTINUOUS
100
AcDbLine
 10
64.8893750000000011
 20
-90.9068749999999994
 30
0
 11
50.4393749999999983
 21
-90.9068749999999994
 31
0
  0
LINE
  5
3C0
330
1A
100
AcDbEntity
  8
F.Courtyard
  6
CONTINUOUS
100
AcDbLine
 10
83.9739419999999939
 20
-90.8587780000000009
 30
0
 11
83.9874719999999968
 21
-90.8723079999999896
 31
0
  0
LINE
  5
3C1
330
1A
100
AcDbEntity
  8
F.Courtyard
  6
CONTINUOUS
100
AcDbLine
 10
83.9874719999999968
 20
-90.8723079999999896
 30
0
 11
83.9893749999999955
 21
-90.8818749999999937
 31
0
  0
LINE
  5
3C2
330
1A
100
AcDbEntity
  8
F.Courtyard
  6
CONTINUOUS
100
AcDbLine
 10
83.9893749999999955
 20
-90.8818749999999937
 30
0
 11
83.9893749999999955
 21
-105.3818749999999937
 31
0
  0
LINE
  5
3C3
330
1A
100
AcDbEntity
  8
F.Courtyard
  6
CONTINUOUS
100
AcDbLine
 10
83.9893749999999955
 20
-105.3818749999999937
 30
0
 11
83.9874719999999968
 21
-105.3914419999999978
 31
0
  0
LINE
  5
3C4
330
1A
100
AcDbEntity
  8
F.Courtyard
  6
CONTINUOUS
100
AcDbLine
 10
83.9874719999999968
 20
-105.3914419999999978
 30
0
 11
83.9739419999999939
 21
-105.4049720000000008
 31
0
  0
LINE
  5
3C5
330
1A
100
AcDbEntity
  8
F.Courtyard
  6
CONTINUOUS
100
AcDbLine
 10
83.9739419999999939
 20
-105.4049720000000008
 30
0
 11
83.9643749999999898
 21
-105.4068749999999994
 31
0
  0
LINE
  5
3C6
330
1A
100
AcDbEntity
  8
F.Courtyard
  6
CONTINUOUS
100
AcDbLine
 10
83.9643749999999898
 20
-105.4068749999999994
 30
0
 11
69.4643749999999898
 21
-105.4068749999999994
 31
0
  0
LINE
  5
3C7
330
1A
100
AcDbEntity
  8
F.Courtyard
  6
CONTINUOUS
100
AcDbLine
 10
69.4643749999999898
 20
-105.4068749999999994
 30
0
 11
69.4548079999999999
 21
-105.4049720000000008
 31
0
  0
LINE
  5
3C8
330
1A
100
AcDbEntity
  8
F.Courtyard
  6
CONTINUOUS
100
AcDbLine
 10
69.4548079999999999
 20
-105.4049720000000008
 30
0
 11
69.441277999999997
 21
-105.3914419999999978
 31
0
  0
LINE
  5
3C9
330
1A
100
AcDbEntity
  8
F.Courtyard
  6
CONTINUOUS
100
AcDbLine
 10
69.441277999999997
 20
-105.3914419999999978
 30
0
 11
69.4393749999999983
 21
-105.3818749999999937
 31
0
  0
LINE
  5
3CA
330
1A
100
AcDbEntity
  8
F.Courtyard
  6
CONTINUOUS
100
AcDbLine
 10
69.4393749999999983
 20
-105.3818749999999937
 30
0
 11
69.4393749999999983
 21
-90.8818749999999937
 31
0
  0
LINE
  5
3CB
330
1A
100
AcDbEntity
  8
F.Courtyard
  6
CONTINUOUS
100
AcDbLine
 10
69.4393749999999983
 20
-90.8818749999999937
 30
0
 11
69.441277999999997
 21
-90.8723079999999896
 31
0
  0
LINE
  5
3CC
330
1A
100
AcDbEntity
  8
F.Courtyard
  6
CONTINUOUS
100
AcDbLine
 10
69.441277999999997
 20
-90.8723079999999896
 30
0
 11
69.4548079999999999
 21
-90.8587780000000009
 31
0
  0
LINE
  5
3CD
330
1A
100
AcDbEntity
  8
F.Courtyard
  6
CONTINUOUS
100
AcDbLine
 10
69.4548079999999999
 20
-90.8587780000000009
 30
0
 11
69.4643749999999898
 21
-90.8568750000000023
 31
0
  0
LINE
  5
3CE
330
1A
100
AcDbEntity
  8
F.Courtyard
  6
CONTINUOUS
100
AcDbLine
 10
69.4643749999999898
 20
-90.8568750000000023
 30
0
 11
83.9643749999999898
 21
-90.8568750000000023
 31
0
  0
LINE
  5
3CF
330
1A
100
AcDbEntity
  8
F.Courtyard
  6
CONTINUOUS
100
AcDbLine
 10
83.9643749999999898
 20
-90.8568750000000023
 30
0
 11
83.9739419999999939
 21
-90.8587780000000009
 31
0
  0
LINE
  5
3D0
330
1A
100
AcDbEntity
  8
F.Courtyard
  6
CONTINUOUS
100
AcDbLine
 10
69.4893749999999955
 20
-90.9068749999999994
 30
0
 11
69.4893749999999955
 21
-105.3568750000000023
 31
0
  0
LINE
  5
3D1
330
1A
100
AcDbEntity
  8
F.Courtyard
  6
CONTINUOUS
100
AcDbLine
 10
69.4893749999999955
 20
-105.3568750000000023
 30
0
 11
83.9393749999999983
 21
-105.3568750000000023
 31
0
  0
LINE
  5
3D2
330
1A
100
AcDbEntity
  8
F.Courtyard
  6
CONTINUOUS
100
AcDbLine
 10
83.9393749999999983
 20
-105.3568750000000023
 30
0
 11
83.9393749999999983
 21
-90.9068749999999994
 31
0
  0
LINE
  5
3D3
330
1A
100
AcDbEntity
  8
F.Courtyard
  6
CONTINUOUS
100
AcDbLine
 10
83.9393749999999983
 20
-90.9068749999999994
 30
0
 11
69.4893749999999955
 21
-90.9068749999999994
 31
0
  0
LINE
  5
3D4
330
1A
100
AcDbEntity
  8
F.Courtyard
  6
CONTINUOUS
100
AcDbLine
 10
103.023941999999991
 20
-90.8587780000000009
 30
0
 11
103.037471999999994
 21
-90.8723079999999896
 31
0
  0
LINE
  5
3D5
330
1A
100
AcDbEntity
  8
F.Courtyard
  6
CONTINUOUS
100
AcDbLine
 10
103.037471999999994
 20
-90.8723079999999896
 30
0
 11
103.0393749999999926
 21
-90.8818749999999937
 31
0
  0
LINE
  5
3D6
330
1A
100
AcDbEntity
  8
F.Courtyard
  6
CONTINUOUS
100
AcDbLine
 10
103.0393749999999926
 20
-90.8818749999999937
 30
0
 11
103.0393749999999926
 21
-105.3818749999999937
 31
0
  0
LINE
  5
3D7
330
1A
100
AcDbEntity
  8
F.Courtyard
  6
CONTINUOUS
100
AcDbLine
 10
103.0393749999999926
 20
-105.3818749999999937
 30
0
 11
103.037471999999994
 21
-105.3914419999999978
 31
0
  0
LINE
  5
3D8
330
1A
100
AcDbEntity
  8
F.Courtyard
  6
CONTINUOUS
100
AcDbLine
 10
103.037471999999994
 20
-105.3914419999999978
 30
0
 11
103.023941999999991
 21
-105.4049720000000008
 31
0
  0
LINE
  5
3D9
330
1A
100
AcDbEntity
  8
F.Courtyard
  6
CONTINUOUS
100
AcDbLine
 10
103.023941999999991
 20
-105.4049720000000008
 30
0
 11
103.0143750000000011
 21
-105.4068749999999994
 31
0
  0
LINE
  5
3DA
330
1A
100
AcDbEntity
  8
F.Courtyard
  6
CONTINUOUS
100
AcDbLine
 10
103.0143750000000011
 20
-105.4068749999999994
 30
0
 11
88.5143750000000011
 21
-105.4068749999999994
 31
0
  0
LINE
  5
3DB
330
1A
100
AcDbEntity
  8
F.Courtyard
  6
CONTINUOUS
100
AcDbLine
 10
88.5143750000000011
 20
-105.4068749999999994
 30
0
 11
88.504807999999997
 21
-105.4049720000000008
 31
0
  0
LINE
  5
3DC
330
1A
100
AcDbEntity
  8
F.Courtyard
  6
CONTINUOUS
100
AcDbLine
 10
88.504807999999997
 20
-105.4049720000000008
 30
0
 11
88.4912779999999941
 21
-105.3914419999999978
 31
0
  0
LINE
  5
3DD
330
1A
100
AcDbEntity
  8
F.Courtyard
  6
CONTINUOUS
100
AcDbLine
 10
88.4912779999999941
 20
-105.3914419999999978
 30
0
 11
88.4893749999999955
 21
-105.3818749999999937
 31
0
  0
LINE
  5
3DE
330
1A
100
AcDbEntity
  8
F.Courtyard
  6
CONTINUOUS
100
AcDbLine
 10
88.4893749999999955
 20
-105.3818749999999937
 30
0
 11
88.4893749999999955
 21
-90.8818749999999937
 31
0
  0
LINE
  5
3DF
330
1A
100
AcDbEntity
  8
F.Courtyard
  6
CONTINUOUS
100
AcDbLine
 10
88.4893749999999955
 20
-90.8818749999999937
 30
0
 11
88.4912779999999941
 21
-90.8723079999999896
 31
0
  0
LINE
  5
3E0
330
1A
100
AcDbEntity
  8
F.Courtyard
  6
CONTINUOUS
100
AcDbLine
 10
88.4912779999999941
 20
-90.8723079999999896
 30
0
 11
88.504807999999997
 21
-90.8587780000000009
 31
0
  0
LINE
  5
3E1
330
1A
100
AcDbEntity
  8
F.Courtyard
  6
CONTINUOUS
100
AcDbLine
 10
88.504807999999997
 20
-90.8587780000000009
 30
0
 11
88.5143750000000011
 21
-90.8568750000000023
 31
0
  0
LINE
  5
3E2
330
1A
100
AcDbEntity
  8
F.Courtyard
  6
CONTINUOUS
100
AcDbLine
 10
88.5143750000000011
 20
-90.8568750000000023
 30
0
 11
103.0143750000000011
 21
-90.8568750000000023
 31
0
  0
LINE
  5
3E3
330
1A
100
AcDbEntity
  8
F.Courtyard
  6
CONTINUOUS
100
AcDbLine
 10
103.0143750000000011
 20
-90.8568750000000023
 30
0
 11
103.023941999999991
 21
-90.8587780000000009
 31
0
  0
LINE
  5
3E4
330
1A
100
AcDbEntity
  8
F.Courtyard
  6
CONTINUOUS
100
AcDbLine
 10
88.5393749999999926
 20
-90.9068749999999994
 30
0
 11
88.5393749999999926
 21
-105.3568750000000023
 31
0
  0
LINE
  5
3E5
330
1A
100
AcDbEntity
  8
F.Courtyard
  6
CONTINUOUS
100
AcDbLine
 10
88.5393749999999926
 20
-105.3568750000000023
 30
0
 11
102.9893749999999955
 21
-105.3568750000000023
 31
0
  0
LINE
  5
3E6
330
1A
100
AcDbEntity
  8
F.Courtyard
  6
CONTINUOUS
100
AcDbLine
 10
102.9893749999999955
 20
-105.3568750000000023
 30
0
 11
102.9893749999999955
 21
-90.9068749999999994
 31
0
  0
LINE
  5
3E7
330
1A
100
AcDbEntity
  8
F.Courtyard
  6
CONTINUOUS
100
AcDbLine
 10
102.9893749999999955
 20
-90.9068749999999994
 30
0
 11
88.5393749999999926
 21
-90.9068749999999994
 31
0
  0
LINE
  5
3E8
330
1A
100
AcDbEntity
  8
F.Courtyard
  6
CONTINUOUS
100
AcDbLine
 10
122.0739419999999882
 20
-90.8587780000000009
 30
0
 11
122.0874719999999911
 21
-90.8723079999999896
 31
0
  0
LINE
  5
3E9
330
1A
100
AcDbEntity
  8
F.Courtyard
  6
CONTINUOUS
100
AcDbLine
 10
122.0874719999999911
 20
-90.8723079999999896
 30
0
 11
122.0893749999999898
 21
-90.8818749999999937
 31
0
  0
LINE
  5
3EA
330
1A
100
AcDbEntity
  8
F.Courtyard
  6
CONTINUOUS
100
AcDbLine
 10
122.0893749999999898
 20
-90.8818749999999937
 30
0
 11
122.0893749999999898
 21
-105.3818749999999937
 31
0
  0
LINE
  5
3EB
330
1A
100
AcDbEntity
  8
F.Courtyard
  6
CONTINUOUS
100
AcDbLine
 10
122.0893749999999898
 20
-105.3818749999999937
 30
0
 11
122.0874719999999911
 21
-105.3914419999999978
 31
0
  0
LINE
  5
3EC
330
1A
100
AcDbEntity
  8
F.Courtyard
  6
CONTINUOUS
100
AcDbLine
 10
122.0874719999999911
 20
-105.3914419999999978
 30
0
 11
122.0739419999999882
 21
-105.4049720000000008
 31
0
  0
LINE
  5
3ED
330
1A
100
AcDbEntity
  8
F.Courtyard
  6
CONTINUOUS
100
AcDbLine
 10
122.0739419999999882
 20
-105.4049720000000008
 30
0
 11
122.0643749999999983
 21
-105.4068749999999994
 31
0
  0
LINE
  5
3EE
330
1A
100
AcDbEntity
  8
F.Courtyard
  6
CONTINUOUS
100
AcDbLine
 10
122.0643749999999983
 20
-105.4068749999999994
 30
0
 11
107.5643749999999983
 21
-105.4068749999999994
 31
0
  0
LINE
  5
3EF
330
1A
100
AcDbEntity
  8
F.Courtyard
  6
CONTINUOUS
100
AcDbLine
 10
107.5643749999999983
 20
-105.4068749999999994
 30
0
 11
107.5548079999999942
 21
-105.4049720000000008
 31
0
  0
LINE
  5
3F0
330
1A
100
AcDbEntity
  8
F.Courtyard
  6
CONTINUOUS
100
AcDbLine
 10
107.5548079999999942
 20
-105.4049720000000008
 30
0
 11
107.5412779999999913
 21
-105.3914419999999978
 31
0
  0
LINE
  5
3F1
330
1A
100
AcDbEntity
  8
F.Courtyard
  6
CONTINUOUS
100
AcDbLine
 10
107.5412779999999913
 20
-105.3914419999999978
 30
0
 11
107.5393749999999926
 21
-105.3818749999999937
 31
0
  0
LINE
  5
3F2
330
1A
100
AcDbEntity
  8
F.Courtyard
  6
CONTINUOUS
100
AcDbLine
 10
107.5393749999999926
 20
-105.3818749999999937
 30
0
 11
107.5393749999999926
 21
-90.8818749999999937
 31
0
  0
LINE
  5
3F3
330
1A
100
AcDbEntity
  8
F.Courtyard
  6
CONTINUOUS
100
AcDbLine
 10
107.5393749999999926
 20
-90.8818749999999937
 30
0
 11
107.5412779999999913
 21
-90.8723079999999896
 31
0
  0
LINE
  5
3F4
330
1A
100
AcDbEntity
  8
F.Courtyard
  6
CONTINUOUS
100
AcDbLine
 10
107.5412779999999913
 20
-90.8723079999999896
 30
0
 11
107.5548079999999942
 21
-90.8587780000000009
 31
0
  0
LINE
  5
3F5
330
1A
100
AcDbEntity
  8
F.Courtyard
  6
CONTINUOUS
100
AcDbLine
 10
107.5548079999999942
 20
-90.8587780000000009
 30
0
 11
107.5643749999999983
 21
-90.8568750000000023
 31
0
  0
LINE
  5
3F6
330
1A
100
AcDbEntity
  8
F.Courtyard
  6
CONTINUOUS
100
AcDbLine
 10
107.5643749999999983
 20
-90.8568750000000023
 30
0
 11
122.0643749999999983
 21
-90.8568750000000023
 31
0
  0
LINE
  5
3F7
330
1A
100
AcDbEntity
  8
F.Courtyard
  6
CONTINUOUS
100
AcDbLine
 10
122.0643749999999983
 20
-90.8568750000000023
 30
0
 11
122.0739419999999882
 21
-90.8587780000000009
 31
0
  0
LINE
  5
3F8
330
1A
100
AcDbEntity
  8
F.Courtyard
  6
CONTINUOUS
100
AcDbLine
 10
107.5893749999999898
 20
-90.9068749999999994
 30
0
 11
107.5893749999999898
 21
-105.3568750000000023
 31
0
  0
LINE
  5
3F9
330
1A
100
AcDbEntity
  8
F.Courtyard
  6
CONTINUOUS
100
AcDbLine
 10
107.5893749999999898
 20
-105.3568750000000023
 30
0
 11
122.0393749999999926
 21
-105.3568750000000023
 31
0
  0
LINE
  5
3FA
330
1A
100
AcDbEntity
  8
F.Courtyard
  6
CONTINUOUS
100
AcDbLine
 10
122.0393749999999926
 20
-105.3568750000000023
 30
0
 11
122.0393749999999926
 21
-90.9068749999999994
 31
0
  0
LINE
  5
3FB
330
1A
100
AcDbEntity
  8
F.Courtyard
  6
CONTINUOUS
100
AcDbLine
 10
122.0393749999999926
 20
-90.9068749999999994
 30
0
 11
107.5893749999999898
 21
-90.9068749999999994
 31
0
  0
LINE
  5
3FC
330
1A
100
AcDbEntity
  8
F.Courtyard
  6
CONTINUOUS
100
AcDbLine
 10
141.1239419999999996
 20
-90.8587780000000009
 30
0
 11
141.1374720000000025
 21
-90.8723079999999896
 31
0
  0
LINE
  5
3FD
330
1A
100
AcDbEntity
  8
F.Courtyard
  6
CONTINUOUS
100
AcDbLine
 10
141.1374720000000025
 20
-90.8723079999999896
 30
0
 11
141.1393750000000011
 21
-90.8818749999999937
 31
0
  0
LINE
  5
3FE
330
1A
100
AcDbEntity
  8
F.Courtyard
  6
CONTINUOUS
100
AcDbLine
 10
141.1393750000000011
 20
-90.8818749999999937
 30
0
 11
141.1393750000000011
 21
-105.3818749999999937
 31
0
  0
LINE
  5
3FF
330
1A
100
AcDbEntity
  8
F.Courtyard
  6
CONTINUOUS
100
AcDbLine
 10
141.1393750000000011
 20
-105.3818749999999937
 30
0
 11
141.1374720000000025
 21
-105.3914419999999978
 31
0
  0
LINE
  5
400
330
1A
100
AcDbEntity
  8
F.Courtyard
  6
CONTINUOUS
100
AcDbLine
 10
141.1374720000000025
 20
-105.3914419999999978
 30
0
 11
141.1239419999999996
 21
-105.4049720000000008
 31
0
  0
LINE
  5
401
330
1A
100
AcDbEntity
  8
F.Courtyard
  6
CONTINUOUS
100
AcDbLine
 10
141.1239419999999996
 20
-105.4049720000000008
 30
0
 11
141.1143749999999955
 21
-105.4068749999999994
 31
0
  0
LINE
  5
402
330
1A
100
AcDbEntity
  8
F.Courtyard
  6
CONTINUOUS
100
AcDbLine
 10
141.1143749999999955
 20
-105.4068749999999994
 30
0
 11
126.6143749999999955
 21
-105.4068749999999994
 31
0
  0
LINE
  5
403
330
1A
100
AcDbEntity
  8
F.Courtyard
  6
CONTINUOUS
100
AcDbLine
 10
126.6143749999999955
 20
-105.4068749999999994
 30
0
 11
126.6048079999999914
 21
-105.4049720000000008
 31
0
  0
LINE
  5
404
330
1A
100
AcDbEntity
  8
F.Courtyard
  6
CONTINUOUS
100
AcDbLine
 10
126.6048079999999914
 20
-105.4049720000000008
 30
0
 11
126.5912779999999884
 21
-105.3914419999999978
 31
0
  0
LINE
  5
405
330
1A
100
AcDbEntity
  8
F.Courtyard
  6
CONTINUOUS
100
AcDbLine
 10
126.5912779999999884
 20
-105.3914419999999978
 30
0
 11
126.5893749999999898
 21
-105.3818749999999937
 31
0
  0
LINE
  5
406
330
1A
100
AcDbEntity
  8
F.Courtyard
  6
CONTINUOUS
100
AcDbLine
 10
126.5893749999999898
 20
-105.3818749999999937
 30
0
 11
126.5893749999999898
 21
-90.8818749999999937
 31
0
  0
LINE
  5
407
330
1A
100
AcDbEntity
  8
F.Courtyard
  6
CONTINUOUS
100
AcDbLine
 10
126.5893749999999898
 20
-90.8818749999999937
 30
0
 11
126.5912779999999884
 21
-90.8723079999999896
 31
0
  0
LINE
  5
408
330
1A
100
AcDbEntity
  8
F.Courtyard
  6
CONTINUOUS
100
AcDbLine
 10
126.5912779999999884
 20
-90.8723079999999896
 30
0
 11
126.6048079999999914
 21
-90.8587780000000009
 31
0
  0
LINE
  5
409
330
1A
100
AcDbEntity
  8
F.Courtyard
  6
CONTINUOUS
100
AcDbLine
 10
126.6048079999999914
 20
-90.8587780000000009
 30
0
 11
126.6143749999999955
 21
-90.8568750000000023
 31
0
  0
LINE
  5
40A
330
1A
100
AcDbEntity
  8
F.Courtyard
  6
CONTINUOUS
100
AcDbLine
 10
126.6143749999999955
 20
-90.8568750000000023
 30
0
 11
141.1143749999999955
 21
-90.8568750000000023
 31
0
  0
LINE
  5
40B
330
1A
100
AcDbEntity
  8
F.Courtyard
  6
CONTINUOUS
100
AcDbLine
 10
141.1143749999999955
 20
-90.8568750000000023
 30
0
 11
141.1239419999999996
 21
-90.8587780000000009
 31
0
  0
LINE
  5
40C
330
1A
100
AcDbEntity
  8
F.Courtyard
  6
CONTINUOUS
100
AcDbLine
 10
126.6393750000000011
 20
-90.9068749999999994
 30
0
 11
126.6393750000000011
 21
-105.3568750000000023
 31
0
  0
LINE
  5
40D
330
1A
100
AcDbEntity
  8
F.Courtyard
  6
CONTINUOUS
100
AcDbLine
 10
126.6393750000000011
 20
-105.3568750000000023
 30
0
 11
141.0893749999999898
 21
-105.3568750000000023
 31
0
  0
LINE
  5
40E
330
1A
100
AcDbEntity
  8
F.Courtyard
  6
CONTINUOUS
100
AcDbLine
 10
141.0893749999999898
 20
-105.3568750000000023
 30
0
 11
141.0893749999999898
 21
-90.9068749999999994
 31
0
  0
LINE
  5
40F
330
1A
100
AcDbEntity
  8
F.Courtyard
  6
CONTINUOUS
100
AcDbLine
 10
141.0893749999999898
 20
-90.9068749999999994
 30
0
 11
126.6393750000000011
 21
-90.9068749999999994
 31
0
  0
LINE
  5
410
330
1A
100
AcDbEntity
  8
F.Courtyard
  6
CONTINUOUS
100
AcDbLine
 10
160.1739419999999825
 20
-90.8587780000000009
 30
0
 11
160.1874719999999854
 21
-90.8723079999999896
 31
0
  0
LINE
  5
411
330
1A
100
AcDbEntity
  8
F.Courtyard
  6
CONTINUOUS
100
AcDbLine
 10
160.1874719999999854
 20
-90.8723079999999896
 30
0
 11
160.1893749999999841
 21
-90.8818749999999937
 31
0
  0
LINE
  5
412
330
1A
100
AcDbEntity
  8
F.Courtyard
  6
CONTINUOUS
100
AcDbLine
 10
160.1893749999999841
 20
-90.8818749999999937
 30
0
 11
160.1893749999999841
 21
-105.3818749999999937
 31
0
  0
LINE
  5
413
330
1A
100
AcDbEntity
  8
F.Courtyard
  6
CONTINUOUS
100
AcDbLine
 10
160.1893749999999841
 20
-105.3818749999999937
 30
0
 11
160.1874719999999854
 21
-105.3914419999999978
 31
0
  0
LINE
  5
414
330
1A
100
AcDbEntity
  8
F.Courtyard
  6
CONTINUOUS
100
AcDbLine
 10
160.1874719999999854
 20
-105.3914419999999978
 30
0
 11
160.1739419999999825
 21
-105.4049720000000008
 31
0
  0
LINE
  5
415
330
1A
100
AcDbEntity
  8
F.Courtyard
  6
CONTINUOUS
100
AcDbLine
 10
160.1739419999999825
 20
-105.4049720000000008
 30
0
 11
160.1643750000000068
 21
-105.4068749999999994
 31
0
  0
LINE
  5
416
330
1A
100
AcDbEntity
  8
F.Courtyard
  6
CONTINUOUS
100
AcDbLine
 10
160.1643750000000068
 20
-105.4068749999999994
 30
0
 11
145.6643750000000068
 21
-105.4068749999999994
 31
0
  0
LINE
  5
417
330
1A
100
AcDbEntity
  8
F.Courtyard
  6
CONTINUOUS
100
AcDbLine
 10
145.6643750000000068
 20
-105.4068749999999994
 30
0
 11
145.6548080000000027
 21
-105.4049720000000008
 31
0
  0
LINE
  5
418
330
1A
100
AcDbEntity
  8
F.Courtyard
  6
CONTINUOUS
100
AcDbLine
 10
145.6548080000000027
 20
-105.4049720000000008
 30
0
 11
145.6412779999999998
 21
-105.3914419999999978
 31
0
  0
LINE
  5
419
330
1A
100
AcDbEntity
  8
F.Courtyard
  6
CONTINUOUS
100
AcDbLine
 10
145.6412779999999998
 20
-105.3914419999999978
 30
0
 11
145.6393750000000011
 21
-105.3818749999999937
 31
0
  0
LINE
  5
41A
330
1A
100
AcDbEntity
  8
F.Courtyard
  6
CONTINUOUS
100
AcDbLine
 10
145.6393750000000011
 20
-105.3818749999999937
 30
0
 11
145.6393750000000011
 21
-90.8818749999999937
 31
0
  0
LINE
  5
41B
330
1A
100
AcDbEntity
  8
F.Courtyard
  6
CONTINUOUS
100
AcDbLine
 10
145.6393750000000011
 20
-90.8818749999999937
 30
0
 11
145.6412779999999998
 21
-90.8723079999999896
 31
0
  0
LINE
  5
41C
330
1A
100
AcDbEntity
  8
F.Courtyard
  6
CONTINUOUS
100
AcDbLine
 10
145.6412779999999998
 20
-90.8723079999999896
 30
0
 11
145.6548080000000027
 21
-90.8587780000000009
 31
0
  0
LINE
  5
41D
330
1A
100
AcDbEntity
  8
F.Courtyard
  6
CONTINUOUS
100
AcDbLine
 10
145.6548080000000027
 20
-90.8587780000000009
 30
0
 11
145.6643750000000068
 21
-90.8568750000000023
 31
0
  0
LINE
  5
41E
330
1A
100
AcDbEntity
  8
F.Courtyard
  6
CONTINUOUS
100
AcDbLine
 10
145.6643750000000068
 20
-90.8568750000000023
 30
0
 11
160.1643750000000068
 21
-90.8568750000000023
 31
0
  0
LINE
  5
41F
330
1A
100
AcDbEntity
  8
F.Courtyard
  6
CONTINUOUS
100
AcDbLine
 10
160.1643750000000068
 20
-90.8568750000000023
 30
0
 11
160.1739419999999825
 21
-90.8587780000000009
 31
0
  0
LINE
  5
420
330
1A
100
AcDbEntity
  8
F.Courtyard
  6
CONTINUOUS
100
AcDbLine
 10
145.6893749999999841
 20
-90.9068749999999994
 30
0
 11
145.6893749999999841
 21
-105.3568750000000023
 31
0
  0
LINE
  5
421
330
1A
100
AcDbEntity
  8
F.Courtyard
  6
CONTINUOUS
100
AcDbLine
 10
145.6893749999999841
 20
-105.3568750000000023
 30
0
 11
160.1393750000000011
 21
-105.3568750000000023
 31
0
  0
LINE
  5
422
330
1A
100
AcDbEntity
  8
F.Courtyard
  6
CONTINUOUS
100
AcDbLine
 10
160.1393750000000011
 20
-105.3568750000000023
 30
0
 11
160.1393750000000011
 21
-90.9068749999999994
 31
0
  0
LINE
  5
423
330
1A
100
AcDbEntity
  8
F.Courtyard
  6
CONTINUOUS
100
AcDbLine
 10
160.1393750000000011
 20
-90.9068749999999994
 30
0
 11
145.6893749999999841
 21
-90.9068749999999994
 31
0
  0
LINE
  5
424
330
1A
100
AcDbEntity
  8
F.Courtyard
  6
CONTINUOUS
100
AcDbLine
 10
179.2239419999999939
 20
-90.8587780000000009
 30
0
 11
179.2374719999999968
 21
-90.8723079999999896
 31
0
  0
LINE
  5
425
330
1A
100
AcDbEntity
  8
F.Courtyard
  6
CONTINUOUS
100
AcDbLine
 10
179.2374719999999968
 20
-90.8723079999999896
 30
0
 11
179.2393749999999955
 21
-90.8818749999999937
 31
0
  0
LINE
  5
426
330
1A
100
AcDbEntity
  8
F.Courtyard
  6
CONTINUOUS
100
AcDbLine
 10
179.2393749999999955
 20
-90.8818749999999937
 30
0
 11
179.2393749999999955
 21
-105.3818749999999937
 31
0
  0
LINE
  5
427
330
1A
100
AcDbEntity
  8
F.Courtyard
  6
CONTINUOUS
100
AcDbLine
 10
179.2393749999999955
 20
-105.3818749999999937
 30
0
 11
179.2374719999999968
 21
-105.3914419999999978
 31
0
  0
LINE
  5
428
330
1A
100
AcDbEntity
  8
F.Courtyard
  6
CONTINUOUS
100
AcDbLine
 10
179.2374719999999968
 20
-105.3914419999999978
 30
0
 11
179.2239419999999939
 21
-105.4049720000000008
 31
0
  0
LINE
  5
429
330
1A
100
AcDbEntity
  8
F.Courtyard
  6
CONTINUOUS
100
AcDbLine
 10
179.2239419999999939
 20
-105.4049720000000008
 30
0
 11
179.2143749999999898
 21
-105.4068749999999994
 31
0
  0
LINE
  5
42A
330
1A
100
AcDbEntity
  8
F.Courtyard
  6
CONTINUOUS
100
AcDbLine
 10
179.2143749999999898
 20
-105.4068749999999994
 30
0
 11
164.7143749999999898
 21
-105.4068749999999994
 31
0
  0
LINE
  5
42B
330
1A
100
AcDbEntity
  8
F.Courtyard
  6
CONTINUOUS
100
AcDbLine
 10
164.7143749999999898
 20
-105.4068749999999994
 30
0
 11
164.7048079999999857
 21
-105.4049720000000008
 31
0
  0
LINE
  5
42C
330
1A
100
AcDbEntity
  8
F.Courtyard
  6
CONTINUOUS
100
AcDbLine
 10
164.7048079999999857
 20
-105.4049720000000008
 30
0
 11
164.6912779999999827
 21
-105.3914419999999978
 31
0
  0
LINE
  5
42D
330
1A
100
AcDbEntity
  8
F.Courtyard
  6
CONTINUOUS
100
AcDbLine
 10
164.6912779999999827
 20
-105.3914419999999978
 30
0
 11
164.6893749999999841
 21
-105.3818749999999937
 31
0
  0
LINE
  5
42E
330
1A
100
AcDbEntity
  8
F.Courtyard
  6
CONTINUOUS
100
AcDbLine
 10
164.6893749999999841
 20
-105.3818749999999937
 30
0
 11
164.6893749999999841
 21
-90.8818749999999937
 31
0
  0
LINE
  5
42F
330
1A
100
AcDbEntity
  8
F.Courtyard
  6
CONTINUOUS
100
AcDbLine
 10
164.6893749999999841
 20
-90.8818749999999937
 30
0
 11
164.6912779999999827
 21
-90.8723079999999896
 31
0
  0
LINE
  5
430
330
1A
100
AcDbEntity
  8
F.Courtyard
  6
CONTINUOUS
100
AcDbLine
 10
164.6912779999999827
 20
-90.8723079999999896
 30
0
 11
164.7048079999999857
 21
-90.8587780000000009
 31
0
  0
LINE
  5
431
330
1A
100
AcDbEntity
  8
F.Courtyard
  6
CONTINUOUS
100
AcDbLine
 10
164.7048079999999857
 20
-90.8587780000000009
 30
0
 11
164.7143749999999898
 21
-90.8568750000000023
 31
0
  0
LINE
  5
432
330
1A
100
AcDbEntity
  8
F.Courtyard
  6
CONTINUOUS
100
AcDbLine
 10
164.7143749999999898
 20
-90.8568750000000023
 30
0
 11
179.2143749999999898
 21
-90.8568750000000023
 31
0
  0
LINE
  5
433
330
1A
100
AcDbEntity
  8
F.Courtyard
  6
CONTINUOUS
100
AcDbLine
 10
179.2143749999999898
 20
-90.8568750000000023
 30
0
 11
179.2239419999999939
 21
-90.8587780000000009
 31
0
  0
LINE
  5
434
330
1A
100
AcDbEntity
  8
F.Courtyard
  6
CONTINUOUS
100
AcDbLine
 10
164.7393749999999955
 20
-90.9068749999999994
 30
0
 11
164.7393749999999955
 21
-105.3568750000000023
 31
0
  0
LINE
  5
435
330
1A
100
AcDbEntity
  8
F.Courtyard
  6
CONTINUOUS
100
AcDbLine
 10
164.7393749999999955
 20
-105.3568750000000023
 30
0
 11
179.1893749999999841
 21
-105.3568750000000023
 31
0
  0
LINE
  5
436
330
1A
100
AcDbEntity
  8
F.Courtyard
  6
CONTINUOUS
100
AcDbLine
 10
179.1893749999999841
 20
-105.3568750000000023
 30
0
 11
179.1893749999999841
 21
-90.9068749999999994
 31
0
  0
LINE
  5
437
330
1A
100
AcDbEntity
  8
F.Courtyard
  6
CONTINUOUS
100
AcDbLine
 10
179.1893749999999841
 20
-90.9068749999999994
 30
0
 11
164.7393749999999955
 21
-90.9068749999999994
 31
0
  0
LINE
  5
438
330
1A
100
AcDbEntity
  8
F.Courtyard
  6
CONTINUOUS
100
AcDbLine
 10
198.2739420000000052
 20
-90.8587780000000009
 30
0
 11
198.2874719999999797
 21
-90.8723079999999896
 31
0
  0
LINE
  5
439
330
1A
100
AcDbEntity
  8
F.Courtyard
  6
CONTINUOUS
100
AcDbLine
 10
198.2874719999999797
 20
-90.8723079999999896
 30
0
 11
198.2893749999999784
 21
-90.8818749999999937
 31
0
  0
LINE
  5
43A
330
1A
100
AcDbEntity
  8
F.Courtyard
  6
CONTINUOUS
100
AcDbLine
 10
198.2893749999999784
 20
-90.8818749999999937
 30
0
 11
198.2893749999999784
 21
-105.3818749999999937
 31
0
  0
LINE
  5
43B
330
1A
100
AcDbEntity
  8
F.Courtyard
  6
CONTINUOUS
100
AcDbLine
 10
198.2893749999999784
 20
-105.3818749999999937
 30
0
 11
198.2874719999999797
 21
-105.3914419999999978
 31
0
  0
LINE
  5
43C
330
1A
100
AcDbEntity
  8
F.Courtyard
  6
CONTINUOUS
100
AcDbLine
 10
198.2874719999999797
 20
-105.3914419999999978
 30
0
 11
198.2739420000000052
 21
-105.4049720000000008
 31
0
  0
LINE
  5
43D
330
1A
100
AcDbEntity
  8
F.Courtyard
  6
CONTINUOUS
100
AcDbLine
 10
198.2739420000000052
 20
-105.4049720000000008
 30
0
 11
198.2643750000000011
 21
-105.4068749999999994
 31
0
  0
LINE
  5
43E
330
1A
100
AcDbEntity
  8
F.Courtyard
  6
CONTINUOUS
100
AcDbLine
 10
198.2643750000000011
 20
-105.4068749999999994
 30
0
 11
183.7643750000000011
 21
-105.4068749999999994
 31
0
  0
LINE
  5
43F
330
1A
100
AcDbEntity
  8
F.Courtyard
  6
CONTINUOUS
100
AcDbLine
 10
183.7643750000000011
 20
-105.4068749999999994
 30
0
 11
183.754807999999997
 21
-105.4049720000000008
 31
0
  0
LINE
  5
440
330
1A
100
AcDbEntity
  8
F.Courtyard
  6
CONTINUOUS
100
AcDbLine
 10
183.754807999999997
 20
-105.4049720000000008
 30
0
 11
183.7412779999999941
 21
-105.3914419999999978
 31
0
  0
LINE
  5
441
330
1A
100
AcDbEntity
  8
F.Courtyard
  6
CONTINUOUS
100
AcDbLine
 10
183.7412779999999941
 20
-105.3914419999999978
 30
0
 11
183.7393749999999955
 21
-105.3818749999999937
 31
0
  0
LINE
  5
442
330
1A
100
AcDbEntity
  8
F.Courtyard
  6
CONTINUOUS
100
AcDbLine
 10
183.7393749999999955
 20
-105.3818749999999937
 30
0
 11
183.7393749999999955
 21
-90.8818749999999937
 31
0
  0
LINE
  5
443
330
1A
100
AcDbEntity
  8
F.Courtyard
  6
CONTINUOUS
100
AcDbLine
 10
183.7393749999999955
 20
-90.8818749999999937
 30
0
 11
183.7412779999999941
 21
-90.8723079999999896
 31
0
  0
LINE
  5
444
330
1A
100
AcDbEntity
  8
F.Courtyard
  6
CONTINUOUS
100
AcDbLine
 10
183.7412779999999941
 20
-90.8723079999999896
 30
0
 11
183.754807999999997
 21
-90.8587780000000009
 31
0
  0
LINE
  5
445
330
1A
100
AcDbEntity
  8
F.Courtyard
  6
CONTINUOUS
100
AcDbLine
 10
183.754807999999997
 20
-90.8587780000000009
 30
0
 11
183.7643750000000011
 21
-90.8568750000000023
 31
0
  0
LINE
  5
446
330
1A
100
AcDbEntity
  8
F.Courtyard
  6
CONTINUOUS
100
AcDbLine
 10
183.7643750000000011
 20
-90.8568750000000023
 30
0
 11
198.2643750000000011
 21
-90.8568750000000023
 31
0
  0
LINE
  5
447
330
1A
100
AcDbEntity
  8
F.Courtyard
  6
CONTINUOUS
100
AcDbLine
 10
198.2643750000000011
 20
-90.8568750000000023
 30
0
 11
198.2739420000000052
 21
-90.8587780000000009
 31
0
  0
LINE
  5
448
330
1A
100
AcDbEntity
  8
F.Courtyard
  6
CONTINUOUS
100
AcDbLine
 10
183.7893749999999784
 20
-90.9068749999999994
 30
0
 11
183.7893749999999784
 21
-105.3568750000000023
 31
0
  0
LINE
  5
449
330
1A
100
AcDbEntity
  8
F.Courtyard
  6
CONTINUOUS
100
AcDbLine
 10
183.7893749999999784
 20
-105.3568750000000023
 30
0
 11
198.2393749999999955
 21
-105.3568750000000023
 31
0
  0
LINE
  5
44A
330
1A
100
AcDbEntity
  8
F.Courtyard
  6
CONTINUOUS
100
AcDbLine
 10
198.2393749999999955
 20
-105.3568750000000023
 30
0
 11
198.2393749999999955
 21
-90.9068749999999994
 31
0
  0
LINE
  5
44B
330
1A
100
AcDbEntity
  8
F.Courtyard
  6
CONTINUOUS
100
AcDbLine
 10
198.2393749999999955
 20
-90.9068749999999994
 30
0
 11
183.7893749999999784
 21
-90.9068749999999994
 31
0
  0
LINE
  5
44C
330
1A
100
AcDbEntity
  8
F.Courtyard
  6
CONTINUOUS
100
AcDbLine
 10
217.3239419999999882
 20
-90.8587780000000009
 30
0
 11
217.3374719999999911
 21
-90.8723079999999896
 31
0
  0
LINE
  5
44D
330
1A
100
AcDbEntity
  8
F.Courtyard
  6
CONTINUOUS
100
AcDbLine
 10
217.3374719999999911
 20
-90.8723079999999896
 30
0
 11
217.3393749999999898
 21
-90.8818749999999937
 31
0
  0
LINE
  5
44E
330
1A
100
AcDbEntity
  8
F.Courtyard
  6
CONTINUOUS
100
AcDbLine
 10
217.3393749999999898
 20
-90.8818749999999937
 30
0
 11
217.3393749999999898
 21
-105.3818749999999937
 31
0
  0
LINE
  5
44F
330
1A
100
AcDbEntity
  8
F.Courtyard
  6
CONTINUOUS
100
AcDbLine
 10
217.3393749999999898
 20
-105.3818749999999937
 30
0
 11
217.3374719999999911
 21
-105.3914419999999978
 31
0
  0
LINE
  5
450
330
1A
100
AcDbEntity
  8
F.Courtyard
  6
CONTINUOUS
100
AcDbLine
 10
217.3374719999999911
 20
-105.3914419999999978
 30
0
 11
217.3239419999999882
 21
-105.4049720000000008
 31
0
  0
LINE
  5
451
330
1A
100
AcDbEntity
  8
F.Courtyard
  6
CONTINUOUS
100
AcDbLine
 10
217.3239419999999882
 20
-105.4049720000000008
 30
0
 11
217.3143749999999841
 21
-105.4068749999999994
 31
0
  0
LINE
  5
452
330
1A
100
AcDbEntity
  8
F.Courtyard
  6
CONTINUOUS
100
AcDbLine
 10
217.3143749999999841
 20
-105.4068749999999994
 30
0
 11
202.8143749999999841
 21
-105.4068749999999994
 31
0
  0
LINE
  5
453
330
1A
100
AcDbEntity
  8
F.Courtyard
  6
CONTINUOUS
100
AcDbLine
 10
202.8143749999999841
 20
-105.4068749999999994
 30
0
 11
202.80480799999998
 21
-105.4049720000000008
 31
0
  0
LINE
  5
454
330
1A
100
AcDbEntity
  8
F.Courtyard
  6
CONTINUOUS
100
AcDbLine
 10
202.80480799999998
 20
-105.4049720000000008
 30
0
 11
202.7912779999999771
 21
-105.3914419999999978
 31
0
  0
LINE
  5
455
330
1A
100
AcDbEntity
  8
F.Courtyard
  6
CONTINUOUS
100
AcDbLine
 10
202.7912779999999771
 20
-105.3914419999999978
 30
0
 11
202.7893749999999784
 21
-105.3818749999999937
 31
0
  0
LINE
  5
456
330
1A
100
AcDbEntity
  8
F.Courtyard
  6
CONTINUOUS
100
AcDbLine
 10
202.7893749999999784
 20
-105.3818749999999937
 30
0
 11
202.7893749999999784
 21
-90.8818749999999937
 31
0
  0
LINE
  5
457
330
1A
100
AcDbEntity
  8
F.Courtyard
  6
CONTINUOUS
100
AcDbLine
 10
202.7893749999999784
 20
-90.8818749999999937
 30
0
 11
202.7912779999999771
 21
-90.8723079999999896
 31
0
  0
LINE
  5
458
330
1A
100
AcDbEntity
  8
F.Courtyard
  6
CONTINUOUS
100
AcDbLine
 10
202.7912779999999771
 20
-90.8723079999999896
 30
0
 11
202.80480799999998
 21
-90.8587780000000009
 31
0
  0
LINE
  5
459
330
1A
100
AcDbEntity
  8
F.Courtyard
  6
CONTINUOUS
100
AcDbLine
 10
202.80480799999998
 20
-90.8587780000000009
 30
0
 11
202.8143749999999841
 21
-90.8568750000000023
 31
0
  0
LINE
  5
45A
330
1A
100
AcDbEntity
  8
F.Courtyard
  6
CONTINUOUS
100
AcDbLine
 10
202.8143749999999841
 20
-90.8568750000000023
 30
0
 11
217.3143749999999841
 21
-90.8568750000000023
 31
0
  0
LINE
  5
45B
330
1A
100
AcDbEntity
  8
F.Courtyard
  6
CONTINUOUS
100
AcDbLine
 10
217.3143749999999841
 20
-90.8568750000000023
 30
0
 11
217.3239419999999882
 21
-90.8587780000000009
 31
0
  0
LINE
  5
45C
330
1A
100
AcDbEntity
  8
F.Courtyard
  6
CONTINUOUS
100
AcDbLine
 10
202.8393749999999898
 20
-90.9068749999999994
 30
0
 11
202.8393749999999898
 21
-105.3568750000000023
 31
0
  0
LINE
  5
45D
330
1A
100
AcDbEntity
  8
F.Courtyard
  6
CONTINUOUS
100
AcDbLine
 10
202.8393749999999898
 20
-105.3568750000000023
 30
0
 11
217.2893749999999784
 21
-105.3568750000000023
 31
0
  0
LINE
  5
45E
330
1A
100
AcDbEntity
  8
F.Courtyard
  6
CONTINUOUS
100
AcDbLine
 10
217.2893749999999784
 20
-105.3568750000000023
 30
0
 11
217.2893749999999784
 21
-90.9068749999999994
 31
0
  0
LINE
  5
45F
330
1A
100
AcDbEntity
  8
F.Courtyard
  6
CONTINUOUS
100
AcDbLine
 10
217.2893749999999784
 20
-90.9068749999999994
 30
0
 11
202.8393749999999898
 21
-90.9068749999999994
 31
0
  0
LINE
  5
460
330
1A
100
AcDbEntity
  8
F.Courtyard
  6
CONTINUOUS
100
AcDbLine
 10
236.3739419999999996
 20
-90.8587780000000009
 30
0
 11
236.3874720000000025
 21
-90.8723079999999896
 31
0
  0
LINE
  5
461
330
1A
100
AcDbEntity
  8
F.Courtyard
  6
CONTINUOUS
100
AcDbLine
 10
236.3874720000000025
 20
-90.8723079999999896
 30
0
 11
236.3893750000000011
 21
-90.8818749999999937
 31
0
  0
LINE
  5
462
330
1A
100
AcDbEntity
  8
F.Courtyard
  6
CONTINUOUS
100
AcDbLine
 10
236.3893750000000011
 20
-90.8818749999999937
 30
0
 11
236.3893750000000011
 21
-105.3818749999999937
 31
0
  0
LINE
  5
463
330
1A
100
AcDbEntity
  8
F.Courtyard
  6
CONTINUOUS
100
AcDbLine
 10
236.3893750000000011
 20
-105.3818749999999937
 30
0
 11
236.3874720000000025
 21
-105.3914419999999978
 31
0
  0
LINE
  5
464
330
1A
100
AcDbEntity
  8
F.Courtyard
  6
CONTINUOUS
100
AcDbLine
 10
236.3874720000000025
 20
-105.3914419999999978
 30
0
 11
236.3739419999999996
 21
-105.4049720000000008
 31
0
  0
LINE
  5
465
330
1A
100
AcDbEntity
  8
F.Courtyard
  6
CONTINUOUS
100
AcDbLine
 10
236.3739419999999996
 20
-105.4049720000000008
 30
0
 11
236.3643749999999955
 21
-105.4068749999999994
 31
0
  0
LINE
  5
466
330
1A
100
AcDbEntity
  8
F.Courtyard
  6
CONTINUOUS
100
AcDbLine
 10
236.3643749999999955
 20
-105.4068749999999994
 30
0
 11
221.8643749999999955
 21
-105.4068749999999994
 31
0
  0
LINE
  5
467
330
1A
100
AcDbEntity
  8
F.Courtyard
  6
CONTINUOUS
100
AcDbLine
 10
221.8643749999999955
 20
-105.4068749999999994
 30
0
 11
221.8548079999999914
 21
-105.4049720000000008
 31
0
  0
LINE
  5
468
330
1A
100
AcDbEntity
  8
F.Courtyard
  6
CONTINUOUS
100
AcDbLine
 10
221.8548079999999914
 20
-105.4049720000000008
 30
0
 11
221.8412779999999884
 21
-105.3914419999999978
 31
0
  0
LINE
  5
469
330
1A
100
AcDbEntity
  8
F.Courtyard
  6
CONTINUOUS
100
AcDbLine
 10
221.8412779999999884
 20
-105.3914419999999978
 30
0
 11
221.8393749999999898
 21
-105.3818749999999937
 31
0
  0
LINE
  5
46A
330
1A
100
AcDbEntity
  8
F.Courtyard
  6
CONTINUOUS
100
AcDbLine
 10
221.8393749999999898
 20
-105.3818749999999937
 30
0
 11
221.8393749999999898
 21
-90.8818749999999937
 31
0
  0
LINE
  5
46B
330
1A
100
AcDbEntity
  8
F.Courtyard
  6
CONTINUOUS
100
AcDbLine
 10
221.8393749999999898
 20
-90.8818749999999937
 30
0
 11
221.8412779999999884
 21
-90.8723079999999896
 31
0
  0
LINE
  5
46C
330
1A
100
AcDbEntity
  8
F.Courtyard
  6
CONTINUOUS
100
AcDbLine
 10
221.8412779999999884
 20
-90.8723079999999896
 30
0
 11
221.8548079999999914
 21
-90.8587780000000009
 31
0
  0
LINE
  5
46D
330
1A
100
AcDbEntity
  8
F.Courtyard
  6
CONTINUOUS
100
AcDbLine
 10
221.8548079999999914
 20
-90.8587780000000009
 30
0
 11
221.8643749999999955
 21
-90.8568750000000023
 31
0
  0
LINE
  5
46E
330
1A
100
AcDbEntity
  8
F.Courtyard
  6
CONTINUOUS
100
AcDbLine
 10
221.8643749999999955
 20
-90.8568750000000023
 30
0
 11
236.3643749999999955
 21
-90.8568750000000023
 31
0
  0
LINE
  5
46F
330
1A
100
AcDbEntity
  8
F.Courtyard
  6
CONTINUOUS
100
AcDbLine
 10
236.3643749999999955
 20
-90.8568750000000023
 30
0
 11
236.3739419999999996
 21
-90.8587780000000009
 31
0
  0
LINE
  5
470
330
1A
100
AcDbEntity
  8
F.Courtyard
  6
CONTINUOUS
100
AcDbLine
 10
221.8893750000000011
 20
-90.9068749999999994
 30
0
 11
221.8893750000000011
 21
-105.3568750000000023
 31
0
  0
LINE
  5
471
330
1A
100
AcDbEntity
  8
F.Courtyard
  6
CONTINUOUS
100
AcDbLine
 10
221.8893750000000011
 20
-105.3568750000000023
 30
0
 11
236.3393749999999898
 21
-105.3568750000000023
 31
0
  0
LINE
  5
472
330
1A
100
AcDbEntity
  8
F.Courtyard
  6
CONTINUOUS
100
AcDbLine
 10
236.3393749999999898
 20
-105.3568750000000023
 30
0
 11
236.3393749999999898
 21
-90.9068749999999994
 31
0
  0
LINE
  5
473
330
1A
100
AcDbEntity
  8
F.Courtyard
  6
CONTINUOUS
100
AcDbLine
 10
236.3393749999999898
 20
-90.9068749999999994
 30
0
 11
221.8893750000000011
 21
-90.9068749999999994
 31
0
  0
LINE
  5
474
330
1A
100
AcDbEntity
  8
F.Courtyard
  6
CONTINUOUS
100
AcDbLine
 10
255.4239419999999825
 20
-90.8587780000000009
 30
0
 11
255.4374719999999854
 21
-90.8723079999999896
 31
0
  0
LINE
  5
475
330
1A
100
AcDbEntity
  8
F.Courtyard
  6
CONTINUOUS
100
AcDbLine
 10
255.4374719999999854
 20
-90.8723079999999896
 30
0
 11
255.4393749999999841
 21
-90.8818749999999937
 31
0
  0
LINE
  5
476
330
1A
100
AcDbEntity
  8
F.Courtyard
  6
CONTINUOUS
100
AcDbLine
 10
255.4393749999999841
 20
-90.8818749999999937
 30
0
 11
255.4393749999999841
 21
-105.3818749999999937
 31
0
  0
LINE
  5
477
330
1A
100
AcDbEntity
  8
F.Courtyard
  6
CONTINUOUS
100
AcDbLine
 10
255.4393749999999841
 20
-105.3818749999999937
 30
0
 11
255.4374719999999854
 21
-105.3914419999999978
 31
0
  0
LINE
  5
478
330
1A
100
AcDbEntity
  8
F.Courtyard
  6
CONTINUOUS
100
AcDbLine
 10
255.4374719999999854
 20
-105.3914419999999978
 30
0
 11
255.4239419999999825
 21
-105.4049720000000008
 31
0
  0
LINE
  5
479
330
1A
100
AcDbEntity
  8
F.Courtyard
  6
CONTINUOUS
100
AcDbLine
 10
255.4239419999999825
 20
-105.4049720000000008
 30
0
 11
255.4143749999999784
 21
-105.4068749999999994
 31
0
  0
LINE
  5
47A
330
1A
100
AcDbEntity
  8
F.Courtyard
  6
CONTINUOUS
100
AcDbLine
 10
255.4143749999999784
 20
-105.4068749999999994
 30
0
 11
240.9143749999999784
 21
-105.4068749999999994
 31
0
  0
LINE
  5
47B
330
1A
100
AcDbEntity
  8
F.Courtyard
  6
CONTINUOUS
100
AcDbLine
 10
240.9143749999999784
 20
-105.4068749999999994
 30
0
 11
240.9048080000000027
 21
-105.4049720000000008
 31
0
  0
LINE
  5
47C
330
1A
100
AcDbEntity
  8
F.Courtyard
  6
CONTINUOUS
100
AcDbLine
 10
240.9048080000000027
 20
-105.4049720000000008
 30
0
 11
240.8912779999999998
 21
-105.3914419999999978
 31
0
  0
LINE
  5
47D
330
1A
100
AcDbEntity
  8
F.Courtyard
  6
CONTINUOUS
100
AcDbLine
 10
240.8912779999999998
 20
-105.3914419999999978
 30
0
 11
240.8893750000000011
 21
-105.3818749999999937
 31
0
  0
LINE
  5
47E
330
1A
100
AcDbEntity
  8
F.Courtyard
  6
CONTINUOUS
100
AcDbLine
 10
240.8893750000000011
 20
-105.3818749999999937
 30
0
 11
240.8893750000000011
 21
-90.8818749999999937
 31
0
  0
LINE
  5
47F
330
1A
100
AcDbEntity
  8
F.Courtyard
  6
CONTINUOUS
100
AcDbLine
 10
240.8893750000000011
 20
-90.8818749999999937
 30
0
 11
240.8912779999999998
 21
-90.8723079999999896
 31
0
  0
LINE
  5
480
330
1A
100
AcDbEntity
  8
F.Courtyard
  6
CONTINUOUS
100
AcDbLine
 10
240.8912779999999998
 20
-90.8723079999999896
 30
0
 11
240.9048080000000027
 21
-90.8587780000000009
 31
0
  0
LINE
  5
481
330
1A
100
AcDbEntity
  8
F.Courtyard
  6
CONTINUOUS
100
AcDbLine
 10
240.9048080000000027
 20
-90.8587780000000009
 30
0
 11
240.9143749999999784
 21
-90.8568750000000023
 31
0
  0
LINE
  5
482
330
1A
100
AcDbEntity
  8
F.Courtyard
  6
CONTINUOUS
100
AcDbLine
 10
240.9143749999999784
 20
-90.8568750000000023
 30
0
 11
255.4143749999999784
 21
-90.8568750000000023
 31
0
  0
LINE
  5
483
330
1A
100
AcDbEntity
  8
F.Courtyard
  6
CONTINUOUS
100
AcDbLine
 10
255.4143749999999784
 20
-90.8568750000000023
 30
0
 11
255.4239419999999825
 21
-90.8587780000000009
 31
0
  0
LINE
  5
484
330
1A
100
AcDbEntity
  8
F.Courtyard
  6
CONTINUOUS
100
AcDbLine
 10
240.9393749999999841
 20
-90.9068749999999994
 30
0
 11
240.9393749999999841
 21
-105.3568750000000023
 31
0
  0
LINE
  5
485
330
1A
100
AcDbEntity
  8
F.Courtyard
  6
CONTINUOUS
100
AcDbLine
 10
240.9393749999999841
 20
-105.3568750000000023
 30
0
 11
255.3893750000000011
 21
-105.3568750000000023
 31
0
  0
LINE
  5
486
330
1A
100
AcDbEntity
  8
F.Courtyard
  6
CONTINUOUS
100
AcDbLine
 10
255.3893750000000011
 20
-105.3568750000000023
 30
0
 11
255.3893750000000011
 21
-90.9068749999999994
 31
0
  0
LINE
  5
487
330
1A
100
AcDbEntity
  8
F.Courtyard
  6
CONTINUOUS
100
AcDbLine
 10
255.3893750000000011
 20
-90.9068749999999994
 30
0
 11
240.9393749999999841
 21
-90.9068749999999994
 31
0
  0
LINE
  5
488
330
1A
100
AcDbEntity
  8
F.Courtyard
  6
CONTINUOUS
100
AcDbLine
 10
274.4739419999999654
 20
-90.8587780000000009
 30
0
 11
274.4874719999999684
 21
-90.8723079999999896
 31
0
  0
LINE
  5
489
330
1A
100
AcDbEntity
  8
F.Courtyard
  6
CONTINUOUS
100
AcDbLine
 10
274.4874719999999684
 20
-90.8723079999999896
 30
0
 11
274.4893749999999955
 21
-90.8818749999999937
 31
0
  0
LINE
  5
48A
330
1A
100
AcDbEntity
  8
F.Courtyard
  6
CONTINUOUS
100
AcDbLine
 10
274.4893749999999955
 20
-90.8818749999999937
 30
0
 11
274.4893749999999955
 21
-105.3818749999999937
 31
0
  0
LINE
  5
48B
330
1A
100
AcDbEntity
  8
F.Courtyard
  6
CONTINUOUS
100
AcDbLine
 10
274.4893749999999955
 20
-105.3818749999999937
 30
0
 11
274.4874719999999684
 21
-105.3914419999999978
 31
0
  0
LINE
  5
48C
330
1A
100
AcDbEntity
  8
F.Courtyard
  6
CONTINUOUS
100
AcDbLine
 10
274.4874719999999684
 20
-105.3914419999999978
 30
0
 11
274.4739419999999654
 21
-105.4049720000000008
 31
0
  0
LINE
  5
48D
330
1A
100
AcDbEntity
  8
F.Courtyard
  6
CONTINUOUS
100
AcDbLine
 10
274.4739419999999654
 20
-105.4049720000000008
 30
0
 11
274.4643749999999613
 21
-105.4068749999999994
 31
0
  0
LINE
  5
48E
330
1A
100
AcDbEntity
  8
F.Courtyard
  6
CONTINUOUS
100
AcDbLine
 10
274.4643749999999613
 20
-105.4068749999999994
 30
0
 11
259.9643749999999613
 21
-105.4068749999999994
 31
0
  0
LINE
  5
48F
330
1A
100
AcDbEntity
  8
F.Courtyard
  6
CONTINUOUS
100
AcDbLine
 10
259.9643749999999613
 20
-105.4068749999999994
 30
0
 11
259.9548080000000141
 21
-105.4049720000000008
 31
0
  0
LINE
  5
490
330
1A
100
AcDbEntity
  8
F.Courtyard
  6
CONTINUOUS
100
AcDbLine
 10
259.9548080000000141
 20
-105.4049720000000008
 30
0
 11
259.9412780000000112
 21
-105.3914419999999978
 31
0
  0
LINE
  5
491
330
1A
100
AcDbEntity
  8
F.Courtyard
  6
CONTINUOUS
100
AcDbLine
 10
259.9412780000000112
 20
-105.3914419999999978
 30
0
 11
259.9393749999999841
 21
-105.3818749999999937
 31
0
  0
LINE
  5
492
330
1A
100
AcDbEntity
  8
F.Courtyard
  6
CONTINUOUS
100
AcDbLine
 10
259.9393749999999841
 20
-105.3818749999999937
 30
0
 11
259.9393749999999841
 21
-90.8818749999999937
 31
0
  0
LINE
  5
493
330
1A
100
AcDbEntity
  8
F.Courtyard
  6
CONTINUOUS
100
AcDbLine
 10
259.9393749999999841
 20
-90.8818749999999937
 30
0
 11
259.9412780000000112
 21
-90.8723079999999896
 31
0
  0
LINE
  5
494
330
1A
100
AcDbEntity
  8
F.Courtyard
  6
CONTINUOUS
100
AcDbLine
 10
259.9412780000000112
 20
-90.8723079999999896
 30
0
 11
259.9548080000000141
 21
-90.8587780000000009
 31
0
  0
LINE
  5
495
330
1A
100
AcDbEntity
  8
F.Courtyard
  6
CONTINUOUS
100
AcDbLine
 10
259.9548080000000141
 20
-90.8587780000000009
 30
0
 11
259.9643749999999613
 21
-90.8568750000000023
 31
0
  0
LINE
  5
496
330
1A
100
AcDbEntity
  8
F.Courtyard
  6
CONTINUOUS
100
AcDbLine
 10
259.9643749999999613
 20
-90.8568750000000023
 30
0
 11
274.4643749999999613
 21
-90.8568750000000023
 31
0
  0
LINE
  5
497
330
1A
100
AcDbEntity
  8
F.Courtyard
  6
CONTINUOUS
100
AcDbLine
 10
274.4643749999999613
 20
-90.8568750000000023
 30
0
 11
274.4739419999999654
 21
-90.8587780000000009
 31
0
  0
LINE
  5
498
330
1A
100
AcDbEntity
  8
F.Courtyard
  6
CONTINUOUS
100
AcDbLine
 10
259.9893749999999955
 20
-90.9068749999999994
 30
0
 11
259.9893749999999955
 21
-105.3568750000000023
 31
0
  0
LINE
  5
499
330
1A
100
AcDbEntity
  8
F.Courtyard
  6
CONTINUOUS
100
AcDbLine
 10
259.9893749999999955
 20
-105.3568750000000023
 30
0
 11
274.4393749999999841
 21
-105.3568750000000023
 31
0
  0
LINE
  5
49A
330
1A
100
AcDbEntity
  8
F.Courtyard
  6
CONTINUOUS
100
AcDbLine
 10
274.4393749999999841
 20
-105.3568750000000023
 30
0
 11
274.4393749999999841
 21
-90.9068749999999994
 31
0
  0
LINE
  5
49B
330
1A
100
AcDbEntity
  8
F.Courtyard
  6
CONTINUOUS
100
AcDbLine
 10
274.4393749999999841
 20
-90.9068749999999994
 30
0
 11
259.9893749999999955
 21
-90.9068749999999994
 31
0
  0
LINE
  5
49C
330
1A
100
AcDbEntity
  8
F.Courtyard
  6
CONTINUOUS
100
AcDbLine
 10
298.6039419999999609
 20
-90.8587780000000009
 30
0
 11
298.6174719999999638
 21
-90.8723079999999896
 31
0
  0
LINE
  5
49D
330
1A
100
AcDbEntity
  8
F.Courtyard
  6
CONTINUOUS
100
AcDbLine
 10
298.6174719999999638
 20
-90.8723079999999896
 30
0
 11
298.6193749999999909
 21
-90.8818749999999937
 31
0
  0
LINE
  5
49E
330
1A
100
AcDbEntity
  8
F.Courtyard
  6
CONTINUOUS
100
AcDbLine
 10
298.6193749999999909
 20
-90.8818749999999937
 30
0
 11
298.6193749999999909
 21
-105.3818749999999937
 31
0
  0
LINE
  5
49F
330
1A
100
AcDbEntity
  8
F.Courtyard
  6
CONTINUOUS
100
AcDbLine
 10
298.6193749999999909
 20
-105.3818749999999937
 30
0
 11
298.6174719999999638
 21
-105.3914419999999978
 31
0
  0
LINE
  5
4A0
330
1A
100
AcDbEntity
  8
F.Courtyard
  6
CONTINUOUS
100
AcDbLine
 10
298.6174719999999638
 20
-105.3914419999999978
 30
0
 11
298.6039419999999609
 21
-105.4049720000000008
 31
0
  0
LINE
  5
4A1
330
1A
100
AcDbEntity
  8
F.Courtyard
  6
CONTINUOUS
100
AcDbLine
 10
298.6039419999999609
 20
-105.4049720000000008
 30
0
 11
298.5943750000000136
 21
-105.4068749999999994
 31
0
  0
LINE
  5
4A2
330
1A
100
AcDbEntity
  8
F.Courtyard
  6
CONTINUOUS
100
AcDbLine
 10
298.5943750000000136
 20
-105.4068749999999994
 30
0
 11
284.0943750000000136
 21
-105.4068749999999994
 31
0
  0
LINE
  5
4A3
330
1A
100
AcDbEntity
  8
F.Courtyard
  6
CONTINUOUS
100
AcDbLine
 10
284.0943750000000136
 20
-105.4068749999999994
 30
0
 11
284.0848080000000095
 21
-105.4049720000000008
 31
0
  0
LINE
  5
4A4
330
1A
100
AcDbEntity
  8
F.Courtyard
  6
CONTINUOUS
100
AcDbLine
 10
284.0848080000000095
 20
-105.4049720000000008
 30
0
 11
284.0712780000000066
 21
-105.3914419999999978
 31
0
  0
LINE
  5
4A5
330
1A
100
AcDbEntity
  8
F.Courtyard
  6
CONTINUOUS
100
AcDbLine
 10
284.0712780000000066
 20
-105.3914419999999978
 30
0
 11
284.0693749999999795
 21
-105.3818749999999937
 31
0
  0
LINE
  5
4A6
330
1A
100
AcDbEntity
  8
F.Courtyard
  6
CONTINUOUS
100
AcDbLine
 10
284.0693749999999795
 20
-105.3818749999999937
 30
0
 11
284.0693749999999795
 21
-90.8818749999999937
 31
0
  0
LINE
  5
4A7
330
1A
100
AcDbEntity
  8
F.Courtyard
  6
CONTINUOUS
100
AcDbLine
 10
284.0693749999999795
 20
-90.8818749999999937
 30
0
 11
284.0712780000000066
 21
-90.8723079999999896
 31
0
  0
LINE
  5
4A8
330
1A
100
AcDbEntity
  8
F.Courtyard
  6
CONTINUOUS
100
AcDbLine
 10
284.0712780000000066
 20
-90.8723079999999896
 30
0
 11
284.0848080000000095
 21
-90.8587780000000009
 31
0
  0
LINE
  5
4A9
330
1A
100
AcDbEntity
  8
F.Courtyard
  6
CONTINUOUS
100
AcDbLine
 10
284.0848080000000095
 20
-90.8587780000000009
 30
0
 11
284.0943750000000136
 21
-90.8568750000000023
 31
0
  0
LINE
  5
4AA
330
1A
100
AcDbEntity
  8
F.Courtyard
  6
CONTINUOUS
100
AcDbLine
 10
284.0943750000000136
 20
-90.8568750000000023
 30
0
 11
298.5943750000000136
 21
-90.8568750000000023
 31
0
  0
LINE
  5
4AB
330
1A
100
AcDbEntity
  8
F.Courtyard
  6
CONTINUOUS
100
AcDbLine
 10
298.5943750000000136
 20
-90.8568750000000023
 30
0
 11
298.6039419999999609
 21
-90.8587780000000009
 31
0
  0
LINE
  5
4AC
330
1A
100
AcDbEntity
  8
F.Courtyard
  6
CONTINUOUS
100
AcDbLine
 10
284.1193749999999909
 20
-90.9068749999999994
 30
0
 11
284.1193749999999909
 21
-105.3568750000000023
 31
0
  0
LINE
  5
4AD
330
1A
100
AcDbEntity
  8
F.Courtyard
  6
CONTINUOUS
100
AcDbLine
 10
284.1193749999999909
 20
-105.3568750000000023
 30
0
 11
298.5693749999999795
 21
-105.3568750000000023
 31
0
  0
LINE
  5
4AE
330
1A
100
AcDbEntity
  8
F.Courtyard
  6
CONTINUOUS
100
AcDbLine
 10
298.5693749999999795
 20
-105.3568750000000023
 30
0
 11
298.5693749999999795
 21
-90.9068749999999994
 31
0
  0
LINE
  5
4AF
330
1A
100
AcDbEntity
  8
F.Courtyard
  6
CONTINUOUS
100
AcDbLine
 10
298.5693749999999795
 20
-90.9068749999999994
 30
0
 11
284.1193749999999909
 21
-90.9068749999999994
 31
0
  0
LINE
  5
4B0
330
1A
100
AcDbEntity
  8
F.Courtyard
  6
CONTINUOUS
100
AcDbLine
 10
327.4789419999999609
 20
-71.8712780000000038
 30
0
 11
327.4924719999999638
 21
-71.8848079999999925
 31
0
  0
LINE
  5
4B1
330
1A
100
AcDbEntity
  8
F.Courtyard
  6
CONTINUOUS
100
AcDbLine
 10
327.4924719999999638
 20
-71.8848079999999925
 30
0
 11
327.4943749999999909
 21
-71.8943749999999966
 31
0
  0
LINE
  5
4B2
330
1A
100
AcDbEntity
  8
F.Courtyard
  6
CONTINUOUS
100
AcDbLine
 10
327.4943749999999909
 20
-71.8943749999999966
 30
0
 11
327.4943749999999909
 21
-86.3943749999999966
 31
0
  0
LINE
  5
4B3
330
1A
100
AcDbEntity
  8
F.Courtyard
  6
CONTINUOUS
100
AcDbLine
 10
327.4943749999999909
 20
-86.3943749999999966
 30
0
 11
327.4924719999999638
 21
-86.4039420000000007
 31
0
  0
LINE
  5
4B4
330
1A
100
AcDbEntity
  8
F.Courtyard
  6
CONTINUOUS
100
AcDbLine
 10
327.4924719999999638
 20
-86.4039420000000007
 30
0
 11
327.4789419999999609
 21
-86.4174719999999894
 31
0
  0
LINE
  5
4B5
330
1A
100
AcDbEntity
  8
F.Courtyard
  6
CONTINUOUS
100
AcDbLine
 10
327.4789419999999609
 20
-86.4174719999999894
 30
0
 11
327.4693749999999568
 21
-86.4193750000000023
 31
0
  0
LINE
  5
4B6
330
1A
100
AcDbEntity
  8
F.Courtyard
  6
CONTINUOUS
100
AcDbLine
 10
327.4693749999999568
 20
-86.4193750000000023
 30
0
 11
312.9693750000000136
 21
-86.4193750000000023
 31
0
  0
LINE
  5
4B7
330
1A
100
AcDbEntity
  8
F.Courtyard
  6
CONTINUOUS
100
AcDbLine
 10
312.9693750000000136
 20
-86.4193750000000023
 30
0
 11
312.9598080000000095
 21
-86.4174719999999894
 31
0
  0
LINE
  5
4B8
330
1A
100
AcDbEntity
  8
F.Courtyard
  6
CONTINUOUS
100
AcDbLine
 10
312.9598080000000095
 20
-86.4174719999999894
 30
0
 11
312.9462780000000066
 21
-86.4039420000000007
 31
0
  0
LINE
  5
4B9
330
1A
100
AcDbEntity
  8
F.Courtyard
  6
CONTINUOUS
100
AcDbLine
 10
312.9462780000000066
 20
-86.4039420000000007
 30
0
 11
312.9443749999999795
 21
-86.3943749999999966
 31
0
  0
LINE
  5
4BA
330
1A
100
AcDbEntity
  8
F.Courtyard
  6
CONTINUOUS
100
AcDbLine
 10
312.9443749999999795
 20
-86.3943749999999966
 30
0
 11
312.9443749999999795
 21
-71.8943749999999966
 31
0
  0
LINE
  5
4BB
330
1A
100
AcDbEntity
  8
F.Courtyard
  6
CONTINUOUS
100
AcDbLine
 10
312.9443749999999795
 20
-71.8943749999999966
 30
0
 11
312.9462780000000066
 21
-71.8848079999999925
 31
0
  0
LINE
  5
4BC
330
1A
100
AcDbEntity
  8
F.Courtyard
  6
CONTINUOUS
100
AcDbLine
 10
312.9462780000000066
 20
-71.8848079999999925
 30
0
 11
312.9598080000000095
 21
-71.8712780000000038
 31
0
  0
LINE
  5
4BD
330
1A
100
AcDbEntity
  8
F.Courtyard
  6
CONTINUOUS
100
AcDbLine
 10
312.9598080000000095
 20
-71.8712780000000038
 30
0
 11
312.9693750000000136
 21
-71.8693749999999909
 31
0
  0
LINE
  5
4BE
330
1A
100
AcDbEntity
  8
F.Courtyard
  6
CONTINUOUS
100
AcDbLine
 10
312.9693750000000136
 20
-71.8693749999999909
 30
0
 11
327.4693749999999568
 21
-71.8693749999999909
 31
0
  0
LINE
  5
4BF
330
1A
100
AcDbEntity
  8
F.Courtyard
  6
CONTINUOUS
100
AcDbLine
 10
327.4693749999999568
 20
-71.8693749999999909
 30
0
 11
327.4789419999999609
 21
-71.8712780000000038
 31
0
  0
LINE
  5
4C0
330
1A
100
AcDbEntity
  8
F.Courtyard
  6
CONTINUOUS
100
AcDbLine
 10
312.9943749999999909
 20
-71.9193750000000023
 30
0
 11
312.9943749999999909
 21
-86.3693749999999909
 31
0
  0
LINE
  5
4C1
330
1A
100
AcDbEntity
  8
F.Courtyard
  6
CONTINUOUS
100
AcDbLine
 10
312.9943749999999909
 20
-86.3693749999999909
 30
0
 11
327.4443749999999795
 21
-86.3693749999999909
 31
0
  0
LINE
  5
4C2
330
1A
100
AcDbEntity
  8
F.Courtyard
  6
CONTINUOUS
100
AcDbLine
 10
327.4443749999999795
 20
-86.3693749999999909
 30
0
 11
327.4443749999999795
 21
-71.9193750000000023
 31
0
  0
LINE
  5
4C3
330
1A
100
AcDbEntity
  8
F.Courtyard
  6
CONTINUOUS
100
AcDbLine
 10
327.4443749999999795
 20
-71.9193750000000023
 30
0
 11
312.9943749999999909
 21
-71.9193750000000023
 31
0
  0
LINE
  5
4C4
330
1A
100
AcDbEntity
  8
F.Courtyard
  6
CONTINUOUS
100
AcDbLine
 10
346.5289419999999723
 20
-71.8712780000000038
 30
0
 11
346.5424719999999752
 21
-71.8848079999999925
 31
0
  0
LINE
  5
4C5
330
1A
100
AcDbEntity
  8
F.Courtyard
  6
CONTINUOUS
100
AcDbLine
 10
346.5424719999999752
 20
-71.8848079999999925
 30
0
 11
346.5443750000000023
 21
-71.8943749999999966
 31
0
  0
LINE
  5
4C6
330
1A
100
AcDbEntity
  8
F.Courtyard
  6
CONTINUOUS
100
AcDbLine
 10
346.5443750000000023
 20
-71.8943749999999966
 30
0
 11
346.5443750000000023
 21
-86.3943749999999966
 31
0
  0
LINE
  5
4C7
330
1A
100
AcDbEntity
  8
F.Courtyard
  6
CONTINUOUS
100
AcDbLine
 10
346.5443750000000023
 20
-86.3943749999999966
 30
0
 11
346.5424719999999752
 21
-86.4039420000000007
 31
0
  0
LINE
  5
4C8
330
1A
100
AcDbEntity
  8
F.Courtyard
  6
CONTINUOUS
100
AcDbLine
 10
346.5424719999999752
 20
-86.4039420000000007
 30
0
 11
346.5289419999999723
 21
-86.4174719999999894
 31
0
  0
LINE
  5
4C9
330
1A
100
AcDbEntity
  8
F.Courtyard
  6
CONTINUOUS
100
AcDbLine
 10
346.5289419999999723
 20
-86.4174719999999894
 30
0
 11
346.5193749999999682
 21
-86.4193750000000023
 31
0
  0
LINE
  5
4CA
330
1A
100
AcDbEntity
  8
F.Courtyard
  6
CONTINUOUS
100
AcDbLine
 10
346.5193749999999682
 20
-86.4193750000000023
 30
0
 11
332.0193749999999682
 21
-86.4193750000000023
 31
0
  0
LINE
  5
4CB
330
1A
100
AcDbEntity
  8
F.Courtyard
  6
CONTINUOUS
100
AcDbLine
 10
332.0193749999999682
 20
-86.4193750000000023
 30
0
 11
332.0098079999999641
 21
-86.4174719999999894
 31
0
  0
LINE
  5
4CC
330
1A
100
AcDbEntity
  8
F.Courtyard
  6
CONTINUOUS
100
AcDbLine
 10
332.0098079999999641
 20
-86.4174719999999894
 30
0
 11
331.9962779999999611
 21
-86.4039420000000007
 31
0
  0
LINE
  5
4CD
330
1A
100
AcDbEntity
  8
F.Courtyard
  6
CONTINUOUS
100
AcDbLine
 10
331.9962779999999611
 20
-86.4039420000000007
 30
0
 11
331.9943749999999909
 21
-86.3943749999999966
 31
0
  0
LINE
  5
4CE
330
1A
100
AcDbEntity
  8
F.Courtyard
  6
CONTINUOUS
100
AcDbLine
 10
331.9943749999999909
 20
-86.3943749999999966
 30
0
 11
331.9943749999999909
 21
-71.8943749999999966
 31
0
  0
LINE
  5
4CF
330
1A
100
AcDbEntity
  8
F.Courtyard
  6
CONTINUOUS
100
AcDbLine
 10
331.9943749999999909
 20
-71.8943749999999966
 30
0
 11
331.9962779999999611
 21
-71.8848079999999925
 31
0
  0
LINE
  5
4D0
330
1A
100
AcDbEntity
  8
F.Courtyard
  6
CONTINUOUS
100
AcDbLine
 10
331.9962779999999611
 20
-71.8848079999999925
 30
0
 11
332.0098079999999641
 21
-71.8712780000000038
 31
0
  0
LINE
  5
4D1
330
1A
100
AcDbEntity
  8
F.Courtyard
  6
CONTINUOUS
100
AcDbLine
 10
332.0098079999999641
 20
-71.8712780000000038
 30
0
 11
332.0193749999999682
 21
-71.8693749999999909
 31
0
  0
LINE
  5
4D2
330
1A
100
AcDbEntity
  8
F.Courtyard
  6
CONTINUOUS
100
AcDbLine
 10
332.0193749999999682
 20
-71.8693749999999909
 30
0
 11
346.5193749999999682
 21
-71.8693749999999909
 31
0
  0
LINE
  5
4D3
330
1A
100
AcDbEntity
  8
F.Courtyard
  6
CONTINUOUS
100
AcDbLine
 10
346.5193749999999682
 20
-71.8693749999999909
 30
0
 11
346.5289419999999723
 21
-71.8712780000000038
 31
0
  0
LINE
  5
4D4
330
1A
100
AcDbEntity
  8
F.Courtyard
  6
CONTINUOUS
100
AcDbLine
 10
332.0443750000000023
 20
-71.9193750000000023
 30
0
 11
332.0443750000000023
 21
-86.3693749999999909
 31
0
  0
LINE
  5
4D5
330
1A
100
AcDbEntity
  8
F.Courtyard
  6
CONTINUOUS
100
AcDbLine
 10
332.0443750000000023
 20
-86.3693749999999909
 30
0
 11
346.4943749999999909
 21
-86.3693749999999909
 31
0
  0
LINE
  5
4D6
330
1A
100
AcDbEntity
  8
F.Courtyard
  6
CONTINUOUS
100
AcDbLine
 10
346.4943749999999909
 20
-86.3693749999999909
 30
0
 11
346.4943749999999909
 21
-71.9193750000000023
 31
0
  0
LINE
  5
4D7
330
1A
100
AcDbEntity
  8
F.Courtyard
  6
CONTINUOUS
100
AcDbLine
 10
346.4943749999999909
 20
-71.9193750000000023
 30
0
 11
332.0443750000000023
 21
-71.9193750000000023
 31
0
  0
LINE
  5
4D8
330
1A
100
AcDbEntity
  8
F.Courtyard
  6
CONTINUOUS
100
AcDbLine
 10
365.5789419999999836
 20
-71.8712780000000038
 30
0
 11
365.5924719999999866
 21
-71.8848079999999925
 31
0
  0
LINE
  5
4D9
330
1A
100
AcDbEntity
  8
F.Courtyard
  6
CONTINUOUS
100
AcDbLine
 10
365.5924719999999866
 20
-71.8848079999999925
 30
0
 11
365.5943749999999568
 21
-71.8943749999999966
 31
0
  0
LINE
  5
4DA
330
1A
100
AcDbEntity
  8
F.Courtyard
  6
CONTINUOUS
100
AcDbLine
 10
365.5943749999999568
 20
-71.8943749999999966
 30
0
 11
365.5943749999999568
 21
-86.3943749999999966
 31
0
  0
LINE
  5
4DB
330
1A
100
AcDbEntity
  8
F.Courtyard
  6
CONTINUOUS
100
AcDbLine
 10
365.5943749999999568
 20
-86.3943749999999966
 30
0
 11
365.5924719999999866
 21
-86.4039420000000007
 31
0
  0
LINE
  5
4DC
330
1A
100
AcDbEntity
  8
F.Courtyard
  6
CONTINUOUS
100
AcDbLine
 10
365.5924719999999866
 20
-86.4039420000000007
 30
0
 11
365.5789419999999836
 21
-86.4174719999999894
 31
0
  0
LINE
  5
4DD
330
1A
100
AcDbEntity
  8
F.Courtyard
  6
CONTINUOUS
100
AcDbLine
 10
365.5789419999999836
 20
-86.4174719999999894
 30
0
 11
365.5693749999999795
 21
-86.4193750000000023
 31
0
  0
LINE
  5
4DE
330
1A
100
AcDbEntity
  8
F.Courtyard
  6
CONTINUOUS
100
AcDbLine
 10
365.5693749999999795
 20
-86.4193750000000023
 30
0
 11
351.0693749999999795
 21
-86.4193750000000023
 31
0
  0
LINE
  5
4DF
330
1A
100
AcDbEntity
  8
F.Courtyard
  6
CONTINUOUS
100
AcDbLine
 10
351.0693749999999795
 20
-86.4193750000000023
 30
0
 11
351.0598079999999754
 21
-86.4174719999999894
 31
0
  0
LINE
  5
4E0
330
1A
100
AcDbEntity
  8
F.Courtyard
  6
CONTINUOUS
100
AcDbLine
 10
351.0598079999999754
 20
-86.4174719999999894
 30
0
 11
351.0462779999999725
 21
-86.4039420000000007
 31
0
  0
LINE
  5
4E1
330
1A
100
AcDbEntity
  8
F.Courtyard
  6
CONTINUOUS
100
AcDbLine
 10
351.0462779999999725
 20
-86.4039420000000007
 30
0
 11
351.0443750000000023
 21
-86.3943749999999966
 31
0
  0
LINE
  5
4E2
330
1A
100
AcDbEntity
  8
F.Courtyard
  6
CONTINUOUS
100
AcDbLine
 10
351.0443750000000023
 20
-86.3943749999999966
 30
0
 11
351.0443750000000023
 21
-71.8943749999999966
 31
0
  0
LINE
  5
4E3
330
1A
100
AcDbEntity
  8
F.Courtyard
  6
CONTINUOUS
100
AcDbLine
 10
351.0443750000000023
 20
-71.8943749999999966
 30
0
 11
351.0462779999999725
 21
-71.8848079999999925
 31
0
  0
LINE
  5
4E4
330
1A
100
AcDbEntity
  8
F.Courtyard
  6
CONTINUOUS
100
AcDbLine
 10
351.0462779999999725
 20
-71.8848079999999925
 30
0
 11
351.0598079999999754
 21
-71.8712780000000038
 31
0
  0
LINE
  5
4E5
330
1A
100
AcDbEntity
  8
F.Courtyard
  6
CONTINUOUS
100
AcDbLine
 10
351.0598079999999754
 20
-71.8712780000000038
 30
0
 11
351.0693749999999795
 21
-71.8693749999999909
 31
0
  0
LINE
  5
4E6
330
1A
100
AcDbEntity
  8
F.Courtyard
  6
CONTINUOUS
100
AcDbLine
 10
351.0693749999999795
 20
-71.8693749999999909
 30
0
 11
365.5693749999999795
 21
-71.8693749999999909
 31
0
  0
LINE
  5
4E7
330
1A
100
AcDbEntity
  8
F.Courtyard
  6
CONTINUOUS
100
AcDbLine
 10
365.5693749999999795
 20
-71.8693749999999909
 30
0
 11
365.5789419999999836
 21
-71.8712780000000038
 31
0
  0
LINE
  5
4E8
330
1A
100
AcDbEntity
  8
F.Courtyard
  6
CONTINUOUS
100
AcDbLine
 10
351.0943749999999568
 20
-71.9193750000000023
 30
0
 11
351.0943749999999568
 21
-86.3693749999999909
 31
0
  0
LINE
  5
4E9
330
1A
100
AcDbEntity
  8
F.Courtyard
  6
CONTINUOUS
100
AcDbLine
 10
351.0943749999999568
 20
-86.3693749999999909
 30
0
 11
365.5443750000000023
 21
-86.3693749999999909
 31
0
  0
LINE
  5
4EA
330
1A
100
AcDbEntity
  8
F.Courtyard
  6
CONTINUOUS
100
AcDbLine
 10
365.5443750000000023
 20
-86.3693749999999909
 30
0
 11
365.5443750000000023
 21
-71.9193750000000023
 31
0
  0
LINE
  5
4EB
330
1A
100
AcDbEntity
  8
F.Courtyard
  6
CONTINUOUS
100
AcDbLine
 10
365.5443750000000023
 20
-71.9193750000000023
 30
0
 11
351.0943749999999568
 21
-71.9193750000000023
 31
0
  0
LINE
  5
4EC
330
1A
100
AcDbEntity
  8
F.Courtyard
  6
CONTINUOUS
100
AcDbLine
 10
389.3914419999999836
 20
-71.8712780000000038
 30
0
 11
389.4049719999999866
 21
-71.8848079999999925
 31
0
  0
LINE
  5
4ED
330
1A
100
AcDbEntity
  8
F.Courtyard
  6
CONTINUOUS
100
AcDbLine
 10
389.4049719999999866
 20
-71.8848079999999925
 30
0
 11
389.4068749999999568
 21
-71.8943749999999966
 31
0
  0
LINE
  5
4EE
330
1A
100
AcDbEntity
  8
F.Courtyard
  6
CONTINUOUS
100
AcDbLine
 10
389.4068749999999568
 20
-71.8943749999999966
 30
0
 11
389.4068749999999568
 21
-86.3943749999999966
 31
0
  0
LINE
  5
4EF
330
1A
100
AcDbEntity
  8
F.Courtyard
  6
CONTINUOUS
100
AcDbLine
 10
389.4068749999999568
 20
-86.3943749999999966
 30
0
 11
389.4049719999999866
 21
-86.4039420000000007
 31
0
  0
LINE
  5
4F0
330
1A
100
AcDbEntity
  8
F.Courtyard
  6
CONTINUOUS
100
AcDbLine
 10
389.4049719999999866
 20
-86.4039420000000007
 30
0
 11
389.3914419999999836
 21
-86.4174719999999894
 31
0
  0
LINE
  5
4F1
330
1A
100
AcDbEntity
  8
F.Courtyard
  6
CONTINUOUS
100
AcDbLine
 10
389.3914419999999836
 20
-86.4174719999999894
 30
0
 11
389.3818749999999795
 21
-86.4193750000000023
 31
0
  0
LINE
  5
4F2
330
1A
100
AcDbEntity
  8
F.Courtyard
  6
CONTINUOUS
100
AcDbLine
 10
389.3818749999999795
 20
-86.4193750000000023
 30
0
 11
374.8818749999999795
 21
-86.4193750000000023
 31
0
  0
LINE
  5
4F3
330
1A
100
AcDbEntity
  8
F.Courtyard
  6
CONTINUOUS
100
AcDbLine
 10
374.8818749999999795
 20
-86.4193750000000023
 30
0
 11
374.8723079999999754
 21
-86.4174719999999894
 31
0
  0
LINE
  5
4F4
330
1A
100
AcDbEntity
  8
F.Courtyard
  6
CONTINUOUS
100
AcDbLine
 10
374.8723079999999754
 20
-86.4174719999999894
 30
0
 11
374.8587779999999725
 21
-86.4039420000000007
 31
0
  0
LINE
  5
4F5
330
1A
100
AcDbEntity
  8
F.Courtyard
  6
CONTINUOUS
100
AcDbLine
 10
374.8587779999999725
 20
-86.4039420000000007
 30
0
 11
374.8568750000000023
 21
-86.3943749999999966
 31
0
  0
LINE
  5
4F6
330
1A
100
AcDbEntity
  8
F.Courtyard
  6
CONTINUOUS
100
AcDbLine
 10
374.8568750000000023
 20
-86.3943749999999966
 30
0
 11
374.8568750000000023
 21
-71.8943749999999966
 31
0
  0
LINE
  5
4F7
330
1A
100
AcDbEntity
  8
F.Courtyard
  6
CONTINUOUS
100
AcDbLine
 10
374.8568750000000023
 20
-71.8943749999999966
 30
0
 11
374.8587779999999725
 21
-71.8848079999999925
 31
0
  0
LINE
  5
4F8
330
1A
100
AcDbEntity
  8
F.Courtyard
  6
CONTINUOUS
100
AcDbLine
 10
374.8587779999999725
 20
-71.8848079999999925
 30
0
 11
374.8723079999999754
 21
-71.8712780000000038
 31
0
  0
LINE
  5
4F9
330
1A
100
AcDbEntity
  8
F.Courtyard
  6
CONTINUOUS
100
AcDbLine
 10
374.8723079999999754
 20
-71.8712780000000038
 30
0
 11
374.8818749999999795
 21
-71.8693749999999909
 31
0
  0
LINE
  5
4FA
330
1A
100
AcDbEntity
  8
F.Courtyard
  6
CONTINUOUS
100
AcDbLine
 10
374.8818749999999795
 20
-71.8693749999999909
 30
0
 11
389.3818749999999795
 21
-71.8693749999999909
 31
0
  0
LINE
  5
4FB
330
1A
100
AcDbEntity
  8
F.Courtyard
  6
CONTINUOUS
100
AcDbLine
 10
389.3818749999999795
 20
-71.8693749999999909
 30
0
 11
389.3914419999999836
 21
-71.8712780000000038
 31
0
  0
LINE
  5
4FC
330
1A
100
AcDbEntity
  8
F.Courtyard
  6
CONTINUOUS
100
AcDbLine
 10
374.9068749999999568
 20
-71.9193750000000023
 30
0
 11
374.9068749999999568
 21
-86.3693749999999909
 31
0
  0
LINE
  5
4FD
330
1A
100
AcDbEntity
  8
F.Courtyard
  6
CONTINUOUS
100
AcDbLine
 10
374.9068749999999568
 20
-86.3693749999999909
 30
0
 11
389.3568750000000023
 21
-86.3693749999999909
 31
0
  0
LINE
  5
4FE
330
1A
100
AcDbEntity
  8
F.Courtyard
  6
CONTINUOUS
100
AcDbLine
 10
389.3568750000000023
 20
-86.3693749999999909
 30
0
 11
389.3568750000000023
 21
-71.9193750000000023
 31
0
  0
LINE
  5
4FF
330
1A
100
AcDbEntity
  8
F.Courtyard
  6
CONTINUOUS
100
AcDbLine
 10
389.3568750000000023
 20
-71.9193750000000023
 30
0
 11
374.9068749999999568
 21
-71.9193750000000023
 31
0
  0
LINE
  5
500
330
1A
100
AcDbEntity
  8
F.Courtyard
  6
CONTINUOUS
100
AcDbLine
 10
36.348942000000001
 20
-71.8087780000000038
 30
0
 11
36.3624719999999968
 21
-71.8223079999999925
 31
0
  0
LINE
  5
501
330
1A
100
AcDbEntity
  8
F.Courtyard
  6
CONTINUOUS
100
AcDbLine
 10
36.3624719999999968
 20
-71.8223079999999925
 30
0
 11
36.3643749999999955
 21
-71.8318749999999966
 31
0
  0
LINE
  5
502
330
1A
100
AcDbEntity
  8
F.Courtyard
  6
CONTINUOUS
100
AcDbLine
 10
36.3643749999999955
 20
-71.8318749999999966
 30
0
 11
36.3643749999999955
 21
-86.3318749999999966
 31
0
  0
LINE
  5
503
330
1A
100
AcDbEntity
  8
F.Courtyard
  6
CONTINUOUS
100
AcDbLine
 10
36.3643749999999955
 20
-86.3318749999999966
 30
0
 11
36.3624719999999968
 21
-86.3414420000000007
 31
0
  0
LINE
  5
504
330
1A
100
AcDbEntity
  8
F.Courtyard
  6
CONTINUOUS
100
AcDbLine
 10
36.3624719999999968
 20
-86.3414420000000007
 30
0
 11
36.348942000000001
 21
-86.3549719999999894
 31
0
  0
LINE
  5
505
330
1A
100
AcDbEntity
  8
F.Courtyard
  6
CONTINUOUS
100
AcDbLine
 10
36.348942000000001
 20
-86.3549719999999894
 30
0
 11
36.3393749999999969
 21
-86.3568750000000023
 31
0
  0
LINE
  5
506
330
1A
100
AcDbEntity
  8
F.Courtyard
  6
CONTINUOUS
100
AcDbLine
 10
36.3393749999999969
 20
-86.3568750000000023
 30
0
 11
21.8393750000000004
 21
-86.3568750000000023
 31
0
  0
LINE
  5
507
330
1A
100
AcDbEntity
  8
F.Courtyard
  6
CONTINUOUS
100
AcDbLine
 10
21.8393750000000004
 20
-86.3568750000000023
 30
0
 11
21.8298079999999999
 21
-86.3549719999999894
 31
0
  0
LINE
  5
508
330
1A
100
AcDbEntity
  8
F.Courtyard
  6
CONTINUOUS
100
AcDbLine
 10
21.8298079999999999
 20
-86.3549719999999894
 30
0
 11
21.8162780000000005
 21
-86.3414420000000007
 31
0
  0
LINE
  5
509
330
1A
100
AcDbEntity
  8
F.Courtyard
  6
CONTINUOUS
100
AcDbLine
 10
21.8162780000000005
 20
-86.3414420000000007
 30
0
 11
21.8143749999999983
 21
-86.3318749999999966
 31
0
  0
LINE
  5
50A
330
1A
100
AcDbEntity
  8
F.Courtyard
  6
CONTINUOUS
100
AcDbLine
 10
21.8143749999999983
 20
-86.3318749999999966
 30
0
 11
21.8143749999999983
 21
-71.8318749999999966
 31
0
  0
LINE
  5
50B
330
1A
100
AcDbEntity
  8
F.Courtyard
  6
CONTINUOUS
100
AcDbLine
 10
21.8143749999999983
 20
-71.8318749999999966
 30
0
 11
21.8162780000000005
 21
-71.8223079999999925
 31
0
  0
LINE
  5
50C
330
1A
100
AcDbEntity
  8
F.Courtyard
  6
CONTINUOUS
100
AcDbLine
 10
21.8162780000000005
 20
-71.8223079999999925
 30
0
 11
21.8298079999999999
 21
-71.8087780000000038
 31
0
  0
LINE
  5
50D
330
1A
100
AcDbEntity
  8
F.Courtyard
  6
CONTINUOUS
100
AcDbLine
 10
21.8298079999999999
 20
-71.8087780000000038
 30
0
 11
21.8393750000000004
 21
-71.8068749999999909
 31
0
  0
LINE
  5
50E
330
1A
100
AcDbEntity
  8
F.Courtyard
  6
CONTINUOUS
100
AcDbLine
 10
21.8393750000000004
 20
-71.8068749999999909
 30
0
 11
36.3393749999999969
 21
-71.8068749999999909
 31
0
  0
LINE
  5
50F
330
1A
100
AcDbEntity
  8
F.Courtyard
  6
CONTINUOUS
100
AcDbLine
 10
36.3393749999999969
 20
-71.8068749999999909
 30
0
 11
36.348942000000001
 21
-71.8087780000000038
 31
0
  0
LINE
  5
510
330
1A
100
AcDbEntity
  8
F.Courtyard
  6
CONTINUOUS
100
AcDbLine
 10
21.864374999999999
 20
-71.8568750000000023
 30
0
 11
21.864374999999999
 21
-86.3068749999999909
 31
0
  0
LINE
  5
511
330
1A
100
AcDbEntity
  8
F.Courtyard
  6
CONTINUOUS
100
AcDbLine
 10
21.864374999999999
 20
-86.3068749999999909
 30
0
 11
36.3143749999999983
 21
-86.3068749999999909
 31
0
  0
LINE
  5
512
330
1A
100
AcDbEntity
  8
F.Courtyard
  6
CONTINUOUS
100
AcDbLine
 10
36.3143749999999983
 20
-86.3068749999999909
 30
0
 11
36.3143749999999983
 21
-71.8568750000000023
 31
0
  0
LINE
  5
513
330
1A
100
AcDbEntity
  8
F.Courtyard
  6
CONTINUOUS
100
AcDbLine
 10
36.3143749999999983
 20
-71.8568750000000023
 30
0
 11
21.864374999999999
 21
-71.8568750000000023
 31
0
  0
LINE
  5
514
330
1A
100
AcDbEntity
  8
F.Courtyard
  6
CONTINUOUS
100
AcDbLine
 10
55.3989419999999981
 20
-71.8087780000000038
 30
0
 11
55.412471999999994
 21
-71.8223079999999925
 31
0
  0
LINE
  5
515
330
1A
100
AcDbEntity
  8
F.Courtyard
  6
CONTINUOUS
100
AcDbLine
 10
55.412471999999994
 20
-71.8223079999999925
 30
0
 11
55.4143749999999997
 21
-71.8318749999999966
 31
0
  0
LINE
  5
516
330
1A
100
AcDbEntity
  8
F.Courtyard
  6
CONTINUOUS
100
AcDbLine
 10
55.4143749999999997
 20
-71.8318749999999966
 30
0
 11
55.4143749999999997
 21
-86.3318749999999966
 31
0
  0
LINE
  5
517
330
1A
100
AcDbEntity
  8
F.Courtyard
  6
CONTINUOUS
100
AcDbLine
 10
55.4143749999999997
 20
-86.3318749999999966
 30
0
 11
55.412471999999994
 21
-86.3414420000000007
 31
0
  0
LINE
  5
518
330
1A
100
AcDbEntity
  8
F.Courtyard
  6
CONTINUOUS
100
AcDbLine
 10
55.412471999999994
 20
-86.3414420000000007
 30
0
 11
55.3989419999999981
 21
-86.3549719999999894
 31
0
  0
LINE
  5
519
330
1A
100
AcDbEntity
  8
F.Courtyard
  6
CONTINUOUS
100
AcDbLine
 10
55.3989419999999981
 20
-86.3549719999999894
 30
0
 11
55.389374999999994
 21
-86.3568750000000023
 31
0
  0
LINE
  5
51A
330
1A
100
AcDbEntity
  8
F.Courtyard
  6
CONTINUOUS
100
AcDbLine
 10
55.389374999999994
 20
-86.3568750000000023
 30
0
 11
40.8893750000000011
 21
-86.3568750000000023
 31
0
  0
LINE
  5
51B
330
1A
100
AcDbEntity
  8
F.Courtyard
  6
CONTINUOUS
100
AcDbLine
 10
40.8893750000000011
 20
-86.3568750000000023
 30
0
 11
40.879807999999997
 21
-86.3549719999999894
 31
0
  0
LINE
  5
51C
330
1A
100
AcDbEntity
  8
F.Courtyard
  6
CONTINUOUS
100
AcDbLine
 10
40.879807999999997
 20
-86.3549719999999894
 30
0
 11
40.8662780000000012
 21
-86.3414420000000007
 31
0
  0
LINE
  5
51D
330
1A
100
AcDbEntity
  8
F.Courtyard
  6
CONTINUOUS
100
AcDbLine
 10
40.8662780000000012
 20
-86.3414420000000007
 30
0
 11
40.8643749999999955
 21
-86.3318749999999966
 31
0
  0
LINE
  5
51E
330
1A
100
AcDbEntity
  8
F.Courtyard
  6
CONTINUOUS
100
AcDbLine
 10
40.8643749999999955
 20
-86.3318749999999966
 30
0
 11
40.8643749999999955
 21
-71.8318749999999966
 31
0
  0
LINE
  5
51F
330
1A
100
AcDbEntity
  8
F.Courtyard
  6
CONTINUOUS
100
AcDbLine
 10
40.8643749999999955
 20
-71.8318749999999966
 30
0
 11
40.8662780000000012
 21
-71.8223079999999925
 31
0
  0
LINE
  5
520
330
1A
100
AcDbEntity
  8
F.Courtyard
  6
CONTINUOUS
100
AcDbLine
 10
40.8662780000000012
 20
-71.8223079999999925
 30
0
 11
40.879807999999997
 21
-71.8087780000000038
 31
0
  0
LINE
  5
521
330
1A
100
AcDbEntity
  8
F.Courtyard
  6
CONTINUOUS
100
AcDbLine
 10
40.879807999999997
 20
-71.8087780000000038
 30
0
 11
40.8893750000000011
 21
-71.8068749999999909
 31
0
  0
LINE
  5
522
330
1A
100
AcDbEntity
  8
F.Courtyard
  6
CONTINUOUS
100
AcDbLine
 10
40.8893750000000011
 20
-71.8068749999999909
 30
0
 11
55.389374999999994
 21
-71.8068749999999909
 31
0
  0
LINE
  5
523
330
1A
100
AcDbEntity
  8
F.Courtyard
  6
CONTINUOUS
100
AcDbLine
 10
55.389374999999994
 20
-71.8068749999999909
 30
0
 11
55.3989419999999981
 21
-71.8087780000000038
 31
0
  0
LINE
  5
524
330
1A
100
AcDbEntity
  8
F.Courtyard
  6
CONTINUOUS
100
AcDbLine
 10
40.9143749999999997
 20
-71.8568750000000023
 30
0
 11
40.9143749999999997
 21
-86.3068749999999909
 31
0
  0
LINE
  5
525
330
1A
100
AcDbEntity
  8
F.Courtyard
  6
CONTINUOUS
100
AcDbLine
 10
40.9143749999999997
 20
-86.3068749999999909
 30
0
 11
55.3643749999999955
 21
-86.3068749999999909
 31
0
  0
LINE
  5
526
330
1A
100
AcDbEntity
  8
F.Courtyard
  6
CONTINUOUS
100
AcDbLine
 10
55.3643749999999955
 20
-86.3068749999999909
 30
0
 11
55.3643749999999955
 21
-71.8568750000000023
 31
0
  0
LINE
  5
527
330
1A
100
AcDbEntity
  8
F.Courtyard
  6
CONTINUOUS
100
AcDbLine
 10
55.3643749999999955
 20
-71.8568750000000023
 30
0
 11
40.9143749999999997
 21
-71.8568750000000023
 31
0
  0
LINE
  5
528
330
1A
100
AcDbEntity
  8
F.Courtyard
  6
CONTINUOUS
100
AcDbLine
 10
74.4489420000000024
 20
-71.8087780000000038
 30
0
 11
74.4624719999999911
 21
-71.8223079999999925
 31
0
  0
LINE
  5
529
330
1A
100
AcDbEntity
  8
F.Courtyard
  6
CONTINUOUS
100
AcDbLine
 10
74.4624719999999911
 20
-71.8223079999999925
 30
0
 11
74.4643749999999898
 21
-71.8318749999999966
 31
0
  0
LINE
  5
52A
330
1A
100
AcDbEntity
  8
F.Courtyard
  6
CONTINUOUS
100
AcDbLine
 10
74.4643749999999898
 20
-71.8318749999999966
 30
0
 11
74.4643749999999898
 21
-86.3318749999999966
 31
0
  0
LINE
  5
52B
330
1A
100
AcDbEntity
  8
F.Courtyard
  6
CONTINUOUS
100
AcDbLine
 10
74.4643749999999898
 20
-86.3318749999999966
 30
0
 11
74.4624719999999911
 21
-86.3414420000000007
 31
0
  0
LINE
  5
52C
330
1A
100
AcDbEntity
  8
F.Courtyard
  6
CONTINUOUS
100
AcDbLine
 10
74.4624719999999911
 20
-86.3414420000000007
 30
0
 11
74.4489420000000024
 21
-86.3549719999999894
 31
0
  0
LINE
  5
52D
330
1A
100
AcDbEntity
  8
F.Courtyard
  6
CONTINUOUS
100
AcDbLine
 10
74.4489420000000024
 20
-86.3549719999999894
 30
0
 11
74.4393749999999983
 21
-86.3568750000000023
 31
0
  0
LINE
  5
52E
330
1A
100
AcDbEntity
  8
F.Courtyard
  6
CONTINUOUS
100
AcDbLine
 10
74.4393749999999983
 20
-86.3568750000000023
 30
0
 11
59.9393749999999983
 21
-86.3568750000000023
 31
0
  0
LINE
  5
52F
330
1A
100
AcDbEntity
  8
F.Courtyard
  6
CONTINUOUS
100
AcDbLine
 10
59.9393749999999983
 20
-86.3568750000000023
 30
0
 11
59.9298079999999942
 21
-86.3549719999999894
 31
0
  0
LINE
  5
530
330
1A
100
AcDbEntity
  8
F.Courtyard
  6
CONTINUOUS
100
AcDbLine
 10
59.9298079999999942
 20
-86.3549719999999894
 30
0
 11
59.9162779999999984
 21
-86.3414420000000007
 31
0
  0
LINE
  5
531
330
1A
100
AcDbEntity
  8
F.Courtyard
  6
CONTINUOUS
100
AcDbLine
 10
59.9162779999999984
 20
-86.3414420000000007
 30
0
 11
59.9143749999999997
 21
-86.3318749999999966
 31
0
  0
LINE
  5
532
330
1A
100
AcDbEntity
  8
F.Courtyard
  6
CONTINUOUS
100
AcDbLine
 10
59.9143749999999997
 20
-86.3318749999999966
 30
0
 11
59.9143749999999997
 21
-71.8318749999999966
 31
0
  0
LINE
  5
533
330
1A
100
AcDbEntity
  8
F.Courtyard
  6
CONTINUOUS
100
AcDbLine
 10
59.9143749999999997
 20
-71.8318749999999966
 30
0
 11
59.9162779999999984
 21
-71.8223079999999925
 31
0
  0
LINE
  5
534
330
1A
100
AcDbEntity
  8
F.Courtyard
  6
CONTINUOUS
100
AcDbLine
 10
59.9162779999999984
 20
-71.8223079999999925
 30
0
 11
59.9298079999999942
 21
-71.8087780000000038
 31
0
  0
LINE
  5
535
330
1A
100
AcDbEntity
  8
F.Courtyard
  6
CONTINUOUS
100
AcDbLine
 10
59.9298079999999942
 20
-71.8087780000000038
 30
0
 11
59.9393749999999983
 21
-71.8068749999999909
 31
0
  0
LINE
  5
536
330
1A
100
AcDbEntity
  8
F.Courtyard
  6
CONTINUOUS
100
AcDbLine
 10
59.9393749999999983
 20
-71.8068749999999909
 30
0
 11
74.4393749999999983
 21
-71.8068749999999909
 31
0
  0
LINE
  5
537
330
1A
100
AcDbEntity
  8
F.Courtyard
  6
CONTINUOUS
100
AcDbLine
 10
74.4393749999999983
 20
-71.8068749999999909
 30
0
 11
74.4489420000000024
 21
-71.8087780000000038
 31
0
  0
LINE
  5
538
330
1A
100
AcDbEntity
  8
F.Courtyard
  6
CONTINUOUS
100
AcDbLine
 10
59.9643749999999969
 20
-71.8568750000000023
 30
0
 11
59.9643749999999969
 21
-86.3068749999999909
 31
0
  0
LINE
  5
539
330
1A
100
AcDbEntity
  8
F.Courtyard
  6
CONTINUOUS
100
AcDbLine
 10
59.9643749999999969
 20
-86.3068749999999909
 30
0
 11
74.4143749999999926
 21
-86.3068749999999909
 31
0
  0
LINE
  5
53A
330
1A
100
AcDbEntity
  8
F.Courtyard
  6
CONTINUOUS
100
AcDbLine
 10
74.4143749999999926
 20
-86.3068749999999909
 30
0
 11
74.4143749999999926
 21
-71.8568750000000023
 31
0
  0
LINE
  5
53B
330
1A
100
AcDbEntity
  8
F.Courtyard
  6
CONTINUOUS
100
AcDbLine
 10
74.4143749999999926
 20
-71.8568750000000023
 30
0
 11
59.9643749999999969
 21
-71.8568750000000023
 31
0
  0
LINE
  5
53C
330
1A
100
AcDbEntity
  8
F.Courtyard
  6
CONTINUOUS
100
AcDbLine
 10
93.4989419999999996
 20
-71.8087780000000038
 30
0
 11
93.5124720000000025
 21
-71.8223079999999925
 31
0
  0
LINE
  5
53D
330
1A
100
AcDbEntity
  8
F.Courtyard
  6
CONTINUOUS
100
AcDbLine
 10
93.5124720000000025
 20
-71.8223079999999925
 30
0
 11
93.5143750000000011
 21
-71.8318749999999966
 31
0
  0
LINE
  5
53E
330
1A
100
AcDbEntity
  8
F.Courtyard
  6
CONTINUOUS
100
AcDbLine
 10
93.5143750000000011
 20
-71.8318749999999966
 30
0
 11
93.5143750000000011
 21
-86.3318749999999966
 31
0
  0
LINE
  5
53F
330
1A
100
AcDbEntity
  8
F.Courtyard
  6
CONTINUOUS
100
AcDbLine
 10
93.5143750000000011
 20
-86.3318749999999966
 30
0
 11
93.5124720000000025
 21
-86.3414420000000007
 31
0
  0
LINE
  5
540
330
1A
100
AcDbEntity
  8
F.Courtyard
  6
CONTINUOUS
100
AcDbLine
 10
93.5124720000000025
 20
-86.3414420000000007
 30
0
 11
93.4989419999999996
 21
-86.3549719999999894
 31
0
  0
LINE
  5
541
330
1A
100
AcDbEntity
  8
F.Courtyard
  6
CONTINUOUS
100
AcDbLine
 10
93.4989419999999996
 20
-86.3549719999999894
 30
0
 11
93.4893749999999955
 21
-86.3568750000000023
 31
0
  0
LINE
  5
542
330
1A
100
AcDbEntity
  8
F.Courtyard
  6
CONTINUOUS
100
AcDbLine
 10
93.4893749999999955
 20
-86.3568750000000023
 30
0
 11
78.9893749999999955
 21
-86.3568750000000023
 31
0
  0
LINE
  5
543
330
1A
100
AcDbEntity
  8
F.Courtyard
  6
CONTINUOUS
100
AcDbLine
 10
78.9893749999999955
 20
-86.3568750000000023
 30
0
 11
78.9798079999999914
 21
-86.3549719999999894
 31
0
  0
LINE
  5
544
330
1A
100
AcDbEntity
  8
F.Courtyard
  6
CONTINUOUS
100
AcDbLine
 10
78.9798079999999914
 20
-86.3549719999999894
 30
0
 11
78.9662780000000026
 21
-86.3414420000000007
 31
0
  0
LINE
  5
545
330
1A
100
AcDbEntity
  8
F.Courtyard
  6
CONTINUOUS
100
AcDbLine
 10
78.9662780000000026
 20
-86.3414420000000007
 30
0
 11
78.9643749999999898
 21
-86.3318749999999966
 31
0
  0
LINE
  5
546
330
1A
100
AcDbEntity
  8
F.Courtyard
  6
CONTINUOUS
100
AcDbLine
 10
78.9643749999999898
 20
-86.3318749999999966
 30
0
 11
78.9643749999999898
 21
-71.8318749999999966
 31
0
  0
LINE
  5
547
330
1A
100
AcDbEntity
  8
F.Courtyard
  6
CONTINUOUS
100
AcDbLine
 10
78.9643749999999898
 20
-71.8318749999999966
 30
0
 11
78.9662780000000026
 21
-71.8223079999999925
 31
0
  0
LINE
  5
548
330
1A
100
AcDbEntity
  8
F.Courtyard
  6
CONTINUOUS
100
AcDbLine
 10
78.9662780000000026
 20
-71.8223079999999925
 30
0
 11
78.9798079999999914
 21
-71.8087780000000038
 31
0
  0
LINE
  5
549
330
1A
100
AcDbEntity
  8
F.Courtyard
  6
CONTINUOUS
100
AcDbLine
 10
78.9798079999999914
 20
-71.8087780000000038
 30
0
 11
78.9893749999999955
 21
-71.8068749999999909
 31
0
  0
LINE
  5
54A
330
1A
100
AcDbEntity
  8
F.Courtyard
  6
CONTINUOUS
100
AcDbLine
 10
78.9893749999999955
 20
-71.8068749999999909
 30
0
 11
93.4893749999999955
 21
-71.8068749999999909
 31
0
  0
LINE
  5
54B
330
1A
100
AcDbEntity
  8
F.Courtyard
  6
CONTINUOUS
100
AcDbLine
 10
93.4893749999999955
 20
-71.8068749999999909
 30
0
 11
93.4989419999999996
 21
-71.8087780000000038
 31
0
  0
LINE
  5
54C
330
1A
100
AcDbEntity
  8
F.Courtyard
  6
CONTINUOUS
100
AcDbLine
 10
79.0143750000000011
 20
-71.8568750000000023
 30
0
 11
79.0143750000000011
 21
-86.3068749999999909
 31
0
  0
LINE
  5
54D
330
1A
100
AcDbEntity
  8
F.Courtyard
  6
CONTINUOUS
100
AcDbLine
 10
79.0143750000000011
 20
-86.3068749999999909
 30
0
 11
93.4643749999999898
 21
-86.3068749999999909
 31
0
  0
LINE
  5
54E
330
1A
100
AcDbEntity
  8
F.Courtyard
  6
CONTINUOUS
100
AcDbLine
 10
93.4643749999999898
 20
-86.3068749999999909
 30
0
 11
93.4643749999999898
 21
-71.8568750000000023
 31
0
  0
LINE
  5
54F
330
1A
100
AcDbEntity
  8
F.Courtyard
  6
CONTINUOUS
100
AcDbLine
 10
93.4643749999999898
 20
-71.8568750000000023
 30
0
 11
79.0143750000000011
 21
-71.8568750000000023
 31
0
  0
LINE
  5
550
330
1A
100
AcDbEntity
  8
F.Courtyard
  6
CONTINUOUS
100
AcDbLine
 10
112.5489419999999967
 20
-71.8087780000000038
 30
0
 11
112.5624719999999996
 21
-71.8223079999999925
 31
0
  0
LINE
  5
551
330
1A
100
AcDbEntity
  8
F.Courtyard
  6
CONTINUOUS
100
AcDbLine
 10
112.5624719999999996
 20
-71.8223079999999925
 30
0
 11
112.5643749999999983
 21
-71.8318749999999966
 31
0
  0
LINE
  5
552
330
1A
100
AcDbEntity
  8
F.Courtyard
  6
CONTINUOUS
100
AcDbLine
 10
112.5643749999999983
 20
-71.8318749999999966
 30
0
 11
112.5643749999999983
 21
-86.3318749999999966
 31
0
  0
LINE
  5
553
330
1A
100
AcDbEntity
  8
F.Courtyard
  6
CONTINUOUS
100
AcDbLine
 10
112.5643749999999983
 20
-86.3318749999999966
 30
0
 11
112.5624719999999996
 21
-86.3414420000000007
 31
0
  0
LINE
  5
554
330
1A
100
AcDbEntity
  8
F.Courtyard
  6
CONTINUOUS
100
AcDbLine
 10
112.5624719999999996
 20
-86.3414420000000007
 30
0
 11
112.5489419999999967
 21
-86.3549719999999894
 31
0
  0
LINE
  5
555
330
1A
100
AcDbEntity
  8
F.Courtyard
  6
CONTINUOUS
100
AcDbLine
 10
112.5489419999999967
 20
-86.3549719999999894
 30
0
 11
112.5393749999999926
 21
-86.3568750000000023
 31
0
  0
LINE
  5
556
330
1A
100
AcDbEntity
  8
F.Courtyard
  6
CONTINUOUS
100
AcDbLine
 10
112.5393749999999926
 20
-86.3568750000000023
 30
0
 11
98.0393749999999926
 21
-86.3568750000000023
 31
0
  0
LINE
  5
557
330
1A
100
AcDbEntity
  8
F.Courtyard
  6
CONTINUOUS
100
AcDbLine
 10
98.0393749999999926
 20
-86.3568750000000023
 30
0
 11
98.0298079999999885
 21
-86.3549719999999894
 31
0
  0
LINE
  5
558
330
1A
100
AcDbEntity
  8
F.Courtyard
  6
CONTINUOUS
100
AcDbLine
 10
98.0298079999999885
 20
-86.3549719999999894
 30
0
 11
98.0162779999999998
 21
-86.3414420000000007
 31
0
  0
LINE
  5
559
330
1A
100
AcDbEntity
  8
F.Courtyard
  6
CONTINUOUS
100
AcDbLine
 10
98.0162779999999998
 20
-86.3414420000000007
 30
0
 11
98.0143750000000011
 21
-86.3318749999999966
 31
0
  0
LINE
  5
55A
330
1A
100
AcDbEntity
  8
F.Courtyard
  6
CONTINUOUS
100
AcDbLine
 10
98.0143750000000011
 20
-86.3318749999999966
 30
0
 11
98.0143750000000011
 21
-71.8318749999999966
 31
0
  0
LINE
  5
55B
330
1A
100
AcDbEntity
  8
F.Courtyard
  6
CONTINUOUS
100
AcDbLine
 10
98.0143750000000011
 20
-71.8318749999999966
 30
0
 11
98.0162779999999998
 21
-71.8223079999999925
 31
0
  0
LINE
  5
55C
330
1A
100
AcDbEntity
  8
F.Courtyard
  6
CONTINUOUS
100
AcDbLine
 10
98.0162779999999998
 20
-71.8223079999999925
 30
0
 11
98.0298079999999885
 21
-71.8087780000000038
 31
0
  0
LINE
  5
55D
330
1A
100
AcDbEntity
  8
F.Courtyard
  6
CONTINUOUS
100
AcDbLine
 10
98.0298079999999885
 20
-71.8087780000000038
 30
0
 11
98.0393749999999926
 21
-71.8068749999999909
 31
0
  0
LINE
  5
55E
330
1A
100
AcDbEntity
  8
F.Courtyard
  6
CONTINUOUS
100
AcDbLine
 10
98.0393749999999926
 20
-71.8068749999999909
 30
0
 11
112.5393749999999926
 21
-71.8068749999999909
 31
0
  0
LINE
  5
55F
330
1A
100
AcDbEntity
  8
F.Courtyard
  6
CONTINUOUS
100
AcDbLine
 10
112.5393749999999926
 20
-71.8068749999999909
 30
0
 11
112.5489419999999967
 21
-71.8087780000000038
 31
0
  0
LINE
  5
560
330
1A
100
AcDbEntity
  8
F.Courtyard
  6
CONTINUOUS
100
AcDbLine
 10
98.0643749999999983
 20
-71.8568750000000023
 30
0
 11
98.0643749999999983
 21
-86.3068749999999909
 31
0
  0
LINE
  5
561
330
1A
100
AcDbEntity
  8
F.Courtyard
  6
CONTINUOUS
100
AcDbLine
 10
98.0643749999999983
 20
-86.3068749999999909
 30
0
 11
112.5143750000000011
 21
-86.3068749999999909
 31
0
  0
LINE
  5
562
330
1A
100
AcDbEntity
  8
F.Courtyard
  6
CONTINUOUS
100
AcDbLine
 10
112.5143750000000011
 20
-86.3068749999999909
 30
0
 11
112.5143750000000011
 21
-71.8568750000000023
 31
0
  0
LINE
  5
563
330
1A
100
AcDbEntity
  8
F.Courtyard
  6
CONTINUOUS
100
AcDbLine
 10
112.5143750000000011
 20
-71.8568750000000023
 30
0
 11
98.0643749999999983
 21
-71.8568750000000023
 31
0
  0
LINE
  5
564
330
1A
100
AcDbEntity
  8
F.Courtyard
  6
CONTINUOUS
100
AcDbLine
 10
131.5989419999999939
 20
-71.8087780000000038
 30
0
 11
131.6124719999999968
 21
-71.8223079999999925
 31
0
  0
LINE
  5
565
330
1A
100
AcDbEntity
  8
F.Courtyard
  6
CONTINUOUS
100
AcDbLine
 10
131.6124719999999968
 20
-71.8223079999999925
 30
0
 11
131.6143749999999955
 21
-71.8318749999999966
 31
0
  0
LINE
  5
566
330
1A
100
AcDbEntity
  8
F.Courtyard
  6
CONTINUOUS
100
AcDbLine
 10
131.6143749999999955
 20
-71.8318749999999966
 30
0
 11
131.6143749999999955
 21
-86.3318749999999966
 31
0
  0
LINE
  5
567
330
1A
100
AcDbEntity
  8
F.Courtyard
  6
CONTINUOUS
100
AcDbLine
 10
131.6143749999999955
 20
-86.3318749999999966
 30
0
 11
131.6124719999999968
 21
-86.3414420000000007
 31
0
  0
LINE
  5
568
330
1A
100
AcDbEntity
  8
F.Courtyard
  6
CONTINUOUS
100
AcDbLine
 10
131.6124719999999968
 20
-86.3414420000000007
 30
0
 11
131.5989419999999939
 21
-86.3549719999999894
 31
0
  0
LINE
  5
569
330
1A
100
AcDbEntity
  8
F.Courtyard
  6
CONTINUOUS
100
AcDbLine
 10
131.5989419999999939
 20
-86.3549719999999894
 30
0
 11
131.5893749999999898
 21
-86.3568750000000023
 31
0
  0
LINE
  5
56A
330
1A
100
AcDbEntity
  8
F.Courtyard
  6
CONTINUOUS
100
AcDbLine
 10
131.5893749999999898
 20
-86.3568750000000023
 30
0
 11
117.0893749999999898
 21
-86.3568750000000023
 31
0
  0
LINE
  5
56B
330
1A
100
AcDbEntity
  8
F.Courtyard
  6
CONTINUOUS
100
AcDbLine
 10
117.0893749999999898
 20
-86.3568750000000023
 30
0
 11
117.0798079999999999
 21
-86.3549719999999894
 31
0
  0
LINE
  5
56C
330
1A
100
AcDbEntity
  8
F.Courtyard
  6
CONTINUOUS
100
AcDbLine
 10
117.0798079999999999
 20
-86.3549719999999894
 30
0
 11
117.066277999999997
 21
-86.3414420000000007
 31
0
  0
LINE
  5
56D
330
1A
100
AcDbEntity
  8
F.Courtyard
  6
CONTINUOUS
100
AcDbLine
 10
117.066277999999997
 20
-86.3414420000000007
 30
0
 11
117.0643749999999983
 21
-86.3318749999999966
 31
0
  0
LINE
  5
56E
330
1A
100
AcDbEntity
  8
F.Courtyard
  6
CONTINUOUS
100
AcDbLine
 10
117.0643749999999983
 20
-86.3318749999999966
 30
0
 11
117.0643749999999983
 21
-71.8318749999999966
 31
0
  0
LINE
  5
56F
330
1A
100
AcDbEntity
  8
F.Courtyard
  6
CONTINUOUS
100
AcDbLine
 10
117.0643749999999983
 20
-71.8318749999999966
 30
0
 11
117.066277999999997
 21
-71.8223079999999925
 31
0
  0
LINE
  5
570
330
1A
100
AcDbEntity
  8
F.Courtyard
  6
CONTINUOUS
100
AcDbLine
 10
117.066277999999997
 20
-71.8223079999999925
 30
0
 11
117.0798079999999999
 21
-71.8087780000000038
 31
0
  0
LINE
  5
571
330
1A
100
AcDbEntity
  8
F.Courtyard
  6
CONTINUOUS
100
AcDbLine
 10
117.0798079999999999
 20
-71.8087780000000038
 30
0
 11
117.0893749999999898
 21
-71.8068749999999909
 31
0
  0
LINE
  5
572
330
1A
100
AcDbEntity
  8
F.Courtyard
  6
CONTINUOUS
100
AcDbLine
 10
117.0893749999999898
 20
-71.8068749999999909
 30
0
 11
131.5893749999999898
 21
-71.8068749999999909
 31
0
  0
LINE
  5
573
330
1A
100
AcDbEntity
  8
F.Courtyard
  6
CONTINUOUS
100
AcDbLine
 10
131.5893749999999898
 20
-71.8068749999999909
 30
0
 11
131.5989419999999939
 21
-71.8087780000000038
 31
0
  0
LINE
  5
574
330
1A
100
AcDbEntity
  8
F.Courtyard
  6
CONTINUOUS
100
AcDbLine
 10
117.1143749999999955
 20
-71.8568750000000023
 30
0
 11
117.1143749999999955
 21
-86.3068749999999909
 31
0
  0
LINE
  5
575
330
1A
100
AcDbEntity
  8
F.Courtyard
  6
CONTINUOUS
100
AcDbLine
 10
117.1143749999999955
 20
-86.3068749999999909
 30
0
 11
131.5643749999999841
 21
-86.3068749999999909
 31
0
  0
LINE
  5
576
330
1A
100
AcDbEntity
  8
F.Courtyard
  6
CONTINUOUS
100
AcDbLine
 10
131.5643749999999841
 20
-86.3068749999999909
 30
0
 11
131.5643749999999841
 21
-71.8568750000000023
 31
0
  0
LINE
  5
577
330
1A
100
AcDbEntity
  8
F.Courtyard
  6
CONTINUOUS
100
AcDbLine
 10
131.5643749999999841
 20
-71.8568750000000023
 30
0
 11
117.1143749999999955
 21
-71.8568750000000023
 31
0
  0
LINE
  5
578
330
1A
100
AcDbEntity
  8
F.Courtyard
  6
CONTINUOUS
100
AcDbLine
 10
150.6489420000000052
 20
-71.8087780000000038
 30
0
 11
150.6624719999999797
 21
-71.8223079999999925
 31
0
  0
LINE
  5
579
330
1A
100
AcDbEntity
  8
F.Courtyard
  6
CONTINUOUS
100
AcDbLine
 10
150.6624719999999797
 20
-71.8223079999999925
 30
0
 11
150.6643750000000068
 21
-71.8318749999999966
 31
0
  0
LINE
  5
57A
330
1A
100
AcDbEntity
  8
F.Courtyard
  6
CONTINUOUS
100
AcDbLine
 10
150.6643750000000068
 20
-71.8318749999999966
 30
0
 11
150.6643750000000068
 21
-86.3318749999999966
 31
0
  0
LINE
  5
57B
330
1A
100
AcDbEntity
  8
F.Courtyard
  6
CONTINUOUS
100
AcDbLine
 10
150.6643750000000068
 20
-86.3318749999999966
 30
0
 11
150.6624719999999797
 21
-86.3414420000000007
 31
0
  0
LINE
  5
57C
330
1A
100
AcDbEntity
  8
F.Courtyard
  6
CONTINUOUS
100
AcDbLine
 10
150.6624719999999797
 20
-86.3414420000000007
 30
0
 11
150.6489420000000052
 21
-86.3549719999999894
 31
0
  0
LINE
  5
57D
330
1A
100
AcDbEntity
  8
F.Courtyard
  6
CONTINUOUS
100
AcDbLine
 10
150.6489420000000052
 20
-86.3549719999999894
 30
0
 11
150.6393750000000011
 21
-86.3568750000000023
 31
0
  0
LINE
  5
57E
330
1A
100
AcDbEntity
  8
F.Courtyard
  6
CONTINUOUS
100
AcDbLine
 10
150.6393750000000011
 20
-86.3568750000000023
 30
0
 11
136.1393750000000011
 21
-86.3568750000000023
 31
0
  0
LINE
  5
57F
330
1A
100
AcDbEntity
  8
F.Courtyard
  6
CONTINUOUS
100
AcDbLine
 10
136.1393750000000011
 20
-86.3568750000000023
 30
0
 11
136.129807999999997
 21
-86.3549719999999894
 31
0
  0
LINE
  5
580
330
1A
100
AcDbEntity
  8
F.Courtyard
  6
CONTINUOUS
100
AcDbLine
 10
136.129807999999997
 20
-86.3549719999999894
 30
0
 11
136.1162779999999941
 21
-86.3414420000000007
 31
0
  0
LINE
  5
581
330
1A
100
AcDbEntity
  8
F.Courtyard
  6
CONTINUOUS
100
AcDbLine
 10
136.1162779999999941
 20
-86.3414420000000007
 30
0
 11
136.1143749999999955
 21
-86.3318749999999966
 31
0
  0
LINE
  5
582
330
1A
100
AcDbEntity
  8
F.Courtyard
  6
CONTINUOUS
100
AcDbLine
 10
136.1143749999999955
 20
-86.3318749999999966
 30
0
 11
136.1143749999999955
 21
-71.8318749999999966
 31
0
  0
LINE
  5
583
330
1A
100
AcDbEntity
  8
F.Courtyard
  6
CONTINUOUS
100
AcDbLine
 10
136.1143749999999955
 20
-71.8318749999999966
 30
0
 11
136.1162779999999941
 21
-71.8223079999999925
 31
0
  0
LINE
  5
584
330
1A
100
AcDbEntity
  8
F.Courtyard
  6
CONTINUOUS
100
AcDbLine
 10
136.1162779999999941
 20
-71.8223079999999925
 30
0
 11
136.129807999999997
 21
-71.8087780000000038
 31
0
  0
LINE
  5
585
330
1A
100
AcDbEntity
  8
F.Courtyard
  6
CONTINUOUS
100
AcDbLine
 10
136.129807999999997
 20
-71.8087780000000038
 30
0
 11
136.1393750000000011
 21
-71.8068749999999909
 31
0
  0
LINE
  5
586
330
1A
100
AcDbEntity
  8
F.Courtyard
  6
CONTINUOUS
100
AcDbLine
 10
136.1393750000000011
 20
-71.8068749999999909
 30
0
 11
150.6393750000000011
 21
-71.8068749999999909
 31
0
  0
LINE
  5
587
330
1A
100
AcDbEntity
  8
F.Courtyard
  6
CONTINUOUS
100
AcDbLine
 10
150.6393750000000011
 20
-71.8068749999999909
 30
0
 11
150.6489420000000052
 21
-71.8087780000000038
 31
0
  0
LINE
  5
588
330
1A
100
AcDbEntity
  8
F.Courtyard
  6
CONTINUOUS
100
AcDbLine
 10
136.1643750000000068
 20
-71.8568750000000023
 30
0
 11
136.1643750000000068
 21
-86.3068749999999909
 31
0
  0
LINE
  5
589
330
1A
100
AcDbEntity
  8
F.Courtyard
  6
CONTINUOUS
100
AcDbLine
 10
136.1643750000000068
 20
-86.3068749999999909
 30
0
 11
150.6143749999999955
 21
-86.3068749999999909
 31
0
  0
LINE
  5
58A
330
1A
100
AcDbEntity
  8
F.Courtyard
  6
CONTINUOUS
100
AcDbLine
 10
150.6143749999999955
 20
-86.3068749999999909
 30
0
 11
150.6143749999999955
 21
-71.8568750000000023
 31
0
  0
LINE
  5
58B
330
1A
100
AcDbEntity
  8
F.Courtyard
  6
CONTINUOUS
100
AcDbLine
 10
150.6143749999999955
 20
-71.8568750000000023
 30
0
 11
136.1643750000000068
 21
-71.8568750000000023
 31
0
  0
LINE
  5
58C
330
1A
100
AcDbEntity
  8
F.Courtyard
  6
CONTINUOUS
100
AcDbLine
 10
169.6989419999999882
 20
-71.8087780000000038
 30
0
 11
169.7124719999999911
 21
-71.8223079999999925
 31
0
  0
LINE
  5
58D
330
1A
100
AcDbEntity
  8
F.Courtyard
  6
CONTINUOUS
100
AcDbLine
 10
169.7124719999999911
 20
-71.8223079999999925
 30
0
 11
169.7143749999999898
 21
-71.8318749999999966
 31
0
  0
LINE
  5
58E
330
1A
100
AcDbEntity
  8
F.Courtyard
  6
CONTINUOUS
100
AcDbLine
 10
169.7143749999999898
 20
-71.8318749999999966
 30
0
 11
169.7143749999999898
 21
-86.3318749999999966
 31
0
  0
LINE
  5
58F
330
1A
100
AcDbEntity
  8
F.Courtyard
  6
CONTINUOUS
100
AcDbLine
 10
169.7143749999999898
 20
-86.3318749999999966
 30
0
 11
169.7124719999999911
 21
-86.3414420000000007
 31
0
  0
LINE
  5
590
330
1A
100
AcDbEntity
  8
F.Courtyard
  6
CONTINUOUS
100
AcDbLine
 10
169.7124719999999911
 20
-86.3414420000000007
 30
0
 11
169.6989419999999882
 21
-86.3549719999999894
 31
0
  0
LINE
  5
591
330
1A
100
AcDbEntity
  8
F.Courtyard
  6
CONTINUOUS
100
AcDbLine
 10
169.6989419999999882
 20
-86.3549719999999894
 30
0
 11
169.6893749999999841
 21
-86.3568750000000023
 31
0
  0
LINE
  5
592
330
1A
100
AcDbEntity
  8
F.Courtyard
  6
CONTINUOUS
100
AcDbLine
 10
169.6893749999999841
 20
-86.3568750000000023
 30
0
 11
155.1893749999999841
 21
-86.3568750000000023
 31
0
  0
LINE
  5
593
330
1A
100
AcDbEntity
  8
F.Courtyard
  6
CONTINUOUS
100
AcDbLine
 10
155.1893749999999841
 20
-86.3568750000000023
 30
0
 11
155.17980799999998
 21
-86.3549719999999894
 31
0
  0
LINE
  5
594
330
1A
100
AcDbEntity
  8
F.Courtyard
  6
CONTINUOUS
100
AcDbLine
 10
155.17980799999998
 20
-86.3549719999999894
 30
0
 11
155.1662780000000055
 21
-86.3414420000000007
 31
0
  0
LINE
  5
595
330
1A
100
AcDbEntity
  8
F.Courtyard
  6
CONTINUOUS
100
AcDbLine
 10
155.1662780000000055
 20
-86.3414420000000007
 30
0
 11
155.1643750000000068
 21
-86.3318749999999966
 31
0
  0
LINE
  5
596
330
1A
100
AcDbEntity
  8
F.Courtyard
  6
CONTINUOUS
100
AcDbLine
 10
155.1643750000000068
 20
-86.3318749999999966
 30
0
 11
155.1643750000000068
 21
-71.8318749999999966
 31
0
  0
LINE
  5
597
330
1A
100
AcDbEntity
  8
F.Courtyard
  6
CONTINUOUS
100
AcDbLine
 10
155.1643750000000068
 20
-71.8318749999999966
 30
0
 11
155.1662780000000055
 21
-71.8223079999999925
 31
0
  0
LINE
  5
598
330
1A
100
AcDbEntity
  8
F.Courtyard
  6
CONTINUOUS
100
AcDbLine
 10
155.1662780000000055
 20
-71.8223079999999925
 30
0
 11
155.17980799999998
 21
-71.8087780000000038
 31
0
  0
LINE
  5
599
330
1A
100
AcDbEntity
  8
F.Courtyard
  6
CONTINUOUS
100
AcDbLine
 10
155.17980799999998
 20
-71.8087780000000038
 30
0
 11
155.1893749999999841
 21
-71.8068749999999909
 31
0
  0
LINE
  5
59A
330
1A
100
AcDbEntity
  8
F.Courtyard
  6
CONTINUOUS
100
AcDbLine
 10
155.1893749999999841
 20
-71.8068749999999909
 30
0
 11
169.6893749999999841
 21
-71.8068749999999909
 31
0
  0
LINE
  5
59B
330
1A
100
AcDbEntity
  8
F.Courtyard
  6
CONTINUOUS
100
AcDbLine
 10
169.6893749999999841
 20
-71.8068749999999909
 30
0
 11
169.6989419999999882
 21
-71.8087780000000038
 31
0
  0
LINE
  5
59C
330
1A
100
AcDbEntity
  8
F.Courtyard
  6
CONTINUOUS
100
AcDbLine
 10
155.2143749999999898
 20
-71.8568750000000023
 30
0
 11
155.2143749999999898
 21
-86.3068749999999909
 31
0
  0
LINE
  5
59D
330
1A
100
AcDbEntity
  8
F.Courtyard
  6
CONTINUOUS
100
AcDbLine
 10
155.2143749999999898
 20
-86.3068749999999909
 30
0
 11
169.6643749999999784
 21
-86.3068749999999909
 31
0
  0
LINE
  5
59E
330
1A
100
AcDbEntity
  8
F.Courtyard
  6
CONTINUOUS
100
AcDbLine
 10
169.6643749999999784
 20
-86.3068749999999909
 30
0
 11
169.6643749999999784
 21
-71.8568750000000023
 31
0
  0
LINE
  5
59F
330
1A
100
AcDbEntity
  8
F.Courtyard
  6
CONTINUOUS
100
AcDbLine
 10
169.6643749999999784
 20
-71.8568750000000023
 30
0
 11
155.2143749999999898
 21
-71.8568750000000023
 31
0
  0
LINE
  5
5A0
330
1A
100
AcDbEntity
  8
F.Courtyard
  6
CONTINUOUS
100
AcDbLine
 10
188.7489419999999996
 20
-71.8087780000000038
 30
0
 11
188.7624720000000025
 21
-71.8223079999999925
 31
0
  0
LINE
  5
5A1
330
1A
100
AcDbEntity
  8
F.Courtyard
  6
CONTINUOUS
100
AcDbLine
 10
188.7624720000000025
 20
-71.8223079999999925
 30
0
 11
188.7643750000000011
 21
-71.8318749999999966
 31
0
  0
LINE
  5
5A2
330
1A
100
AcDbEntity
  8
F.Courtyard
  6
CONTINUOUS
100
AcDbLine
 10
188.7643750000000011
 20
-71.8318749999999966
 30
0
 11
188.7643750000000011
 21
-86.3318749999999966
 31
0
  0
LINE
  5
5A3
330
1A
100
AcDbEntity
  8
F.Courtyard
  6
CONTINUOUS
100
AcDbLine
 10
188.7643750000000011
 20
-86.3318749999999966
 30
0
 11
188.7624720000000025
 21
-86.3414420000000007
 31
0
  0
LINE
  5
5A4
330
1A
100
AcDbEntity
  8
F.Courtyard
  6
CONTINUOUS
100
AcDbLine
 10
188.7624720000000025
 20
-86.3414420000000007
 30
0
 11
188.7489419999999996
 21
-86.3549719999999894
 31
0
  0
LINE
  5
5A5
330
1A
100
AcDbEntity
  8
F.Courtyard
  6
CONTINUOUS
100
AcDbLine
 10
188.7489419999999996
 20
-86.3549719999999894
 30
0
 11
188.7393749999999955
 21
-86.3568750000000023
 31
0
  0
LINE
  5
5A6
330
1A
100
AcDbEntity
  8
F.Courtyard
  6
CONTINUOUS
100
AcDbLine
 10
188.7393749999999955
 20
-86.3568750000000023
 30
0
 11
174.2393749999999955
 21
-86.3568750000000023
 31
0
  0
LINE
  5
5A7
330
1A
100
AcDbEntity
  8
F.Courtyard
  6
CONTINUOUS
100
AcDbLine
 10
174.2393749999999955
 20
-86.3568750000000023
 30
0
 11
174.2298079999999914
 21
-86.3549719999999894
 31
0
  0
LINE
  5
5A8
330
1A
100
AcDbEntity
  8
F.Courtyard
  6
CONTINUOUS
100
AcDbLine
 10
174.2298079999999914
 20
-86.3549719999999894
 30
0
 11
174.2162779999999884
 21
-86.3414420000000007
 31
0
  0
LINE
  5
5A9
330
1A
100
AcDbEntity
  8
F.Courtyard
  6
CONTINUOUS
100
AcDbLine
 10
174.2162779999999884
 20
-86.3414420000000007
 30
0
 11
174.2143749999999898
 21
-86.3318749999999966
 31
0
  0
LINE
  5
5AA
330
1A
100
AcDbEntity
  8
F.Courtyard
  6
CONTINUOUS
100
AcDbLine
 10
174.2143749999999898
 20
-86.3318749999999966
 30
0
 11
174.2143749999999898
 21
-71.8318749999999966
 31
0
  0
LINE
  5
5AB
330
1A
100
AcDbEntity
  8
F.Courtyard
  6
CONTINUOUS
100
AcDbLine
 10
174.2143749999999898
 20
-71.8318749999999966
 30
0
 11
174.2162779999999884
 21
-71.8223079999999925
 31
0
  0
LINE
  5
5AC
330
1A
100
AcDbEntity
  8
F.Courtyard
  6
CONTINUOUS
100
AcDbLine
 10
174.2162779999999884
 20
-71.8223079999999925
 30
0
 11
174.2298079999999914
 21
-71.8087780000000038
 31
0
  0
LINE
  5
5AD
330
1A
100
AcDbEntity
  8
F.Courtyard
  6
CONTINUOUS
100
AcDbLine
 10
174.2298079999999914
 20
-71.8087780000000038
 30
0
 11
174.2393749999999955
 21
-71.8068749999999909
 31
0
  0
LINE
  5
5AE
330
1A
100
AcDbEntity
  8
F.Courtyard
  6
CONTINUOUS
100
AcDbLine
 10
174.2393749999999955
 20
-71.8068749999999909
 30
0
 11
188.7393749999999955
 21
-71.8068749999999909
 31
0
  0
LINE
  5
5AF
330
1A
100
AcDbEntity
  8
F.Courtyard
  6
CONTINUOUS
100
AcDbLine
 10
188.7393749999999955
 20
-71.8068749999999909
 30
0
 11
188.7489419999999996
 21
-71.8087780000000038
 31
0
  0
LINE
  5
5B0
330
1A
100
AcDbEntity
  8
F.Courtyard
  6
CONTINUOUS
100
AcDbLine
 10
174.2643750000000011
 20
-71.8568750000000023
 30
0
 11
174.2643750000000011
 21
-86.3068749999999909
 31
0
  0
LINE
  5
5B1
330
1A
100
AcDbEntity
  8
F.Courtyard
  6
CONTINUOUS
100
AcDbLine
 10
174.2643750000000011
 20
-86.3068749999999909
 30
0
 11
188.7143749999999898
 21
-86.3068749999999909
 31
0
  0
LINE
  5
5B2
330
1A
100
AcDbEntity
  8
F.Courtyard
  6
CONTINUOUS
100
AcDbLine
 10
188.7143749999999898
 20
-86.3068749999999909
 30
0
 11
188.7143749999999898
 21
-71.8568750000000023
 31
0
  0
LINE
  5
5B3
330
1A
100
AcDbEntity
  8
F.Courtyard
  6
CONTINUOUS
100
AcDbLine
 10
188.7143749999999898
 20
-71.8568750000000023
 30
0
 11
174.2643750000000011
 21
-71.8568750000000023
 31
0
  0
LINE
  5
5B4
330
1A
100
AcDbEntity
  8
F.Courtyard
  6
CONTINUOUS
100
AcDbLine
 10
207.7989419999999825
 20
-71.8087780000000038
 30
0
 11
207.8124719999999854
 21
-71.8223079999999925
 31
0
  0
LINE
  5
5B5
330
1A
100
AcDbEntity
  8
F.Courtyard
  6
CONTINUOUS
100
AcDbLine
 10
207.8124719999999854
 20
-71.8223079999999925
 30
0
 11
207.8143749999999841
 21
-71.8318749999999966
 31
0
  0
LINE
  5
5B6
330
1A
100
AcDbEntity
  8
F.Courtyard
  6
CONTINUOUS
100
AcDbLine
 10
207.8143749999999841
 20
-71.8318749999999966
 30
0
 11
207.8143749999999841
 21
-86.3318749999999966
 31
0
  0
LINE
  5
5B7
330
1A
100
AcDbEntity
  8
F.Courtyard
  6
CONTINUOUS
100
AcDbLine
 10
207.8143749999999841
 20
-86.3318749999999966
 30
0
 11
207.8124719999999854
 21
-86.3414420000000007
 31
0
  0
LINE
  5
5B8
330
1A
100
AcDbEntity
  8
F.Courtyard
  6
CONTINUOUS
100
AcDbLine
 10
207.8124719999999854
 20
-86.3414420000000007
 30
0
 11
207.7989419999999825
 21
-86.3549719999999894
 31
0
  0
LINE
  5
5B9
330
1A
100
AcDbEntity
  8
F.Courtyard
  6
CONTINUOUS
100
AcDbLine
 10
207.7989419999999825
 20
-86.3549719999999894
 30
0
 11
207.7893749999999784
 21
-86.3568750000000023
 31
0
  0
LINE
  5
5BA
330
1A
100
AcDbEntity
  8
F.Courtyard
  6
CONTINUOUS
100
AcDbLine
 10
207.7893749999999784
 20
-86.3568750000000023
 30
0
 11
193.2893749999999784
 21
-86.3568750000000023
 31
0
  0
LINE
  5
5BB
330
1A
100
AcDbEntity
  8
F.Courtyard
  6
CONTINUOUS
100
AcDbLine
 10
193.2893749999999784
 20
-86.3568750000000023
 30
0
 11
193.2798080000000027
 21
-86.3549719999999894
 31
0
  0
LINE
  5
5BC
330
1A
100
AcDbEntity
  8
F.Courtyard
  6
CONTINUOUS
100
AcDbLine
 10
193.2798080000000027
 20
-86.3549719999999894
 30
0
 11
193.2662779999999998
 21
-86.3414420000000007
 31
0
  0
LINE
  5
5BD
330
1A
100
AcDbEntity
  8
F.Courtyard
  6
CONTINUOUS
100
AcDbLine
 10
193.2662779999999998
 20
-86.3414420000000007
 30
0
 11
193.2643750000000011
 21
-86.3318749999999966
 31
0
  0
LINE
  5
5BE
330
1A
100
AcDbEntity
  8
F.Courtyard
  6
CONTINUOUS
100
AcDbLine
 10
193.2643750000000011
 20
-86.3318749999999966
 30
0
 11
193.2643750000000011
 21
-71.8318749999999966
 31
0
  0
LINE
  5
5BF
330
1A
100
AcDbEntity
  8
F.Courtyard
  6
CONTINUOUS
100
AcDbLine
 10
193.2643750000000011
 20
-71.8318749999999966
 30
0
 11
193.2662779999999998
 21
-71.8223079999999925
 31
0
  0
LINE
  5
5C0
330
1A
100
AcDbEntity
  8
F.Courtyard
  6
CONTINUOUS
100
AcDbLine
 10
193.2662779999999998
 20
-71.8223079999999925
 30
0
 11
193.2798080000000027
 21
-71.8087780000000038
 31
0
  0
LINE
  5
5C1
330
1A
100
AcDbEntity
  8
F.Courtyard
  6
CONTINUOUS
100
AcDbLine
 10
193.2798080000000027
 20
-71.8087780000000038
 30
0
 11
193.2893749999999784
 21
-71.8068749999999909
 31
0
  0
LINE
  5
5C2
330
1A
100
AcDbEntity
  8
F.Courtyard
  6
CONTINUOUS
100
AcDbLine
 10
193.2893749999999784
 20
-71.8068749999999909
 30
0
 11
207.7893749999999784
 21
-71.8068749999999909
 31
0
  0
LINE
  5
5C3
330
1A
100
AcDbEntity
  8
F.Courtyard
  6
CONTINUOUS
100
AcDbLine
 10
207.7893749999999784
 20
-71.8068749999999909
 30
0
 11
207.7989419999999825
 21
-71.8087780000000038
 31
0
  0
LINE
  5
5C4
330
1A
100
AcDbEntity
  8
F.Courtyard
  6
CONTINUOUS
100
AcDbLine
 10
193.3143749999999841
 20
-71.8568750000000023
 30
0
 11
193.3143749999999841
 21
-86.3068749999999909
 31
0
  0
LINE
  5
5C5
330
1A
100
AcDbEntity
  8
F.Courtyard
  6
CONTINUOUS
100
AcDbLine
 10
193.3143749999999841
 20
-86.3068749999999909
 30
0
 11
207.7643750000000011
 21
-86.3068749999999909
 31
0
  0
LINE
  5
5C6
330
1A
100
AcDbEntity
  8
F.Courtyard
  6
CONTINUOUS
100
AcDbLine
 10
207.7643750000000011
 20
-86.3068749999999909
 30
0
 11
207.7643750000000011
 21
-71.8568750000000023
 31
0
  0
LINE
  5
5C7
330
1A
100
AcDbEntity
  8
F.Courtyard
  6
CONTINUOUS
100
AcDbLine
 10
207.7643750000000011
 20
-71.8568750000000023
 30
0
 11
193.3143749999999841
 21
-71.8568750000000023
 31
0
  0
LINE
  5
5C8
330
1A
100
AcDbEntity
  8
F.Courtyard
  6
CONTINUOUS
100
AcDbLine
 10
226.8489419999999939
 20
-71.8087780000000038
 30
0
 11
226.8624719999999968
 21
-71.8223079999999925
 31
0
  0
LINE
  5
5C9
330
1A
100
AcDbEntity
  8
F.Courtyard
  6
CONTINUOUS
100
AcDbLine
 10
226.8624719999999968
 20
-71.8223079999999925
 30
0
 11
226.8643749999999955
 21
-71.8318749999999966
 31
0
  0
LINE
  5
5CA
330
1A
100
AcDbEntity
  8
F.Courtyard
  6
CONTINUOUS
100
AcDbLine
 10
226.8643749999999955
 20
-71.8318749999999966
 30
0
 11
226.8643749999999955
 21
-86.3318749999999966
 31
0
  0
LINE
  5
5CB
330
1A
100
AcDbEntity
  8
F.Courtyard
  6
CONTINUOUS
100
AcDbLine
 10
226.8643749999999955
 20
-86.3318749999999966
 30
0
 11
226.8624719999999968
 21
-86.3414420000000007
 31
0
  0
LINE
  5
5CC
330
1A
100
AcDbEntity
  8
F.Courtyard
  6
CONTINUOUS
100
AcDbLine
 10
226.8624719999999968
 20
-86.3414420000000007
 30
0
 11
226.8489419999999939
 21
-86.3549719999999894
 31
0
  0
LINE
  5
5CD
330
1A
100
AcDbEntity
  8
F.Courtyard
  6
CONTINUOUS
100
AcDbLine
 10
226.8489419999999939
 20
-86.3549719999999894
 30
0
 11
226.8393749999999898
 21
-86.3568750000000023
 31
0
  0
LINE
  5
5CE
330
1A
100
AcDbEntity
  8
F.Courtyard
  6
CONTINUOUS
100
AcDbLine
 10
226.8393749999999898
 20
-86.3568750000000023
 30
0
 11
212.3393749999999898
 21
-86.3568750000000023
 31
0
  0
LINE
  5
5CF
330
1A
100
AcDbEntity
  8
F.Courtyard
  6
CONTINUOUS
100
AcDbLine
 10
212.3393749999999898
 20
-86.3568750000000023
 30
0
 11
212.3298079999999857
 21
-86.3549719999999894
 31
0
  0
LINE
  5
5D0
330
1A
100
AcDbEntity
  8
F.Courtyard
  6
CONTINUOUS
100
AcDbLine
 10
212.3298079999999857
 20
-86.3549719999999894
 30
0
 11
212.3162779999999827
 21
-86.3414420000000007
 31
0
  0
LINE
  5
5D1
330
1A
100
AcDbEntity
  8
F.Courtyard
  6
CONTINUOUS
100
AcDbLine
 10
212.3162779999999827
 20
-86.3414420000000007
 30
0
 11
212.3143749999999841
 21
-86.3318749999999966
 31
0
  0
LINE
  5
5D2
330
1A
100
AcDbEntity
  8
F.Courtyard
  6
CONTINUOUS
100
AcDbLine
 10
212.3143749999999841
 20
-86.3318749999999966
 30
0
 11
212.3143749999999841
 21
-71.8318749999999966
 31
0
  0
LINE
  5
5D3
330
1A
100
AcDbEntity
  8
F.Courtyard
  6
CONTINUOUS
100
AcDbLine
 10
212.3143749999999841
 20
-71.8318749999999966
 30
0
 11
212.3162779999999827
 21
-71.8223079999999925
 31
0
  0
LINE
  5
5D4
330
1A
100
AcDbEntity
  8
F.Courtyard
  6
CONTINUOUS
100
AcDbLine
 10
212.3162779999999827
 20
-71.8223079999999925
 30
0
 11
212.3298079999999857
 21
-71.8087780000000038
 31
0
  0
LINE
  5
5D5
330
1A
100
AcDbEntity
  8
F.Courtyard
  6
CONTINUOUS
100
AcDbLine
 10
212.3298079999999857
 20
-71.8087780000000038
 30
0
 11
212.3393749999999898
 21
-71.8068749999999909
 31
0
  0
LINE
  5
5D6
330
1A
100
AcDbEntity
  8
F.Courtyard
  6
CONTINUOUS
100
AcDbLine
 10
212.3393749999999898
 20
-71.8068749999999909
 30
0
 11
226.8393749999999898
 21
-71.8068749999999909
 31
0
  0
LINE
  5
5D7
330
1A
100
AcDbEntity
  8
F.Courtyard
  6
CONTINUOUS
100
AcDbLine
 10
226.8393749999999898
 20
-71.8068749999999909
 30
0
 11
226.8489419999999939
 21
-71.8087780000000038
 31
0
  0
LINE
  5
5D8
330
1A
100
AcDbEntity
  8
F.Courtyard
  6
CONTINUOUS
100
AcDbLine
 10
212.3643749999999955
 20
-71.8568750000000023
 30
0
 11
212.3643749999999955
 21
-86.3068749999999909
 31
0
  0
LINE
  5
5D9
330
1A
100
AcDbEntity
  8
F.Courtyard
  6
CONTINUOUS
100
AcDbLine
 10
212.3643749999999955
 20
-86.3068749999999909
 30
0
 11
226.8143749999999841
 21
-86.3068749999999909
 31
0
  0
LINE
  5
5DA
330
1A
100
AcDbEntity
  8
F.Courtyard
  6
CONTINUOUS
100
AcDbLine
 10
226.8143749999999841
 20
-86.3068749999999909
 30
0
 11
226.8143749999999841
 21
-71.8568750000000023
 31
0
  0
LINE
  5
5DB
330
1A
100
AcDbEntity
  8
F.Courtyard
  6
CONTINUOUS
100
AcDbLine
 10
226.8143749999999841
 20
-71.8568750000000023
 30
0
 11
212.3643749999999955
 21
-71.8568750000000023
 31
0
  0
LINE
  5
5DC
330
1A
100
AcDbEntity
  8
F.Courtyard
  6
CONTINUOUS
100
AcDbLine
 10
245.8989419999999768
 20
-71.8087780000000038
 30
0
 11
245.9124719999999797
 21
-71.8223079999999925
 31
0
  0
LINE
  5
5DD
330
1A
100
AcDbEntity
  8
F.Courtyard
  6
CONTINUOUS
100
AcDbLine
 10
245.9124719999999797
 20
-71.8223079999999925
 30
0
 11
245.9143749999999784
 21
-71.8318749999999966
 31
0
  0
LINE
  5
5DE
330
1A
100
AcDbEntity
  8
F.Courtyard
  6
CONTINUOUS
100
AcDbLine
 10
245.9143749999999784
 20
-71.8318749999999966
 30
0
 11
245.9143749999999784
 21
-86.3318749999999966
 31
0
  0
LINE
  5
5DF
330
1A
100
AcDbEntity
  8
F.Courtyard
  6
CONTINUOUS
100
AcDbLine
 10
245.9143749999999784
 20
-86.3318749999999966
 30
0
 11
245.9124719999999797
 21
-86.3414420000000007
 31
0
  0
LINE
  5
5E0
330
1A
100
AcDbEntity
  8
F.Courtyard
  6
CONTINUOUS
100
AcDbLine
 10
245.9124719999999797
 20
-86.3414420000000007
 30
0
 11
245.8989419999999768
 21
-86.3549719999999894
 31
0
  0
LINE
  5
5E1
330
1A
100
AcDbEntity
  8
F.Courtyard
  6
CONTINUOUS
100
AcDbLine
 10
245.8989419999999768
 20
-86.3549719999999894
 30
0
 11
245.8893750000000011
 21
-86.3568750000000023
 31
0
  0
LINE
  5
5E2
330
1A
100
AcDbEntity
  8
F.Courtyard
  6
CONTINUOUS
100
AcDbLine
 10
245.8893750000000011
 20
-86.3568750000000023
 30
0
 11
231.3893750000000011
 21
-86.3568750000000023
 31
0
  0
LINE
  5
5E3
330
1A
100
AcDbEntity
  8
F.Courtyard
  6
CONTINUOUS
100
AcDbLine
 10
231.3893750000000011
 20
-86.3568750000000023
 30
0
 11
231.379807999999997
 21
-86.3549719999999894
 31
0
  0
LINE
  5
5E4
330
1A
100
AcDbEntity
  8
F.Courtyard
  6
CONTINUOUS
100
AcDbLine
 10
231.379807999999997
 20
-86.3549719999999894
 30
0
 11
231.3662779999999941
 21
-86.3414420000000007
 31
0
  0
LINE
  5
5E5
330
1A
100
AcDbEntity
  8
F.Courtyard
  6
CONTINUOUS
100
AcDbLine
 10
231.3662779999999941
 20
-86.3414420000000007
 30
0
 11
231.3643749999999955
 21
-86.3318749999999966
 31
0
  0
LINE
  5
5E6
330
1A
100
AcDbEntity
  8
F.Courtyard
  6
CONTINUOUS
100
AcDbLine
 10
231.3643749999999955
 20
-86.3318749999999966
 30
0
 11
231.3643749999999955
 21
-71.8318749999999966
 31
0
  0
LINE
  5
5E7
330
1A
100
AcDbEntity
  8
F.Courtyard
  6
CONTINUOUS
100
AcDbLine
 10
231.3643749999999955
 20
-71.8318749999999966
 30
0
 11
231.3662779999999941
 21
-71.8223079999999925
 31
0
  0
LINE
  5
5E8
330
1A
100
AcDbEntity
  8
F.Courtyard
  6
CONTINUOUS
100
AcDbLine
 10
231.3662779999999941
 20
-71.8223079999999925
 30
0
 11
231.379807999999997
 21
-71.8087780000000038
 31
0
  0
LINE
  5
5E9
330
1A
100
AcDbEntity
  8
F.Courtyard
  6
CONTINUOUS
100
AcDbLine
 10
231.379807999999997
 20
-71.8087780000000038
 30
0
 11
231.3893750000000011
 21
-71.8068749999999909
 31
0
  0
LINE
  5
5EA
330
1A
100
AcDbEntity
  8
F.Courtyard
  6
CONTINUOUS
100
AcDbLine
 10
231.3893750000000011
 20
-71.8068749999999909
 30
0
 11
245.8893750000000011
 21
-71.8068749999999909
 31
0
  0
LINE
  5
5EB
330
1A
100
AcDbEntity
  8
F.Courtyard
  6
CONTINUOUS
100
AcDbLine
 10
245.8893750000000011
 20
-71.8068749999999909
 30
0
 11
245.8989419999999768
 21
-71.8087780000000038
 31
0
  0
LINE
  5
5EC
330
1A
100
AcDbEntity
  8
F.Courtyard
  6
CONTINUOUS
100
AcDbLine
 10
231.4143749999999784
 20
-71.8568750000000023
 30
0
 11
231.4143749999999784
 21
-86.3068749999999909
 31
0
  0
LINE
  5
5ED
330
1A
100
AcDbEntity
  8
F.Courtyard
  6
CONTINUOUS
100
AcDbLine
 10
231.4143749999999784
 20
-86.3068749999999909
 30
0
 11
245.8643749999999955
 21
-86.3068749999999909
 31
0
  0
LINE
  5
5EE
330
1A
100
AcDbEntity
  8
F.Courtyard
  6
CONTINUOUS
100
AcDbLine
 10
245.8643749999999955
 20
-86.3068749999999909
 30
0
 11
245.8643749999999955
 21
-71.8568750000000023
 31
0
  0
LINE
  5
5EF
330
1A
100
AcDbEntity
  8
F.Courtyard
  6
CONTINUOUS
100
AcDbLine
 10
245.8643749999999955
 20
-71.8568750000000023
 30
0
 11
231.4143749999999784
 21
-71.8568750000000023
 31
0
  0
LINE
  5
5F0
330
1A
100
AcDbEntity
  8
F.Courtyard
  6
CONTINUOUS
100
AcDbLine
 10
264.9489419999999882
 20
-71.8087780000000038
 30
0
 11
264.9624719999999911
 21
-71.8223079999999925
 31
0
  0
LINE
  5
5F1
330
1A
100
AcDbEntity
  8
F.Courtyard
  6
CONTINUOUS
100
AcDbLine
 10
264.9624719999999911
 20
-71.8223079999999925
 30
0
 11
264.9643749999999613
 21
-71.8318749999999966
 31
0
  0
LINE
  5
5F2
330
1A
100
AcDbEntity
  8
F.Courtyard
  6
CONTINUOUS
100
AcDbLine
 10
264.9643749999999613
 20
-71.8318749999999966
 30
0
 11
264.9643749999999613
 21
-86.3318749999999966
 31
0
  0
LINE
  5
5F3
330
1A
100
AcDbEntity
  8
F.Courtyard
  6
CONTINUOUS
100
AcDbLine
 10
264.9643749999999613
 20
-86.3318749999999966
 30
0
 11
264.9624719999999911
 21
-86.3414420000000007
 31
0
  0
LINE
  5
5F4
330
1A
100
AcDbEntity
  8
F.Courtyard
  6
CONTINUOUS
100
AcDbLine
 10
264.9624719999999911
 20
-86.3414420000000007
 30
0
 11
264.9489419999999882
 21
-86.3549719999999894
 31
0
  0
LINE
  5
5F5
330
1A
100
AcDbEntity
  8
F.Courtyard
  6
CONTINUOUS
100
AcDbLine
 10
264.9489419999999882
 20
-86.3549719999999894
 30
0
 11
264.9393749999999841
 21
-86.3568750000000023
 31
0
  0
LINE
  5
5F6
330
1A
100
AcDbEntity
  8
F.Courtyard
  6
CONTINUOUS
100
AcDbLine
 10
264.9393749999999841
 20
-86.3568750000000023
 30
0
 11
250.4393749999999841
 21
-86.3568750000000023
 31
0
  0
LINE
  5
5F7
330
1A
100
AcDbEntity
  8
F.Courtyard
  6
CONTINUOUS
100
AcDbLine
 10
250.4393749999999841
 20
-86.3568750000000023
 30
0
 11
250.42980799999998
 21
-86.3549719999999894
 31
0
  0
LINE
  5
5F8
330
1A
100
AcDbEntity
  8
F.Courtyard
  6
CONTINUOUS
100
AcDbLine
 10
250.42980799999998
 20
-86.3549719999999894
 30
0
 11
250.4162779999999771
 21
-86.3414420000000007
 31
0
  0
LINE
  5
5F9
330
1A
100
AcDbEntity
  8
F.Courtyard
  6
CONTINUOUS
100
AcDbLine
 10
250.4162779999999771
 20
-86.3414420000000007
 30
0
 11
250.4143749999999784
 21
-86.3318749999999966
 31
0
  0
LINE
  5
5FA
330
1A
100
AcDbEntity
  8
F.Courtyard
  6
CONTINUOUS
100
AcDbLine
 10
250.4143749999999784
 20
-86.3318749999999966
 30
0
 11
250.4143749999999784
 21
-71.8318749999999966
 31
0
  0
LINE
  5
5FB
330
1A
100
AcDbEntity
  8
F.Courtyard
  6
CONTINUOUS
100
AcDbLine
 10
250.4143749999999784
 20
-71.8318749999999966
 30
0
 11
250.4162779999999771
 21
-71.8223079999999925
 31
0
  0
LINE
  5
5FC
330
1A
100
AcDbEntity
  8
F.Courtyard
  6
CONTINUOUS
100
AcDbLine
 10
250.4162779999999771
 20
-71.8223079999999925
 30
0
 11
250.42980799999998
 21
-71.8087780000000038
 31
0
  0
LINE
  5
5FD
330
1A
100
AcDbEntity
  8
F.Courtyard
  6
CONTINUOUS
100
AcDbLine
 10
250.42980799999998
 20
-71.8087780000000038
 30
0
 11
250.4393749999999841
 21
-71.8068749999999909
 31
0
  0
LINE
  5
5FE
330
1A
100
AcDbEntity
  8
F.Courtyard
  6
CONTINUOUS
100
AcDbLine
 10
250.4393749999999841
 20
-71.8068749999999909
 30
0
 11
264.9393749999999841
 21
-71.8068749999999909
 31
0
  0
LINE
  5
5FF
330
1A
100
AcDbEntity
  8
F.Courtyard
  6
CONTINUOUS
100
AcDbLine
 10
264.9393749999999841
 20
-71.8068749999999909
 30
0
 11
264.9489419999999882
 21
-71.8087780000000038
 31
0
  0
LINE
  5
600
330
1A
100
AcDbEntity
  8
F.Courtyard
  6
CONTINUOUS
100
AcDbLine
 10
250.4643749999999898
 20
-71.8568750000000023
 30
0
 11
250.4643749999999898
 21
-86.3068749999999909
 31
0
  0
LINE
  5
601
330
1A
100
AcDbEntity
  8
F.Courtyard
  6
CONTINUOUS
100
AcDbLine
 10
250.4643749999999898
 20
-86.3068749999999909
 30
0
 11
264.9143750000000068
 21
-86.3068749999999909
 31
0
  0
LINE
  5
602
330
1A
100
AcDbEntity
  8
F.Courtyard
  6
CONTINUOUS
100
AcDbLine
 10
264.9143750000000068
 20
-86.3068749999999909
 30
0
 11
264.9143750000000068
 21
-71.8568750000000023
 31
0
  0
LINE
  5
603
330
1A
100
AcDbEntity
  8
F.Courtyard
  6
CONTINUOUS
100
AcDbLine
 10
264.9143750000000068
 20
-71.8568750000000023
 30
0
 11
250.4643749999999898
 21
-71.8568750000000023
 31
0
  0
LINE
  5
604
330
1A
100
AcDbEntity
  8
F.Courtyard
  6
CONTINUOUS
100
AcDbLine
 10
296.222691999999995
 20
-71.6500279999999918
 30
0
 11
296.2362219999999979
 21
-71.6635579999999948
 31
0
  0
LINE
  5
605
330
1A
100
AcDbEntity
  8
F.Courtyard
  6
CONTINUOUS
100
AcDbLine
 10
296.2362219999999979
 20
-71.6635579999999948
 30
0
 11
296.2381249999999682
 21
-71.6731249999999989
 31
0
  0
LINE
  5
606
330
1A
100
AcDbEntity
  8
F.Courtyard
  6
CONTINUOUS
100
AcDbLine
 10
296.2381249999999682
 20
-71.6731249999999989
 30
0
 11
296.2381249999999682
 21
-86.1731249999999989
 31
0
  0
LINE
  5
607
330
1A
100
AcDbEntity
  8
F.Courtyard
  6
CONTINUOUS
100
AcDbLine
 10
296.2381249999999682
 20
-86.1731249999999989
 30
0
 11
296.2362219999999979
 21
-86.182692000000003
 31
0
  0
LINE
  5
608
330
1A
100
AcDbEntity
  8
F.Courtyard
  6
CONTINUOUS
100
AcDbLine
 10
296.2362219999999979
 20
-86.182692000000003
 30
0
 11
296.222691999999995
 21
-86.1962219999999917
 31
0
  0
LINE
  5
609
330
1A
100
AcDbEntity
  8
F.Courtyard
  6
CONTINUOUS
100
AcDbLine
 10
296.222691999999995
 20
-86.1962219999999917
 30
0
 11
296.2131249999999909
 21
-86.1981249999999903
 31
0
  0
LINE
  5
60A
330
1A
100
AcDbEntity
  8
F.Courtyard
  6
CONTINUOUS
100
AcDbLine
 10
296.2131249999999909
 20
-86.1981249999999903
 30
0
 11
281.7131249999999909
 21
-86.1981249999999903
 31
0
  0
LINE
  5
60B
330
1A
100
AcDbEntity
  8
F.Courtyard
  6
CONTINUOUS
100
AcDbLine
 10
281.7131249999999909
 20
-86.1981249999999903
 30
0
 11
281.7035579999999868
 21
-86.1962219999999917
 31
0
  0
LINE
  5
60C
330
1A
100
AcDbEntity
  8
F.Courtyard
  6
CONTINUOUS
100
AcDbLine
 10
281.7035579999999868
 20
-86.1962219999999917
 30
0
 11
281.6900279999999839
 21
-86.182692000000003
 31
0
  0
LINE
  5
60D
330
1A
100
AcDbEntity
  8
F.Courtyard
  6
CONTINUOUS
100
AcDbLine
 10
281.6900279999999839
 20
-86.182692000000003
 30
0
 11
281.6881250000000136
 21
-86.1731249999999989
 31
0
  0
LINE
  5
60E
330
1A
100
AcDbEntity
  8
F.Courtyard
  6
CONTINUOUS
100
AcDbLine
 10
281.6881250000000136
 20
-86.1731249999999989
 30
0
 11
281.6881250000000136
 21
-71.6731249999999989
 31
0
  0
LINE
  5
60F
330
1A
100
AcDbEntity
  8
F.Courtyard
  6
CONTINUOUS
100
AcDbLine
 10
281.6881250000000136
 20
-71.6731249999999989
 30
0
 11
281.6900279999999839
 21
-71.6635579999999948
 31
0
  0
LINE
  5
610
330
1A
100
AcDbEntity
  8
F.Courtyard
  6
CONTINUOUS
100
AcDbLine
 10
281.6900279999999839
 20
-71.6635579999999948
 30
0
 11
281.7035579999999868
 21
-71.6500279999999918
 31
0
  0
LINE
  5
611
330
1A
100
AcDbEntity
  8
F.Courtyard
  6
CONTINUOUS
100
AcDbLine
 10
281.7035579999999868
 20
-71.6500279999999918
 30
0
 11
281.7131249999999909
 21
-71.6481249999999932
 31
0
  0
LINE
  5
612
330
1A
100
AcDbEntity
  8
F.Courtyard
  6
CONTINUOUS
100
AcDbLine
 10
281.7131249999999909
 20
-71.6481249999999932
 30
0
 11
296.2131249999999909
 21
-71.6481249999999932
 31
0
  0
LINE
  5
613
330
1A
100
AcDbEntity
  8
F.Courtyard
  6
CONTINUOUS
100
AcDbLine
 10
296.2131249999999909
 20
-71.6481249999999932
 30
0
 11
296.222691999999995
 21
-71.6500279999999918
 31
0
  0
LINE
  5
614
330
1A
100
AcDbEntity
  8
F.Courtyard
  6
CONTINUOUS
100
AcDbLine
 10
281.7381249999999682
 20
-71.6981249999999903
 30
0
 11
281.7381249999999682
 21
-86.1481249999999932
 31
0
  0
LINE
  5
615
330
1A
100
AcDbEntity
  8
F.Courtyard
  6
CONTINUOUS
100
AcDbLine
 10
281.7381249999999682
 20
-86.1481249999999932
 30
0
 11
296.1881250000000136
 21
-86.1481249999999932
 31
0
  0
LINE
  5
616
330
1A
100
AcDbEntity
  8
F.Courtyard
  6
CONTINUOUS
100
AcDbLine
 10
296.1881250000000136
 20
-86.1481249999999932
 30
0
 11
296.1881250000000136
 21
-71.6981249999999903
 31
0
  0
LINE
  5
617
330
1A
100
AcDbEntity
  8
F.Courtyard
  6
CONTINUOUS
100
AcDbLine
 10
296.1881250000000136
 20
-71.6981249999999903
 30
0
 11
281.7381249999999682
 21
-71.6981249999999903
 31
0
  0
LINE
  5
618
330
1A
100
AcDbEntity
  8
F.Courtyard
  6
CONTINUOUS
100
AcDbLine
 10
415.7651919999999564
 20
-14.6194030000000001
 30
0
 11
415.7787219999999593
 21
-14.6329329999999995
 31
0
  0
LINE
  5
619
330
1A
100
AcDbEntity
  8
F.Courtyard
  6
CONTINUOUS
100
AcDbLine
 10
415.7787219999999593
 20
-14.6329329999999995
 30
0
 11
415.7806249999999864
 21
-14.6425000000000001
 31
0
  0
LINE
  5
61A
330
1A
100
AcDbEntity
  8
F.Courtyard
  6
CONTINUOUS
100
AcDbLine
 10
415.7806249999999864
 20
-14.6425000000000001
 30
0
 11
415.7806249999999864
 21
-16.1675000000000004
 31
0
  0
LINE
  5
61B
330
1A
100
AcDbEntity
  8
F.Courtyard
  6
CONTINUOUS
100
AcDbLine
 10
415.7806249999999864
 20
-16.1675000000000004
 30
0
 11
422.7956249999999727
 21
-16.1675000000000004
 31
0
  0
LINE
  5
61C
330
1A
100
AcDbEntity
  8
F.Courtyard
  6
CONTINUOUS
100
AcDbLine
 10
422.7956249999999727
 20
-16.1675000000000004
 30
0
 11
422.8051919999999768
 21
-16.1694029999999991
 31
0
  0
LINE
  5
61D
330
1A
100
AcDbEntity
  8
F.Courtyard
  6
CONTINUOUS
100
AcDbLine
 10
422.8051919999999768
 20
-16.1694029999999991
 30
0
 11
422.8187219999999797
 21
-16.1829329999999985
 31
0
  0
LINE
  5
61E
330
1A
100
AcDbEntity
  8
F.Courtyard
  6
CONTINUOUS
100
AcDbLine
 10
422.8187219999999797
 20
-16.1829329999999985
 30
0
 11
422.8206250000000068
 21
-16.192499999999999
 31
0
  0
LINE
  5
61F
330
1A
100
AcDbEntity
  8
F.Courtyard
  6
CONTINUOUS
100
AcDbLine
 10
422.8206250000000068
 20
-16.192499999999999
 30
0
 11
422.8206250000000068
 21
-68.4924999999999926
 31
0
  0
LINE
  5
620
330
1A
100
AcDbEntity
  8
F.Courtyard
  6
CONTINUOUS
100
AcDbLine
 10
422.8206250000000068
 20
-68.4924999999999926
 30
0
 11
422.8187219999999797
 21
-68.5020669999999967
 31
0
  0
LINE
  5
621
330
1A
100
AcDbEntity
  8
F.Courtyard
  6
CONTINUOUS
100
AcDbLine
 10
422.8187219999999797
 20
-68.5020669999999967
 30
0
 11
422.8051919999999768
 21
-68.5155969999999996
 31
0
  0
LINE
  5
622
330
1A
100
AcDbEntity
  8
F.Courtyard
  6
CONTINUOUS
100
AcDbLine
 10
422.8051919999999768
 20
-68.5155969999999996
 30
0
 11
422.7956249999999727
 21
-68.5174999999999983
 31
0
  0
LINE
  5
623
330
1A
100
AcDbEntity
  8
F.Courtyard
  6
CONTINUOUS
100
AcDbLine
 10
422.7956249999999727
 20
-68.5174999999999983
 30
0
 11
399.7156249999999886
 21
-68.5174999999999983
 31
0
  0
LINE
  5
624
330
1A
100
AcDbEntity
  8
F.Courtyard
  6
CONTINUOUS
100
AcDbLine
 10
399.7156249999999886
 20
-68.5174999999999983
 30
0
 11
399.7060579999999845
 21
-68.5155969999999996
 31
0
  0
LINE
  5
625
330
1A
100
AcDbEntity
  8
F.Courtyard
  6
CONTINUOUS
100
AcDbLine
 10
399.7060579999999845
 20
-68.5155969999999996
 30
0
 11
399.6925279999999816
 21
-68.5020669999999967
 31
0
  0
LINE
  5
626
330
1A
100
AcDbEntity
  8
F.Courtyard
  6
CONTINUOUS
100
AcDbLine
 10
399.6925279999999816
 20
-68.5020669999999967
 30
0
 11
399.6906249999999545
 21
-68.4924999999999926
 31
0
  0
LINE
  5
627
330
1A
100
AcDbEntity
  8
F.Courtyard
  6
CONTINUOUS
100
AcDbLine
 10
399.6906249999999545
 20
-68.4924999999999926
 30
0
 11
399.6906249999999545
 21
-16.192499999999999
 31
0
  0
LINE
  5
628
330
1A
100
AcDbEntity
  8
F.Courtyard
  6
CONTINUOUS
100
AcDbLine
 10
399.6906249999999545
 20
-16.192499999999999
 30
0
 11
399.6925279999999816
 21
-16.1829329999999985
 31
0
  0
LINE
  5
629
330
1A
100
AcDbEntity
  8
F.Courtyard
  6
CONTINUOUS
100
AcDbLine
 10
399.6925279999999816
 20
-16.1829329999999985
 30
0
 11
399.7060579999999845
 21
-16.1694029999999991
 31
0
  0
LINE
  5
62A
330
1A
100
AcDbEntity
  8
F.Courtyard
  6
CONTINUOUS
100
AcDbLine
 10
399.7060579999999845
 20
-16.1694029999999991
 30
0
 11
399.7156249999999886
 21
-16.1675000000000004
 31
0
  0
LINE
  5
62B
330
1A
100
AcDbEntity
  8
F.Courtyard
  6
CONTINUOUS
100
AcDbLine
 10
399.7156249999999886
 20
-16.1675000000000004
 30
0
 11
406.730624999999975
 21
-16.1675000000000004
 31
0
  0
LINE
  5
62C
330
1A
100
AcDbEntity
  8
F.Courtyard
  6
CONTINUOUS
100
AcDbLine
 10
406.730624999999975
 20
-16.1675000000000004
 30
0
 11
406.730624999999975
 21
-14.6425000000000001
 31
0
  0
LINE
  5
62D
330
1A
100
AcDbEntity
  8
F.Courtyard
  6
CONTINUOUS
100
AcDbLine
 10
406.730624999999975
 20
-14.6425000000000001
 30
0
 11
406.7325280000000021
 21
-14.6329329999999995
 31
0
  0
LINE
  5
62E
330
1A
100
AcDbEntity
  8
F.Courtyard
  6
CONTINUOUS
100
AcDbLine
 10
406.7325280000000021
 20
-14.6329329999999995
 30
0
 11
406.746058000000005
 21
-14.6194030000000001
 31
0
  0
LINE
  5
62F
330
1A
100
AcDbEntity
  8
F.Courtyard
  6
CONTINUOUS
100
AcDbLine
 10
406.746058000000005
 20
-14.6194030000000001
 30
0
 11
406.7556250000000091
 21
-14.6174999999999997
 31
0
  0
LINE
  5
630
330
1A
100
AcDbEntity
  8
F.Courtyard
  6
CONTINUOUS
100
AcDbLine
 10
406.7556250000000091
 20
-14.6174999999999997
 30
0
 11
415.7556250000000091
 21
-14.6174999999999997
 31
0
  0
LINE
  5
631
330
1A
100
AcDbEntity
  8
F.Courtyard
  6
CONTINUOUS
100
AcDbLine
 10
415.7556250000000091
 20
-14.6174999999999997
 30
0
 11
415.7651919999999564
 21
-14.6194030000000001
 31
0
  0
LINE
  5
632
330
1A
100
AcDbEntity
  8
F.Courtyard
  6
CONTINUOUS
100
AcDbLine
 10
406.7806249999999864
 20
-14.6674999999999986
 30
0
 11
406.7806249999999864
 21
-16.192499999999999
 31
0
  0
LINE
  5
633
330
1A
100
AcDbEntity
  8
F.Courtyard
  6
CONTINUOUS
100
AcDbLine
 10
406.7806249999999864
 20
-16.192499999999999
 30
0
 11
406.7787219999999593
 21
-16.2020669999999996
 31
0
  0
LINE
  5
634
330
1A
100
AcDbEntity
  8
F.Courtyard
  6
CONTINUOUS
100
AcDbLine
 10
406.7787219999999593
 20
-16.2020669999999996
 30
0
 11
406.7651919999999564
 21
-16.2155969999999989
 31
0
  0
LINE
  5
635
330
1A
100
AcDbEntity
  8
F.Courtyard
  6
CONTINUOUS
100
AcDbLine
 10
406.7651919999999564
 20
-16.2155969999999989
 30
0
 11
406.7556250000000091
 21
-16.2174999999999976
 31
0
  0
LINE
  5
636
330
1A
100
AcDbEntity
  8
F.Courtyard
  6
CONTINUOUS
100
AcDbLine
 10
406.7556250000000091
 20
-16.2174999999999976
 30
0
 11
399.7406249999999659
 21
-16.2174999999999976
 31
0
  0
LINE
  5
637
330
1A
100
AcDbEntity
  8
F.Courtyard
  6
CONTINUOUS
100
AcDbLine
 10
399.7406249999999659
 20
-16.2174999999999976
 30
0
 11
399.7406249999999659
 21
-68.4675000000000011
 31
0
  0
LINE
  5
638
330
1A
100
AcDbEntity
  8
F.Courtyard
  6
CONTINUOUS
100
AcDbLine
 10
399.7406249999999659
 20
-68.4675000000000011
 30
0
 11
422.7706249999999955
 21
-68.4675000000000011
 31
0
  0
LINE
  5
639
330
1A
100
AcDbEntity
  8
F.Courtyard
  6
CONTINUOUS
100
AcDbLine
 10
422.7706249999999955
 20
-68.4675000000000011
 30
0
 11
422.7706249999999955
 21
-16.2174999999999976
 31
0
  0
LINE
  5
63A
330
1A
100
AcDbEntity
  8
F.Courtyard
  6
CONTINUOUS
100
AcDbLine
 10
422.7706249999999955
 20
-16.2174999999999976
 30
0
 11
415.7556250000000091
 21
-16.2174999999999976
 31
0
  0
LINE
  5
63B
330
1A
100
AcDbEntity
  8
F.Courtyard
  6
CONTINUOUS
100
AcDbLine
 10
415.7556250000000091
 20
-16.2174999999999976
 30
0
 11
415.746058000000005
 21
-16.2155969999999989
 31
0
  0
LINE
  5
63C
330
1A
100
AcDbEntity
  8
F.Courtyard
  6
CONTINUOUS
100
AcDbLine
 10
415.746058000000005
 20
-16.2155969999999989
 30
0
 11
415.7325280000000021
 21
-16.2020669999999996
 31
0
  0
LINE
  5
63D
330
1A
100
AcDbEntity
  8
F.Courtyard
  6
CONTINUOUS
100
AcDbLine
 10
415.7325280000000021
 20
-16.2020669999999996
 30
0
 11
415.730624999999975
 21
-16.192499999999999
 31
0
  0
LINE
  5
63E
330
1A
100
AcDbEntity
  8
F.Courtyard
  6
CONTINUOUS
100
AcDbLine
 10
415.730624999999975
 20
-16.192499999999999
 30
0
 11
415.730624999999975
 21
-14.6674999999999986
 31
0
  0
LINE
  5
63F
330
1A
100
AcDbEntity
  8
F.Courtyard
  6
CONTINUOUS
100
AcDbLine
 10
415.730624999999975
 20
-14.6674999999999986
 30
0
 11
406.7806249999999864
 21
-14.6674999999999986
 31
0
  0
LINE
  5
640
330
1A
100
AcDbEntity
  8
F.Courtyard
  6
CONTINUOUS
100
AcDbLine
 10
424.8551919999999882
 20
-62.9594029999999947
 30
0
 11
424.8687219999999911
 21
-62.9729329999999976
 31
0
  0
LINE
  5
641
330
1A
100
AcDbEntity
  8
F.Courtyard
  6
CONTINUOUS
100
AcDbLine
 10
424.8687219999999911
 20
-62.9729329999999976
 30
0
 11
424.8706249999999613
 21
-62.9824999999999946
 31
0
  0
LINE
  5
642
330
1A
100
AcDbEntity
  8
F.Courtyard
  6
CONTINUOUS
100
AcDbLine
 10
424.8706249999999613
 20
-62.9824999999999946
 30
0
 11
424.8706249999999613
 21
-66.3425000000000011
 31
0
  0
LINE
  5
643
330
1A
100
AcDbEntity
  8
F.Courtyard
  6
CONTINUOUS
100
AcDbLine
 10
424.8706249999999613
 20
-66.3425000000000011
 30
0
 11
424.8687219999999911
 21
-66.352066999999991
 31
0
  0
LINE
  5
644
330
1A
100
AcDbEntity
  8
F.Courtyard
  6
CONTINUOUS
100
AcDbLine
 10
424.8687219999999911
 20
-66.352066999999991
 30
0
 11
424.8551919999999882
 21
-66.365596999999994
 31
0
  0
LINE
  5
645
330
1A
100
AcDbEntity
  8
F.Courtyard
  6
CONTINUOUS
100
AcDbLine
 10
424.8551919999999882
 20
-66.365596999999994
 30
0
 11
424.8456249999999841
 21
-66.3674999999999926
 31
0
  0
LINE
  5
646
330
1A
100
AcDbEntity
  8
F.Courtyard
  6
CONTINUOUS
100
AcDbLine
 10
424.8456249999999841
 20
-66.3674999999999926
 30
0
 11
422.9456250000000068
 21
-66.3674999999999926
 31
0
  0
LINE
  5
647
330
1A
100
AcDbEntity
  8
F.Courtyard
  6
CONTINUOUS
100
AcDbLine
 10
422.9456250000000068
 20
-66.3674999999999926
 30
0
 11
422.9360580000000027
 21
-66.365596999999994
 31
0
  0
LINE
  5
648
330
1A
100
AcDbEntity
  8
F.Courtyard
  6
CONTINUOUS
100
AcDbLine
 10
422.9360580000000027
 20
-66.365596999999994
 30
0
 11
422.9225279999999998
 21
-66.352066999999991
 31
0
  0
LINE
  5
649
330
1A
100
AcDbEntity
  8
F.Courtyard
  6
CONTINUOUS
100
AcDbLine
 10
422.9225279999999998
 20
-66.352066999999991
 30
0
 11
422.9206249999999727
 21
-66.3425000000000011
 31
0
  0
LINE
  5
64A
330
1A
100
AcDbEntity
  8
F.Courtyard
  6
CONTINUOUS
100
AcDbLine
 10
422.9206249999999727
 20
-66.3425000000000011
 30
0
 11
422.9206249999999727
 21
-62.9824999999999946
 31
0
  0
LINE
  5
64B
330
1A
100
AcDbEntity
  8
F.Courtyard
  6
CONTINUOUS
100
AcDbLine
 10
422.9206249999999727
 20
-62.9824999999999946
 30
0
 11
422.9225279999999998
 21
-62.9729329999999976
 31
0
  0
LINE
  5
64C
330
1A
100
AcDbEntity
  8
F.Courtyard
  6
CONTINUOUS
100
AcDbLine
 10
422.9225279999999998
 20
-62.9729329999999976
 30
0
 11
422.9360580000000027
 21
-62.9594029999999947
 31
0
  0
LINE
  5
64D
330
1A
100
AcDbEntity
  8
F.Courtyard
  6
CONTINUOUS
100
AcDbLine
 10
422.9360580000000027
 20
-62.9594029999999947
 30
0
 11
422.9456250000000068
 21
-62.957499999999996
 31
0
  0
LINE
  5
64E
330
1A
100
AcDbEntity
  8
F.Courtyard
  6
CONTINUOUS
100
AcDbLine
 10
422.9456250000000068
 20
-62.957499999999996
 30
0
 11
424.8456249999999841
 21
-62.957499999999996
 31
0
  0
LINE
  5
64F
330
1A
100
AcDbEntity
  8
F.Courtyard
  6
CONTINUOUS
100
AcDbLine
 10
424.8456249999999841
 20
-62.957499999999996
 30
0
 11
424.8551919999999882
 21
-62.9594029999999947
 31
0
  0
LINE
  5
650
330
1A
100
AcDbEntity
  8
F.Courtyard
  6
CONTINUOUS
100
AcDbLine
 10
422.9706249999999841
 20
-63.0075000000000003
 30
0
 11
422.9706249999999841
 21
-66.3174999999999955
 31
0
  0
LINE
  5
651
330
1A
100
AcDbEntity
  8
F.Courtyard
  6
CONTINUOUS
100
AcDbLine
 10
422.9706249999999841
 20
-66.3174999999999955
 30
0
 11
424.8206250000000068
 21
-66.3174999999999955
 31
0
  0
LINE
  5
652
330
1A
100
AcDbEntity
  8
F.Courtyard
  6
CONTINUOUS
100
AcDbLine
 10
424.8206250000000068
 20
-66.3174999999999955
 30
0
 11
424.8206250000000068
 21
-63.0075000000000003
 31
0
  0
LINE
  5
653
330
1A
100
AcDbEntity
  8
F.Courtyard
  6
CONTINUOUS
100
AcDbLine
 10
424.8206250000000068
 20
-63.0075000000000003
 30
0
 11
422.9706249999999841
 21
-63.0075000000000003
 31
0
  0
LINE
  5
654
330
1A
100
AcDbEntity
  8
F.Courtyard
  6
CONTINUOUS
100
AcDbLine
 10
327.4789419999999609
 20
-43.2962780000000009
 30
0
 11
327.4924719999999638
 21
-43.3098079999999968
 31
0
  0
LINE
  5
655
330
1A
100
AcDbEntity
  8
F.Courtyard
  6
CONTINUOUS
100
AcDbLine
 10
327.4924719999999638
 20
-43.3098079999999968
 30
0
 11
327.4943749999999909
 21
-43.3193750000000009
 31
0
  0
LINE
  5
656
330
1A
100
AcDbEntity
  8
F.Courtyard
  6
CONTINUOUS
100
AcDbLine
 10
327.4943749999999909
 20
-43.3193750000000009
 30
0
 11
327.4943749999999909
 21
-57.8193750000000009
 31
0
  0
LINE
  5
657
330
1A
100
AcDbEntity
  8
F.Courtyard
  6
CONTINUOUS
100
AcDbLine
 10
327.4943749999999909
 20
-57.8193750000000009
 30
0
 11
327.4924719999999638
 21
-57.8289419999999978
 31
0
  0
LINE
  5
658
330
1A
100
AcDbEntity
  8
F.Courtyard
  6
CONTINUOUS
100
AcDbLine
 10
327.4924719999999638
 20
-57.8289419999999978
 30
0
 11
327.4789419999999609
 21
-57.8424720000000008
 31
0
  0
LINE
  5
659
330
1A
100
AcDbEntity
  8
F.Courtyard
  6
CONTINUOUS
100
AcDbLine
 10
327.4789419999999609
 20
-57.8424720000000008
 30
0
 11
327.4693749999999568
 21
-57.8443749999999994
 31
0
  0
LINE
  5
65A
330
1A
100
AcDbEntity
  8
F.Courtyard
  6
CONTINUOUS
100
AcDbLine
 10
327.4693749999999568
 20
-57.8443749999999994
 30
0
 11
312.9693750000000136
 21
-57.8443749999999994
 31
0
  0
LINE
  5
65B
330
1A
100
AcDbEntity
  8
F.Courtyard
  6
CONTINUOUS
100
AcDbLine
 10
312.9693750000000136
 20
-57.8443749999999994
 30
0
 11
312.9598080000000095
 21
-57.8424720000000008
 31
0
  0
LINE
  5
65C
330
1A
100
AcDbEntity
  8
F.Courtyard
  6
CONTINUOUS
100
AcDbLine
 10
312.9598080000000095
 20
-57.8424720000000008
 30
0
 11
312.9462780000000066
 21
-57.8289419999999978
 31
0
  0
LINE
  5
65D
330
1A
100
AcDbEntity
  8
F.Courtyard
  6
CONTINUOUS
100
AcDbLine
 10
312.9462780000000066
 20
-57.8289419999999978
 30
0
 11
312.9443749999999795
 21
-57.8193750000000009
 31
0
  0
LINE
  5
65E
330
1A
100
AcDbEntity
  8
F.Courtyard
  6
CONTINUOUS
100
AcDbLine
 10
312.9443749999999795
 20
-57.8193750000000009
 30
0
 11
312.9443749999999795
 21
-43.3193750000000009
 31
0
  0
LINE
  5
65F
330
1A
100
AcDbEntity
  8
F.Courtyard
  6
CONTINUOUS
100
AcDbLine
 10
312.9443749999999795
 20
-43.3193750000000009
 30
0
 11
312.9462780000000066
 21
-43.3098079999999968
 31
0
  0
LINE
  5
660
330
1A
100
AcDbEntity
  8
F.Courtyard
  6
CONTINUOUS
100
AcDbLine
 10
312.9462780000000066
 20
-43.3098079999999968
 30
0
 11
312.9598080000000095
 21
-43.2962780000000009
 31
0
  0
LINE
  5
661
330
1A
100
AcDbEntity
  8
F.Courtyard
  6
CONTINUOUS
100
AcDbLine
 10
312.9598080000000095
 20
-43.2962780000000009
 30
0
 11
312.9693750000000136
 21
-43.2943749999999952
 31
0
  0
LINE
  5
662
330
1A
100
AcDbEntity
  8
F.Courtyard
  6
CONTINUOUS
100
AcDbLine
 10
312.9693750000000136
 20
-43.2943749999999952
 30
0
 11
327.4693749999999568
 21
-43.2943749999999952
 31
0
  0
LINE
  5
663
330
1A
100
AcDbEntity
  8
F.Courtyard
  6
CONTINUOUS
100
AcDbLine
 10
327.4693749999999568
 20
-43.2943749999999952
 30
0
 11
327.4789419999999609
 21
-43.2962780000000009
 31
0
  0
LINE
  5
664
330
1A
100
AcDbEntity
  8
F.Courtyard
  6
CONTINUOUS
100
AcDbLine
 10
312.9943749999999909
 20
-43.3443749999999994
 30
0
 11
312.9943749999999909
 21
-57.7943749999999952
 31
0
  0
LINE
  5
665
330
1A
100
AcDbEntity
  8
F.Courtyard
  6
CONTINUOUS
100
AcDbLine
 10
312.9943749999999909
 20
-57.7943749999999952
 30
0
 11
327.4443749999999795
 21
-57.7943749999999952
 31
0
  0
LINE
  5
666
330
1A
100
AcDbEntity
  8
F.Courtyard
  6
CONTINUOUS
100
AcDbLine
 10
327.4443749999999795
 20
-57.7943749999999952
 30
0
 11
327.4443749999999795
 21
-43.3443749999999994
 31
0
  0
LINE
  5
667
330
1A
100
AcDbEntity
  8
F.Courtyard
  6
CONTINUOUS
100
AcDbLine
 10
327.4443749999999795
 20
-43.3443749999999994
 30
0
 11
312.9943749999999909
 21
-43.3443749999999994
 31
0
  0
LINE
  5
668
330
1A
100
AcDbEntity
  8
F.Courtyard
  6
CONTINUOUS
100
AcDbLine
 10
346.5289419999999723
 20
-43.2962780000000009
 30
0
 11
346.5424719999999752
 21
-43.3098079999999968
 31
0
  0
LINE
  5
669
330
1A
100
AcDbEntity
  8
F.Courtyard
  6
CONTINUOUS
100
AcDbLine
 10
346.5424719999999752
 20
-43.3098079999999968
 30
0
 11
346.5443750000000023
 21
-43.3193750000000009
 31
0
  0
LINE
  5
66A
330
1A
100
AcDbEntity
  8
F.Courtyard
  6
CONTINUOUS
100
AcDbLine
 10
346.5443750000000023
 20
-43.3193750000000009
 30
0
 11
346.5443750000000023
 21
-57.8193750000000009
 31
0
  0
LINE
  5
66B
330
1A
100
AcDbEntity
  8
F.Courtyard
  6
CONTINUOUS
100
AcDbLine
 10
346.5443750000000023
 20
-57.8193750000000009
 30
0
 11
346.5424719999999752
 21
-57.8289419999999978
 31
0
  0
LINE
  5
66C
330
1A
100
AcDbEntity
  8
F.Courtyard
  6
CONTINUOUS
100
AcDbLine
 10
346.5424719999999752
 20
-57.8289419999999978
 30
0
 11
346.5289419999999723
 21
-57.8424720000000008
 31
0
  0
LINE
  5
66D
330
1A
100
AcDbEntity
  8
F.Courtyard
  6
CONTINUOUS
100
AcDbLine
 10
346.5289419999999723
 20
-57.8424720000000008
 30
0
 11
346.5193749999999682
 21
-57.8443749999999994
 31
0
  0
LINE
  5
66E
330
1A
100
AcDbEntity
  8
F.Courtyard
  6
CONTINUOUS
100
AcDbLine
 10
346.5193749999999682
 20
-57.8443749999999994
 30
0
 11
332.0193749999999682
 21
-57.8443749999999994
 31
0
  0
LINE
  5
66F
330
1A
100
AcDbEntity
  8
F.Courtyard
  6
CONTINUOUS
100
AcDbLine
 10
332.0193749999999682
 20
-57.8443749999999994
 30
0
 11
332.0098079999999641
 21
-57.8424720000000008
 31
0
  0
LINE
  5
670
330
1A
100
AcDbEntity
  8
F.Courtyard
  6
CONTINUOUS
100
AcDbLine
 10
332.0098079999999641
 20
-57.8424720000000008
 30
0
 11
331.9962779999999611
 21
-57.8289419999999978
 31
0
  0
LINE
  5
671
330
1A
100
AcDbEntity
  8
F.Courtyard
  6
CONTINUOUS
100
AcDbLine
 10
331.9962779999999611
 20
-57.8289419999999978
 30
0
 11
331.9943749999999909
 21
-57.8193750000000009
 31
0
  0
LINE
  5
672
330
1A
100
AcDbEntity
  8
F.Courtyard
  6
CONTINUOUS
100
AcDbLine
 10
331.9943749999999909
 20
-57.8193750000000009
 30
0
 11
331.9943749999999909
 21
-43.3193750000000009
 31
0
  0
LINE
  5
673
330
1A
100
AcDbEntity
  8
F.Courtyard
  6
CONTINUOUS
100
AcDbLine
 10
331.9943749999999909
 20
-43.3193750000000009
 30
0
 11
331.9962779999999611
 21
-43.3098079999999968
 31
0
  0
LINE
  5
674
330
1A
100
AcDbEntity
  8
F.Courtyard
  6
CONTINUOUS
100
AcDbLine
 10
331.9962779999999611
 20
-43.3098079999999968
 30
0
 11
332.0098079999999641
 21
-43.2962780000000009
 31
0
  0
LINE
  5
675
330
1A
100
AcDbEntity
  8
F.Courtyard
  6
CONTINUOUS
100
AcDbLine
 10
332.0098079999999641
 20
-43.2962780000000009
 30
0
 11
332.0193749999999682
 21
-43.2943749999999952
 31
0
  0
LINE
  5
676
330
1A
100
AcDbEntity
  8
F.Courtyard
  6
CONTINUOUS
100
AcDbLine
 10
332.0193749999999682
 20
-43.2943749999999952
 30
0
 11
346.5193749999999682
 21
-43.2943749999999952
 31
0
  0
LINE
  5
677
330
1A
100
AcDbEntity
  8
F.Courtyard
  6
CONTINUOUS
100
AcDbLine
 10
346.5193749999999682
 20
-43.2943749999999952
 30
0
 11
346.5289419999999723
 21
-43.2962780000000009
 31
0
  0
LINE
  5
678
330
1A
100
AcDbEntity
  8
F.Courtyard
  6
CONTINUOUS
100
AcDbLine
 10
332.0443750000000023
 20
-43.3443749999999994
 30
0
 11
332.0443750000000023
 21
-57.7943749999999952
 31
0
  0
LINE
  5
679
330
1A
100
AcDbEntity
  8
F.Courtyard
  6
CONTINUOUS
100
AcDbLine
 10
332.0443750000000023
 20
-57.7943749999999952
 30
0
 11
346.4943749999999909
 21
-57.7943749999999952
 31
0
  0
LINE
  5
67A
330
1A
100
AcDbEntity
  8
F.Courtyard
  6
CONTINUOUS
100
AcDbLine
 10
346.4943749999999909
 20
-57.7943749999999952
 30
0
 11
346.4943749999999909
 21
-43.3443749999999994
 31
0
  0
LINE
  5
67B
330
1A
100
AcDbEntity
  8
F.Courtyard
  6
CONTINUOUS
100
AcDbLine
 10
346.4943749999999909
 20
-43.3443749999999994
 30
0
 11
332.0443750000000023
 21
-43.3443749999999994
 31
0
  0
LINE
  5
67C
330
1A
100
AcDbEntity
  8
F.Courtyard
  6
CONTINUOUS
100
AcDbLine
 10
365.5789419999999836
 20
-43.2962780000000009
 30
0
 11
365.5924719999999866
 21
-43.3098079999999968
 31
0
  0
LINE
  5
67D
330
1A
100
AcDbEntity
  8
F.Courtyard
  6
CONTINUOUS
100
AcDbLine
 10
365.5924719999999866
 20
-43.3098079999999968
 30
0
 11
365.5943749999999568
 21
-43.3193750000000009
 31
0
  0
LINE
  5
67E
330
1A
100
AcDbEntity
  8
F.Courtyard
  6
CONTINUOUS
100
AcDbLine
 10
365.5943749999999568
 20
-43.3193750000000009
 30
0
 11
365.5943749999999568
 21
-57.8193750000000009
 31
0
  0
LINE
  5
67F
330
1A
100
AcDbEntity
  8
F.Courtyard
  6
CONTINUOUS
100
AcDbLine
 10
365.5943749999999568
 20
-57.8193750000000009
 30
0
 11
365.5924719999999866
 21
-57.8289419999999978
 31
0
  0
LINE
  5
680
330
1A
100
AcDbEntity
  8
F.Courtyard
  6
CONTINUOUS
100
AcDbLine
 10
365.5924719999999866
 20
-57.8289419999999978
 30
0
 11
365.5789419999999836
 21
-57.8424720000000008
 31
0
  0
LINE
  5
681
330
1A
100
AcDbEntity
  8
F.Courtyard
  6
CONTINUOUS
100
AcDbLine
 10
365.5789419999999836
 20
-57.8424720000000008
 30
0
 11
365.5693749999999795
 21
-57.8443749999999994
 31
0
  0
LINE
  5
682
330
1A
100
AcDbEntity
  8
F.Courtyard
  6
CONTINUOUS
100
AcDbLine
 10
365.5693749999999795
 20
-57.8443749999999994
 30
0
 11
351.0693749999999795
 21
-57.8443749999999994
 31
0
  0
LINE
  5
683
330
1A
100
AcDbEntity
  8
F.Courtyard
  6
CONTINUOUS
100
AcDbLine
 10
351.0693749999999795
 20
-57.8443749999999994
 30
0
 11
351.0598079999999754
 21
-57.8424720000000008
 31
0
  0
LINE
  5
684
330
1A
100
AcDbEntity
  8
F.Courtyard
  6
CONTINUOUS
100
AcDbLine
 10
351.0598079999999754
 20
-57.8424720000000008
 30
0
 11
351.0462779999999725
 21
-57.8289419999999978
 31
0
  0
LINE
  5
685
330
1A
100
AcDbEntity
  8
F.Courtyard
  6
CONTINUOUS
100
AcDbLine
 10
351.0462779999999725
 20
-57.8289419999999978
 30
0
 11
351.0443750000000023
 21
-57.8193750000000009
 31
0
  0
LINE
  5
686
330
1A
100
AcDbEntity
  8
F.Courtyard
  6
CONTINUOUS
100
AcDbLine
 10
351.0443750000000023
 20
-57.8193750000000009
 30
0
 11
351.0443750000000023
 21
-43.3193750000000009
 31
0
  0
LINE
  5
687
330
1A
100
AcDbEntity
  8
F.Courtyard
  6
CONTINUOUS
100
AcDbLine
 10
351.0443750000000023
 20
-43.3193750000000009
 30
0
 11
351.0462779999999725
 21
-43.3098079999999968
 31
0
  0
LINE
  5
688
330
1A
100
AcDbEntity
  8
F.Courtyard
  6
CONTINUOUS
100
AcDbLine
 10
351.0462779999999725
 20
-43.3098079999999968
 30
0
 11
351.0598079999999754
 21
-43.2962780000000009
 31
0
  0
LINE
  5
689
330
1A
100
AcDbEntity
  8
F.Courtyard
  6
CONTINUOUS
100
AcDbLine
 10
351.0598079999999754
 20
-43.2962780000000009
 30
0
 11
351.0693749999999795
 21
-43.2943749999999952
 31
0
  0
LINE
  5
68A
330
1A
100
AcDbEntity
  8
F.Courtyard
  6
CONTINUOUS
100
AcDbLine
 10
351.0693749999999795
 20
-43.2943749999999952
 30
0
 11
365.5693749999999795
 21
-43.2943749999999952
 31
0
  0
LINE
  5
68B
330
1A
100
AcDbEntity
  8
F.Courtyard
  6
CONTINUOUS
100
AcDbLine
 10
365.5693749999999795
 20
-43.2943749999999952
 30
0
 11
365.5789419999999836
 21
-43.2962780000000009
 31
0
  0
LINE
  5
68C
330
1A
100
AcDbEntity
  8
F.Courtyard
  6
CONTINUOUS
100
AcDbLine
 10
351.0943749999999568
 20
-43.3443749999999994
 30
0
 11
351.0943749999999568
 21
-57.7943749999999952
 31
0
  0
LINE
  5
68D
330
1A
100
AcDbEntity
  8
F.Courtyard
  6
CONTINUOUS
100
AcDbLine
 10
351.0943749999999568
 20
-57.7943749999999952
 30
0
 11
365.5443750000000023
 21
-57.7943749999999952
 31
0
  0
LINE
  5
68E
330
1A
100
AcDbEntity
  8
F.Courtyard
  6
CONTINUOUS
100
AcDbLine
 10
365.5443750000000023
 20
-57.7943749999999952
 30
0
 11
365.5443750000000023
 21
-43.3443749999999994
 31
0
  0
LINE
  5
68F
330
1A
100
AcDbEntity
  8
F.Courtyard
  6
CONTINUOUS
100
AcDbLine
 10
365.5443750000000023
 20
-43.3443749999999994
 30
0
 11
351.0943749999999568
 21
-43.3443749999999994
 31
0
  0
LINE
  5
690
330
1A
100
AcDbEntity
  8
F.Courtyard
  6
CONTINUOUS
100
AcDbLine
 10
36.6664419999999964
 20
-43.2337780000000009
 30
0
 11
36.6799719999999994
 21
-43.2473079999999968
 31
0
  0
LINE
  5
691
330
1A
100
AcDbEntity
  8
F.Courtyard
  6
CONTINUOUS
100
AcDbLine
 10
36.6799719999999994
 20
-43.2473079999999968
 30
0
 11
36.681874999999998
 21
-43.2568750000000009
 31
0
  0
LINE
  5
692
330
1A
100
AcDbEntity
  8
F.Courtyard
  6
CONTINUOUS
100
AcDbLine
 10
36.681874999999998
 20
-43.2568750000000009
 30
0
 11
36.681874999999998
 21
-57.7568750000000009
 31
0
  0
LINE
  5
693
330
1A
100
AcDbEntity
  8
F.Courtyard
  6
CONTINUOUS
100
AcDbLine
 10
36.681874999999998
 20
-57.7568750000000009
 30
0
 11
36.6799719999999994
 21
-57.7664419999999978
 31
0
  0
LINE
  5
694
330
1A
100
AcDbEntity
  8
F.Courtyard
  6
CONTINUOUS
100
AcDbLine
 10
36.6799719999999994
 20
-57.7664419999999978
 30
0
 11
36.6664419999999964
 21
-57.7799720000000008
 31
0
  0
LINE
  5
695
330
1A
100
AcDbEntity
  8
F.Courtyard
  6
CONTINUOUS
100
AcDbLine
 10
36.6664419999999964
 20
-57.7799720000000008
 30
0
 11
36.6568749999999994
 21
-57.7818749999999994
 31
0
  0
LINE
  5
696
330
1A
100
AcDbEntity
  8
F.Courtyard
  6
CONTINUOUS
100
AcDbLine
 10
36.6568749999999994
 20
-57.7818749999999994
 30
0
 11
22.1568749999999994
 21
-57.7818749999999994
 31
0
  0
LINE
  5
697
330
1A
100
AcDbEntity
  8
F.Courtyard
  6
CONTINUOUS
100
AcDbLine
 10
22.1568749999999994
 20
-57.7818749999999994
 30
0
 11
22.1473079999999989
 21
-57.7799720000000008
 31
0
  0
LINE
  5
698
330
1A
100
AcDbEntity
  8
F.Courtyard
  6
CONTINUOUS
100
AcDbLine
 10
22.1473079999999989
 20
-57.7799720000000008
 30
0
 11
22.1337779999999995
 21
-57.7664419999999978
 31
0
  0
LINE
  5
699
330
1A
100
AcDbEntity
  8
F.Courtyard
  6
CONTINUOUS
100
AcDbLine
 10
22.1337779999999995
 20
-57.7664419999999978
 30
0
 11
22.1318749999999973
 21
-57.7568750000000009
 31
0
  0
LINE
  5
69A
330
1A
100
AcDbEntity
  8
F.Courtyard
  6
CONTINUOUS
100
AcDbLine
 10
22.1318749999999973
 20
-57.7568750000000009
 30
0
 11
22.1318749999999973
 21
-43.2568750000000009
 31
0
  0
LINE
  5
69B
330
1A
100
AcDbEntity
  8
F.Courtyard
  6
CONTINUOUS
100
AcDbLine
 10
22.1318749999999973
 20
-43.2568750000000009
 30
0
 11
22.1337779999999995
 21
-43.2473079999999968
 31
0
  0
LINE
  5
69C
330
1A
100
AcDbEntity
  8
F.Courtyard
  6
CONTINUOUS
100
AcDbLine
 10
22.1337779999999995
 20
-43.2473079999999968
 30
0
 11
22.1473079999999989
 21
-43.2337780000000009
 31
0
  0
LINE
  5
69D
330
1A
100
AcDbEntity
  8
F.Courtyard
  6
CONTINUOUS
100
AcDbLine
 10
22.1473079999999989
 20
-43.2337780000000009
 30
0
 11
22.1568749999999994
 21
-43.2318749999999952
 31
0
  0
LINE
  5
69E
330
1A
100
AcDbEntity
  8
F.Courtyard
  6
CONTINUOUS
100
AcDbLine
 10
22.1568749999999994
 20
-43.2318749999999952
 30
0
 11
36.6568749999999994
 21
-43.2318749999999952
 31
0
  0
LINE
  5
69F
330
1A
100
AcDbEntity
  8
F.Courtyard
  6
CONTINUOUS
100
AcDbLine
 10
36.6568749999999994
 20
-43.2318749999999952
 30
0
 11
36.6664419999999964
 21
-43.2337780000000009
 31
0
  0
LINE
  5
6A0
330
1A
100
AcDbEntity
  8
F.Courtyard
  6
CONTINUOUS
100
AcDbLine
 10
22.181874999999998
 20
-43.2818749999999994
 30
0
 11
22.181874999999998
 21
-57.7318749999999952
 31
0
  0
LINE
  5
6A1
330
1A
100
AcDbEntity
  8
F.Courtyard
  6
CONTINUOUS
100
AcDbLine
 10
22.181874999999998
 20
-57.7318749999999952
 30
0
 11
36.6318750000000009
 21
-57.7318749999999952
 31
0
  0
LINE
  5
6A2
330
1A
100
AcDbEntity
  8
F.Courtyard
  6
CONTINUOUS
100
AcDbLine
 10
36.6318750000000009
 20
-57.7318749999999952
 30
0
 11
36.6318750000000009
 21
-43.2818749999999994
 31
0
  0
LINE
  5
6A3
330
1A
100
AcDbEntity
  8
F.Courtyard
  6
CONTINUOUS
100
AcDbLine
 10
36.6318750000000009
 20
-43.2818749999999994
 30
0
 11
22.181874999999998
 21
-43.2818749999999994
 31
0
  0
LINE
  5
6A4
330
1A
100
AcDbEntity
  8
F.Courtyard
  6
CONTINUOUS
100
AcDbLine
 10
74.4489420000000024
 20
-43.2337780000000009
 30
0
 11
74.4624719999999911
 21
-43.2473079999999968
 31
0
  0
LINE
  5
6A5
330
1A
100
AcDbEntity
  8
F.Courtyard
  6
CONTINUOUS
100
AcDbLine
 10
74.4624719999999911
 20
-43.2473079999999968
 30
0
 11
74.4643749999999898
 21
-43.2568750000000009
 31
0
  0
LINE
  5
6A6
330
1A
100
AcDbEntity
  8
F.Courtyard
  6
CONTINUOUS
100
AcDbLine
 10
74.4643749999999898
 20
-43.2568750000000009
 30
0
 11
74.4643749999999898
 21
-57.7568750000000009
 31
0
  0
LINE
  5
6A7
330
1A
100
AcDbEntity
  8
F.Courtyard
  6
CONTINUOUS
100
AcDbLine
 10
74.4643749999999898
 20
-57.7568750000000009
 30
0
 11
74.4624719999999911
 21
-57.7664419999999978
 31
0
  0
LINE
  5
6A8
330
1A
100
AcDbEntity
  8
F.Courtyard
  6
CONTINUOUS
100
AcDbLine
 10
74.4624719999999911
 20
-57.7664419999999978
 30
0
 11
74.4489420000000024
 21
-57.7799720000000008
 31
0
  0
LINE
  5
6A9
330
1A
100
AcDbEntity
  8
F.Courtyard
  6
CONTINUOUS
100
AcDbLine
 10
74.4489420000000024
 20
-57.7799720000000008
 30
0
 11
74.4393749999999983
 21
-57.7818749999999994
 31
0
  0
LINE
  5
6AA
330
1A
100
AcDbEntity
  8
F.Courtyard
  6
CONTINUOUS
100
AcDbLine
 10
74.4393749999999983
 20
-57.7818749999999994
 30
0
 11
59.9393749999999983
 21
-57.7818749999999994
 31
0
  0
LINE
  5
6AB
330
1A
100
AcDbEntity
  8
F.Courtyard
  6
CONTINUOUS
100
AcDbLine
 10
59.9393749999999983
 20
-57.7818749999999994
 30
0
 11
59.9298079999999942
 21
-57.7799720000000008
 31
0
  0
LINE
  5
6AC
330
1A
100
AcDbEntity
  8
F.Courtyard
  6
CONTINUOUS
100
AcDbLine
 10
59.9298079999999942
 20
-57.7799720000000008
 30
0
 11
59.9162779999999984
 21
-57.7664419999999978
 31
0
  0
LINE
  5
6AD
330
1A
100
AcDbEntity
  8
F.Courtyard
  6
CONTINUOUS
100
AcDbLine
 10
59.9162779999999984
 20
-57.7664419999999978
 30
0
 11
59.9143749999999997
 21
-57.7568750000000009
 31
0
  0
LINE
  5
6AE
330
1A
100
AcDbEntity
  8
F.Courtyard
  6
CONTINUOUS
100
AcDbLine
 10
59.9143749999999997
 20
-57.7568750000000009
 30
0
 11
59.9143749999999997
 21
-43.2568750000000009
 31
0
  0
LINE
  5
6AF
330
1A
100
AcDbEntity
  8
F.Courtyard
  6
CONTINUOUS
100
AcDbLine
 10
59.9143749999999997
 20
-43.2568750000000009
 30
0
 11
59.9162779999999984
 21
-43.2473079999999968
 31
0
  0
LINE
  5
6B0
330
1A
100
AcDbEntity
  8
F.Courtyard
  6
CONTINUOUS
100
AcDbLine
 10
59.9162779999999984
 20
-43.2473079999999968
 30
0
 11
59.9298079999999942
 21
-43.2337780000000009
 31
0
  0
LINE
  5
6B1
330
1A
100
AcDbEntity
  8
F.Courtyard
  6
CONTINUOUS
100
AcDbLine
 10
59.9298079999999942
 20
-43.2337780000000009
 30
0
 11
59.9393749999999983
 21
-43.2318749999999952
 31
0
  0
LINE
  5
6B2
330
1A
100
AcDbEntity
  8
F.Courtyard
  6
CONTINUOUS
100
AcDbLine
 10
59.9393749999999983
 20
-43.2318749999999952
 30
0
 11
74.4393749999999983
 21
-43.2318749999999952
 31
0
  0
LINE
  5
6B3
330
1A
100
AcDbEntity
  8
F.Courtyard
  6
CONTINUOUS
100
AcDbLine
 10
74.4393749999999983
 20
-43.2318749999999952
 30
0
 11
74.4489420000000024
 21
-43.2337780000000009
 31
0
  0
LINE
  5
6B4
330
1A
100
AcDbEntity
  8
F.Courtyard
  6
CONTINUOUS
100
AcDbLine
 10
59.9643749999999969
 20
-43.2818749999999994
 30
0
 11
59.9643749999999969
 21
-57.7318749999999952
 31
0
  0
LINE
  5
6B5
330
1A
100
AcDbEntity
  8
F.Courtyard
  6
CONTINUOUS
100
AcDbLine
 10
59.9643749999999969
 20
-57.7318749999999952
 30
0
 11
74.4143749999999926
 21
-57.7318749999999952
 31
0
  0
LINE
  5
6B6
330
1A
100
AcDbEntity
  8
F.Courtyard
  6
CONTINUOUS
100
AcDbLine
 10
74.4143749999999926
 20
-57.7318749999999952
 30
0
 11
74.4143749999999926
 21
-43.2818749999999994
 31
0
  0
LINE
  5
6B7
330
1A
100
AcDbEntity
  8
F.Courtyard
  6
CONTINUOUS
100
AcDbLine
 10
74.4143749999999926
 20
-43.2818749999999994
 30
0
 11
59.9643749999999969
 21
-43.2818749999999994
 31
0
  0
LINE
  5
6B8
330
1A
100
AcDbEntity
  8
F.Courtyard
  6
CONTINUOUS
100
AcDbLine
 10
93.4989419999999996
 20
-43.2337780000000009
 30
0
 11
93.5124720000000025
 21
-43.2473079999999968
 31
0
  0
LINE
  5
6B9
330
1A
100
AcDbEntity
  8
F.Courtyard
  6
CONTINUOUS
100
AcDbLine
 10
93.5124720000000025
 20
-43.2473079999999968
 30
0
 11
93.5143750000000011
 21
-43.2568750000000009
 31
0
  0
LINE
  5
6BA
330
1A
100
AcDbEntity
  8
F.Courtyard
  6
CONTINUOUS
100
AcDbLine
 10
93.5143750000000011
 20
-43.2568750000000009
 30
0
 11
93.5143750000000011
 21
-57.7568750000000009
 31
0
  0
LINE
  5
6BB
330
1A
100
AcDbEntity
  8
F.Courtyard
  6
CONTINUOUS
100
AcDbLine
 10
93.5143750000000011
 20
-57.7568750000000009
 30
0
 11
93.5124720000000025
 21
-57.7664419999999978
 31
0
  0
LINE
  5
6BC
330
1A
100
AcDbEntity
  8
F.Courtyard
  6
CONTINUOUS
100
AcDbLine
 10
93.5124720000000025
 20
-57.7664419999999978
 30
0
 11
93.4989419999999996
 21
-57.7799720000000008
 31
0
  0
LINE
  5
6BD
330
1A
100
AcDbEntity
  8
F.Courtyard
  6
CONTINUOUS
100
AcDbLine
 10
93.4989419999999996
 20
-57.7799720000000008
 30
0
 11
93.4893749999999955
 21
-57.7818749999999994
 31
0
  0
LINE
  5
6BE
330
1A
100
AcDbEntity
  8
F.Courtyard
  6
CONTINUOUS
100
AcDbLine
 10
93.4893749999999955
 20
-57.7818749999999994
 30
0
 11
78.9893749999999955
 21
-57.7818749999999994
 31
0
  0
LINE
  5
6BF
330
1A
100
AcDbEntity
  8
F.Courtyard
  6
CONTINUOUS
100
AcDbLine
 10
78.9893749999999955
 20
-57.7818749999999994
 30
0
 11
78.9798079999999914
 21
-57.7799720000000008
 31
0
  0
LINE
  5
6C0
330
1A
100
AcDbEntity
  8
F.Courtyard
  6
CONTINUOUS
100
AcDbLine
 10
78.9798079999999914
 20
-57.7799720000000008
 30
0
 11
78.9662780000000026
 21
-57.7664419999999978
 31
0
  0
LINE
  5
6C1
330
1A
100
AcDbEntity
  8
F.Courtyard
  6
CONTINUOUS
100
AcDbLine
 10
78.9662780000000026
 20
-57.7664419999999978
 30
0
 11
78.9643749999999898
 21
-57.7568750000000009
 31
0
  0
LINE
  5
6C2
330
1A
100
AcDbEntity
  8
F.Courtyard
  6
CONTINUOUS
100
AcDbLine
 10
78.9643749999999898
 20
-57.7568750000000009
 30
0
 11
78.9643749999999898
 21
-43.2568750000000009
 31
0
  0
LINE
  5
6C3
330
1A
100
AcDbEntity
  8
F.Courtyard
  6
CONTINUOUS
100
AcDbLine
 10
78.9643749999999898
 20
-43.2568750000000009
 30
0
 11
78.9662780000000026
 21
-43.2473079999999968
 31
0
  0
LINE
  5
6C4
330
1A
100
AcDbEntity
  8
F.Courtyard
  6
CONTINUOUS
100
AcDbLine
 10
78.9662780000000026
 20
-43.2473079999999968
 30
0
 11
78.9798079999999914
 21
-43.2337780000000009
 31
0
  0
LINE
  5
6C5
330
1A
100
AcDbEntity
  8
F.Courtyard
  6
CONTINUOUS
100
AcDbLine
 10
78.9798079999999914
 20
-43.2337780000000009
 30
0
 11
78.9893749999999955
 21
-43.2318749999999952
 31
0
  0
LINE
  5
6C6
330
1A
100
AcDbEntity
  8
F.Courtyard
  6
CONTINUOUS
100
AcDbLine
 10
78.9893749999999955
 20
-43.2318749999999952
 30
0
 11
93.4893749999999955
 21
-43.2318749999999952
 31
0
  0
LINE
  5
6C7
330
1A
100
AcDbEntity
  8
F.Courtyard
  6
CONTINUOUS
100
AcDbLine
 10
93.4893749999999955
 20
-43.2318749999999952
 30
0
 11
93.4989419999999996
 21
-43.2337780000000009
 31
0
  0
LINE
  5
6C8
330
1A
100
AcDbEntity
  8
F.Courtyard
  6
CONTINUOUS
100
AcDbLine
 10
79.0143750000000011
 20
-43.2818749999999994
 30
0
 11
79.0143750000000011
 21
-57.7318749999999952
 31
0
  0
LINE
  5
6C9
330
1A
100
AcDbEntity
  8
F.Courtyard
  6
CONTINUOUS
100
AcDbLine
 10
79.0143750000000011
 20
-57.7318749999999952
 30
0
 11
93.4643749999999898
 21
-57.7318749999999952
 31
0
  0
LINE
  5
6CA
330
1A
100
AcDbEntity
  8
F.Courtyard
  6
CONTINUOUS
100
AcDbLine
 10
93.4643749999999898
 20
-57.7318749999999952
 30
0
 11
93.4643749999999898
 21
-43.2818749999999994
 31
0
  0
LINE
  5
6CB
330
1A
100
AcDbEntity
  8
F.Courtyard
  6
CONTINUOUS
100
AcDbLine
 10
93.4643749999999898
 20
-43.2818749999999994
 30
0
 11
79.0143750000000011
 21
-43.2818749999999994
 31
0
  0
LINE
  5
6CC
330
1A
100
AcDbEntity
  8
F.Courtyard
  6
CONTINUOUS
100
AcDbLine
 10
112.5489419999999967
 20
-43.2337780000000009
 30
0
 11
112.5624719999999996
 21
-43.2473079999999968
 31
0
  0
LINE
  5
6CD
330
1A
100
AcDbEntity
  8
F.Courtyard
  6
CONTINUOUS
100
AcDbLine
 10
112.5624719999999996
 20
-43.2473079999999968
 30
0
 11
112.5643749999999983
 21
-43.2568750000000009
 31
0
  0
LINE
  5
6CE
330
1A
100
AcDbEntity
  8
F.Courtyard
  6
CONTINUOUS
100
AcDbLine
 10
112.5643749999999983
 20
-43.2568750000000009
 30
0
 11
112.5643749999999983
 21
-57.7568750000000009
 31
0
  0
LINE
  5
6CF
330
1A
100
AcDbEntity
  8
F.Courtyard
  6
CONTINUOUS
100
AcDbLine
 10
112.5643749999999983
 20
-57.7568750000000009
 30
0
 11
112.5624719999999996
 21
-57.7664419999999978
 31
0
  0
LINE
  5
6D0
330
1A
100
AcDbEntity
  8
F.Courtyard
  6
CONTINUOUS
100
AcDbLine
 10
112.5624719999999996
 20
-57.7664419999999978
 30
0
 11
112.5489419999999967
 21
-57.7799720000000008
 31
0
  0
LINE
  5
6D1
330
1A
100
AcDbEntity
  8
F.Courtyard
  6
CONTINUOUS
100
AcDbLine
 10
112.5489419999999967
 20
-57.7799720000000008
 30
0
 11
112.5393749999999926
 21
-57.7818749999999994
 31
0
  0
LINE
  5
6D2
330
1A
100
AcDbEntity
  8
F.Courtyard
  6
CONTINUOUS
100
AcDbLine
 10
112.5393749999999926
 20
-57.7818749999999994
 30
0
 11
98.0393749999999926
 21
-57.7818749999999994
 31
0
  0
LINE
  5
6D3
330
1A
100
AcDbEntity
  8
F.Courtyard
  6
CONTINUOUS
100
AcDbLine
 10
98.0393749999999926
 20
-57.7818749999999994
 30
0
 11
98.0298079999999885
 21
-57.7799720000000008
 31
0
  0
LINE
  5
6D4
330
1A
100
AcDbEntity
  8
F.Courtyard
  6
CONTINUOUS
100
AcDbLine
 10
98.0298079999999885
 20
-57.7799720000000008
 30
0
 11
98.0162779999999998
 21
-57.7664419999999978
 31
0
  0
LINE
  5
6D5
330
1A
100
AcDbEntity
  8
F.Courtyard
  6
CONTINUOUS
100
AcDbLine
 10
98.0162779999999998
 20
-57.7664419999999978
 30
0
 11
98.0143750000000011
 21
-57.7568750000000009
 31
0
  0
LINE
  5
6D6
330
1A
100
AcDbEntity
  8
F.Courtyard
  6
CONTINUOUS
100
AcDbLine
 10
98.0143750000000011
 20
-57.7568750000000009
 30
0
 11
98.0143750000000011
 21
-43.2568750000000009
 31
0
  0
LINE
  5
6D7
330
1A
100
AcDbEntity
  8
F.Courtyard
  6
CONTINUOUS
100
AcDbLine
 10
98.0143750000000011
 20
-43.2568750000000009
 30
0
 11
98.0162779999999998
 21
-43.2473079999999968
 31
0
  0
LINE
  5
6D8
330
1A
100
AcDbEntity
  8
F.Courtyard
  6
CONTINUOUS
100
AcDbLine
 10
98.0162779999999998
 20
-43.2473079999999968
 30
0
 11
98.0298079999999885
 21
-43.2337780000000009
 31
0
  0
LINE
  5
6D9
330
1A
100
AcDbEntity
  8
F.Courtyard
  6
CONTINUOUS
100
AcDbLine
 10
98.0298079999999885
 20
-43.2337780000000009
 30
0
 11
98.0393749999999926
 21
-43.2318749999999952
 31
0
  0
LINE
  5
6DA
330
1A
100
AcDbEntity
  8
F.Courtyard
  6
CONTINUOUS
100
AcDbLine
 10
98.0393749999999926
 20
-43.2318749999999952
 30
0
 11
112.5393749999999926
 21
-43.2318749999999952
 31
0
  0
LINE
  5
6DB
330
1A
100
AcDbEntity
  8
F.Courtyard
  6
CONTINUOUS
100
AcDbLine
 10
112.5393749999999926
 20
-43.2318749999999952
 30
0
 11
112.5489419999999967
 21
-43.2337780000000009
 31
0
  0
LINE
  5
6DC
330
1A
100
AcDbEntity
  8
F.Courtyard
  6
CONTINUOUS
100
AcDbLine
 10
98.0643749999999983
 20
-43.2818749999999994
 30
0
 11
98.0643749999999983
 21
-57.7318749999999952
 31
0
  0
LINE
  5
6DD
330
1A
100
AcDbEntity
  8
F.Courtyard
  6
CONTINUOUS
100
AcDbLine
 10
98.0643749999999983
 20
-57.7318749999999952
 30
0
 11
112.5143750000000011
 21
-57.7318749999999952
 31
0
  0
LINE
  5
6DE
330
1A
100
AcDbEntity
  8
F.Courtyard
  6
CONTINUOUS
100
AcDbLine
 10
112.5143750000000011
 20
-57.7318749999999952
 30
0
 11
112.5143750000000011
 21
-43.2818749999999994
 31
0
  0
LINE
  5
6DF
330
1A
100
AcDbEntity
  8
F.Courtyard
  6
CONTINUOUS
100
AcDbLine
 10
112.5143750000000011
 20
-43.2818749999999994
 30
0
 11
98.0643749999999983
 21
-43.2818749999999994
 31
0
  0
LINE
  5
6E0
330
1A
100
AcDbEntity
  8
F.Courtyard
  6
CONTINUOUS
100
AcDbLine
 10
131.5989419999999939
 20
-43.2337780000000009
 30
0
 11
131.6124719999999968
 21
-43.2473079999999968
 31
0
  0
LINE
  5
6E1
330
1A
100
AcDbEntity
  8
F.Courtyard
  6
CONTINUOUS
100
AcDbLine
 10
131.6124719999999968
 20
-43.2473079999999968
 30
0
 11
131.6143749999999955
 21
-43.2568750000000009
 31
0
  0
LINE
  5
6E2
330
1A
100
AcDbEntity
  8
F.Courtyard
  6
CONTINUOUS
100
AcDbLine
 10
131.6143749999999955
 20
-43.2568750000000009
 30
0
 11
131.6143749999999955
 21
-57.7568750000000009
 31
0
  0
LINE
  5
6E3
330
1A
100
AcDbEntity
  8
F.Courtyard
  6
CONTINUOUS
100
AcDbLine
 10
131.6143749999999955
 20
-57.7568750000000009
 30
0
 11
131.6124719999999968
 21
-57.7664419999999978
 31
0
  0
LINE
  5
6E4
330
1A
100
AcDbEntity
  8
F.Courtyard
  6
CONTINUOUS
100
AcDbLine
 10
131.6124719999999968
 20
-57.7664419999999978
 30
0
 11
131.5989419999999939
 21
-57.7799720000000008
 31
0
  0
LINE
  5
6E5
330
1A
100
AcDbEntity
  8
F.Courtyard
  6
CONTINUOUS
100
AcDbLine
 10
131.5989419999999939
 20
-57.7799720000000008
 30
0
 11
131.5893749999999898
 21
-57.7818749999999994
 31
0
  0
LINE
  5
6E6
330
1A
100
AcDbEntity
  8
F.Courtyard
  6
CONTINUOUS
100
AcDbLine
 10
131.5893749999999898
 20
-57.7818749999999994
 30
0
 11
117.0893749999999898
 21
-57.7818749999999994
 31
0
  0
LINE
  5
6E7
330
1A
100
AcDbEntity
  8
F.Courtyard
  6
CONTINUOUS
100
AcDbLine
 10
117.0893749999999898
 20
-57.7818749999999994
 30
0
 11
117.0798079999999999
 21
-57.7799720000000008
 31
0
  0
LINE
  5
6E8
330
1A
100
AcDbEntity
  8
F.Courtyard
  6
CONTINUOUS
100
AcDbLine
 10
117.0798079999999999
 20
-57.7799720000000008
 30
0
 11
117.066277999999997
 21
-57.7664419999999978
 31
0
  0
LINE
  5
6E9
330
1A
100
AcDbEntity
  8
F.Courtyard
  6
CONTINUOUS
100
AcDbLine
 10
117.066277999999997
 20
-57.7664419999999978
 30
0
 11
117.0643749999999983
 21
-57.7568750000000009
 31
0
  0
LINE
  5
6EA
330
1A
100
AcDbEntity
  8
F.Courtyard
  6
CONTINUOUS
100
AcDbLine
 10
117.0643749999999983
 20
-57.7568750000000009
 30
0
 11
117.0643749999999983
 21
-43.2568750000000009
 31
0
  0
LINE
  5
6EB
330
1A
100
AcDbEntity
  8
F.Courtyard
  6
CONTINUOUS
100
AcDbLine
 10
117.0643749999999983
 20
-43.2568750000000009
 30
0
 11
117.066277999999997
 21
-43.2473079999999968
 31
0
  0
LINE
  5
6EC
330
1A
100
AcDbEntity
  8
F.Courtyard
  6
CONTINUOUS
100
AcDbLine
 10
117.066277999999997
 20
-43.2473079999999968
 30
0
 11
117.0798079999999999
 21
-43.2337780000000009
 31
0
  0
LINE
  5
6ED
330
1A
100
AcDbEntity
  8
F.Courtyard
  6
CONTINUOUS
100
AcDbLine
 10
117.0798079999999999
 20
-43.2337780000000009
 30
0
 11
117.0893749999999898
 21
-43.2318749999999952
 31
0
  0
LINE
  5
6EE
330
1A
100
AcDbEntity
  8
F.Courtyard
  6
CONTINUOUS
100
AcDbLine
 10
117.0893749999999898
 20
-43.2318749999999952
 30
0
 11
131.5893749999999898
 21
-43.2318749999999952
 31
0
  0
LINE
  5
6EF
330
1A
100
AcDbEntity
  8
F.Courtyard
  6
CONTINUOUS
100
AcDbLine
 10
131.5893749999999898
 20
-43.2318749999999952
 30
0
 11
131.5989419999999939
 21
-43.2337780000000009
 31
0
  0
LINE
  5
6F0
330
1A
100
AcDbEntity
  8
F.Courtyard
  6
CONTINUOUS
100
AcDbLine
 10
117.1143749999999955
 20
-43.2818749999999994
 30
0
 11
117.1143749999999955
 21
-57.7318749999999952
 31
0
  0
LINE
  5
6F1
330
1A
100
AcDbEntity
  8
F.Courtyard
  6
CONTINUOUS
100
AcDbLine
 10
117.1143749999999955
 20
-57.7318749999999952
 30
0
 11
131.5643749999999841
 21
-57.7318749999999952
 31
0
  0
LINE
  5
6F2
330
1A
100
AcDbEntity
  8
F.Courtyard
  6
CONTINUOUS
100
AcDbLine
 10
131.5643749999999841
 20
-57.7318749999999952
 30
0
 11
131.5643749999999841
 21
-43.2818749999999994
 31
0
  0
LINE
  5
6F3
330
1A
100
AcDbEntity
  8
F.Courtyard
  6
CONTINUOUS
100
AcDbLine
 10
131.5643749999999841
 20
-43.2818749999999994
 30
0
 11
117.1143749999999955
 21
-43.2818749999999994
 31
0
  0
LINE
  5
6F4
330
1A
100
AcDbEntity
  8
F.Courtyard
  6
CONTINUOUS
100
AcDbLine
 10
160.1739419999999825
 20
-43.2337780000000009
 30
0
 11
160.1874719999999854
 21
-43.2473079999999968
 31
0
  0
LINE
  5
6F5
330
1A
100
AcDbEntity
  8
F.Courtyard
  6
CONTINUOUS
100
AcDbLine
 10
160.1874719999999854
 20
-43.2473079999999968
 30
0
 11
160.1893749999999841
 21
-43.2568750000000009
 31
0
  0
LINE
  5
6F6
330
1A
100
AcDbEntity
  8
F.Courtyard
  6
CONTINUOUS
100
AcDbLine
 10
160.1893749999999841
 20
-43.2568750000000009
 30
0
 11
160.1893749999999841
 21
-57.7568750000000009
 31
0
  0
LINE
  5
6F7
330
1A
100
AcDbEntity
  8
F.Courtyard
  6
CONTINUOUS
100
AcDbLine
 10
160.1893749999999841
 20
-57.7568750000000009
 30
0
 11
160.1874719999999854
 21
-57.7664419999999978
 31
0
  0
LINE
  5
6F8
330
1A
100
AcDbEntity
  8
F.Courtyard
  6
CONTINUOUS
100
AcDbLine
 10
160.1874719999999854
 20
-57.7664419999999978
 30
0
 11
160.1739419999999825
 21
-57.7799720000000008
 31
0
  0
LINE
  5
6F9
330
1A
100
AcDbEntity
  8
F.Courtyard
  6
CONTINUOUS
100
AcDbLine
 10
160.1739419999999825
 20
-57.7799720000000008
 30
0
 11
160.1643750000000068
 21
-57.7818749999999994
 31
0
  0
LINE
  5
6FA
330
1A
100
AcDbEntity
  8
F.Courtyard
  6
CONTINUOUS
100
AcDbLine
 10
160.1643750000000068
 20
-57.7818749999999994
 30
0
 11
145.6643750000000068
 21
-57.7818749999999994
 31
0
  0
LINE
  5
6FB
330
1A
100
AcDbEntity
  8
F.Courtyard
  6
CONTINUOUS
100
AcDbLine
 10
145.6643750000000068
 20
-57.7818749999999994
 30
0
 11
145.6548080000000027
 21
-57.7799720000000008
 31
0
  0
LINE
  5
6FC
330
1A
100
AcDbEntity
  8
F.Courtyard
  6
CONTINUOUS
100
AcDbLine
 10
145.6548080000000027
 20
-57.7799720000000008
 30
0
 11
145.6412779999999998
 21
-57.7664419999999978
 31
0
  0
LINE
  5
6FD
330
1A
100
AcDbEntity
  8
F.Courtyard
  6
CONTINUOUS
100
AcDbLine
 10
145.6412779999999998
 20
-57.7664419999999978
 30
0
 11
145.6393750000000011
 21
-57.7568750000000009
 31
0
  0
LINE
  5
6FE
330
1A
100
AcDbEntity
  8
F.Courtyard
  6
CONTINUOUS
100
AcDbLine
 10
145.6393750000000011
 20
-57.7568750000000009
 30
0
 11
145.6393750000000011
 21
-43.2568750000000009
 31
0
  0
LINE
  5
6FF
330
1A
100
AcDbEntity
  8
F.Courtyard
  6
CONTINUOUS
100
AcDbLine
 10
145.6393750000000011
 20
-43.2568750000000009
 30
0
 11
145.6412779999999998
 21
-43.2473079999999968
 31
0
  0
LINE
  5
700
330
1A
100
AcDbEntity
  8
F.Courtyard
  6
CONTINUOUS
100
AcDbLine
 10
145.6412779999999998
 20
-43.2473079999999968
 30
0
 11
145.6548080000000027
 21
-43.2337780000000009
 31
0
  0
LINE
  5
701
330
1A
100
AcDbEntity
  8
F.Courtyard
  6
CONTINUOUS
100
AcDbLine
 10
145.6548080000000027
 20
-43.2337780000000009
 30
0
 11
145.6643750000000068
 21
-43.2318749999999952
 31
0
  0
LINE
  5
702
330
1A
100
AcDbEntity
  8
F.Courtyard
  6
CONTINUOUS
100
AcDbLine
 10
145.6643750000000068
 20
-43.2318749999999952
 30
0
 11
160.1643750000000068
 21
-43.2318749999999952
 31
0
  0
LINE
  5
703
330
1A
100
AcDbEntity
  8
F.Courtyard
  6
CONTINUOUS
100
AcDbLine
 10
160.1643750000000068
 20
-43.2318749999999952
 30
0
 11
160.1739419999999825
 21
-43.2337780000000009
 31
0
  0
LINE
  5
704
330
1A
100
AcDbEntity
  8
F.Courtyard
  6
CONTINUOUS
100
AcDbLine
 10
145.6893749999999841
 20
-43.2818749999999994
 30
0
 11
145.6893749999999841
 21
-57.7318749999999952
 31
0
  0
LINE
  5
705
330
1A
100
AcDbEntity
  8
F.Courtyard
  6
CONTINUOUS
100
AcDbLine
 10
145.6893749999999841
 20
-57.7318749999999952
 30
0
 11
160.1393750000000011
 21
-57.7318749999999952
 31
0
  0
LINE
  5
706
330
1A
100
AcDbEntity
  8
F.Courtyard
  6
CONTINUOUS
100
AcDbLine
 10
160.1393750000000011
 20
-57.7318749999999952
 30
0
 11
160.1393750000000011
 21
-43.2818749999999994
 31
0
  0
LINE
  5
707
330
1A
100
AcDbEntity
  8
F.Courtyard
  6
CONTINUOUS
100
AcDbLine
 10
160.1393750000000011
 20
-43.2818749999999994
 30
0
 11
145.6893749999999841
 21
-43.2818749999999994
 31
0
  0
LINE
  5
708
330
1A
100
AcDbEntity
  8
F.Courtyard
  6
CONTINUOUS
100
AcDbLine
 10
179.2239419999999939
 20
-43.2337780000000009
 30
0
 11
179.2374719999999968
 21
-43.2473079999999968
 31
0
  0
LINE
  5
709
330
1A
100
AcDbEntity
  8
F.Courtyard
  6
CONTINUOUS
100
AcDbLine
 10
179.2374719999999968
 20
-43.2473079999999968
 30
0
 11
179.2393749999999955
 21
-43.2568750000000009
 31
0
  0
LINE
  5
70A
330
1A
100
AcDbEntity
  8
F.Courtyard
  6
CONTINUOUS
100
AcDbLine
 10
179.2393749999999955
 20
-43.2568750000000009
 30
0
 11
179.2393749999999955
 21
-57.7568750000000009
 31
0
  0
LINE
  5
70B
330
1A
100
AcDbEntity
  8
F.Courtyard
  6
CONTINUOUS
100
AcDbLine
 10
179.2393749999999955
 20
-57.7568750000000009
 30
0
 11
179.2374719999999968
 21
-57.7664419999999978
 31
0
  0
LINE
  5
70C
330
1A
100
AcDbEntity
  8
F.Courtyard
  6
CONTINUOUS
100
AcDbLine
 10
179.2374719999999968
 20
-57.7664419999999978
 30
0
 11
179.2239419999999939
 21
-57.7799720000000008
 31
0
  0
LINE
  5
70D
330
1A
100
AcDbEntity
  8
F.Courtyard
  6
CONTINUOUS
100
AcDbLine
 10
179.2239419999999939
 20
-57.7799720000000008
 30
0
 11
179.2143749999999898
 21
-57.7818749999999994
 31
0
  0
LINE
  5
70E
330
1A
100
AcDbEntity
  8
F.Courtyard
  6
CONTINUOUS
100
AcDbLine
 10
179.2143749999999898
 20
-57.7818749999999994
 30
0
 11
164.7143749999999898
 21
-57.7818749999999994
 31
0
  0
LINE
  5
70F
330
1A
100
AcDbEntity
  8
F.Courtyard
  6
CONTINUOUS
100
AcDbLine
 10
164.7143749999999898
 20
-57.7818749999999994
 30
0
 11
164.7048079999999857
 21
-57.7799720000000008
 31
0
  0
LINE
  5
710
330
1A
100
AcDbEntity
  8
F.Courtyard
  6
CONTINUOUS
100
AcDbLine
 10
164.7048079999999857
 20
-57.7799720000000008
 30
0
 11
164.6912779999999827
 21
-57.7664419999999978
 31
0
  0
LINE
  5
711
330
1A
100
AcDbEntity
  8
F.Courtyard
  6
CONTINUOUS
100
AcDbLine
 10
164.6912779999999827
 20
-57.7664419999999978
 30
0
 11
164.6893749999999841
 21
-57.7568750000000009
 31
0
  0
LINE
  5
712
330
1A
100
AcDbEntity
  8
F.Courtyard
  6
CONTINUOUS
100
AcDbLine
 10
164.6893749999999841
 20
-57.7568750000000009
 30
0
 11
164.6893749999999841
 21
-43.2568750000000009
 31
0
  0
LINE
  5
713
330
1A
100
AcDbEntity
  8
F.Courtyard
  6
CONTINUOUS
100
AcDbLine
 10
164.6893749999999841
 20
-43.2568750000000009
 30
0
 11
164.6912779999999827
 21
-43.2473079999999968
 31
0
  0
LINE
  5
714
330
1A
100
AcDbEntity
  8
F.Courtyard
  6
CONTINUOUS
100
AcDbLine
 10
164.6912779999999827
 20
-43.2473079999999968
 30
0
 11
164.7048079999999857
 21
-43.2337780000000009
 31
0
  0
LINE
  5
715
330
1A
100
AcDbEntity
  8
F.Courtyard
  6
CONTINUOUS
100
AcDbLine
 10
164.7048079999999857
 20
-43.2337780000000009
 30
0
 11
164.7143749999999898
 21
-43.2318749999999952
 31
0
  0
LINE
  5
716
330
1A
100
AcDbEntity
  8
F.Courtyard
  6
CONTINUOUS
100
AcDbLine
 10
164.7143749999999898
 20
-43.2318749999999952
 30
0
 11
179.2143749999999898
 21
-43.2318749999999952
 31
0
  0
LINE
  5
717
330
1A
100
AcDbEntity
  8
F.Courtyard
  6
CONTINUOUS
100
AcDbLine
 10
179.2143749999999898
 20
-43.2318749999999952
 30
0
 11
179.2239419999999939
 21
-43.2337780000000009
 31
0
  0
LINE
  5
718
330
1A
100
AcDbEntity
  8
F.Courtyard
  6
CONTINUOUS
100
AcDbLine
 10
164.7393749999999955
 20
-43.2818749999999994
 30
0
 11
164.7393749999999955
 21
-57.7318749999999952
 31
0
  0
LINE
  5
719
330
1A
100
AcDbEntity
  8
F.Courtyard
  6
CONTINUOUS
100
AcDbLine
 10
164.7393749999999955
 20
-57.7318749999999952
 30
0
 11
179.1893749999999841
 21
-57.7318749999999952
 31
0
  0
LINE
  5
71A
330
1A
100
AcDbEntity
  8
F.Courtyard
  6
CONTINUOUS
100
AcDbLine
 10
179.1893749999999841
 20
-57.7318749999999952
 30
0
 11
179.1893749999999841
 21
-43.2818749999999994
 31
0
  0
LINE
  5
71B
330
1A
100
AcDbEntity
  8
F.Courtyard
  6
CONTINUOUS
100
AcDbLine
 10
179.1893749999999841
 20
-43.2818749999999994
 30
0
 11
164.7393749999999955
 21
-43.2818749999999994
 31
0
  0
LINE
  5
71C
330
1A
100
AcDbEntity
  8
F.Courtyard
  6
CONTINUOUS
100
AcDbLine
 10
198.2739420000000052
 20
-43.2337780000000009
 30
0
 11
198.2874719999999797
 21
-43.2473079999999968
 31
0
  0
LINE
  5
71D
330
1A
100
AcDbEntity
  8
F.Courtyard
  6
CONTINUOUS
100
AcDbLine
 10
198.2874719999999797
 20
-43.2473079999999968
 30
0
 11
198.2893749999999784
 21
-43.2568750000000009
 31
0
  0
LINE
  5
71E
330
1A
100
AcDbEntity
  8
F.Courtyard
  6
CONTINUOUS
100
AcDbLine
 10
198.2893749999999784
 20
-43.2568750000000009
 30
0
 11
198.2893749999999784
 21
-57.7568750000000009
 31
0
  0
LINE
  5
71F
330
1A
100
AcDbEntity
  8
F.Courtyard
  6
CONTINUOUS
100
AcDbLine
 10
198.2893749999999784
 20
-57.7568750000000009
 30
0
 11
198.2874719999999797
 21
-57.7664419999999978
 31
0
  0
LINE
  5
720
330
1A
100
AcDbEntity
  8
F.Courtyard
  6
CONTINUOUS
100
AcDbLine
 10
198.2874719999999797
 20
-57.7664419999999978
 30
0
 11
198.2739420000000052
 21
-57.7799720000000008
 31
0
  0
LINE
  5
721
330
1A
100
AcDbEntity
  8
F.Courtyard
  6
CONTINUOUS
100
AcDbLine
 10
198.2739420000000052
 20
-57.7799720000000008
 30
0
 11
198.2643750000000011
 21
-57.7818749999999994
 31
0
  0
LINE
  5
722
330
1A
100
AcDbEntity
  8
F.Courtyard
  6
CONTINUOUS
100
AcDbLine
 10
198.2643750000000011
 20
-57.7818749999999994
 30
0
 11
183.7643750000000011
 21
-57.7818749999999994
 31
0
  0
LINE
  5
723
330
1A
100
AcDbEntity
  8
F.Courtyard
  6
CONTINUOUS
100
AcDbLine
 10
183.7643750000000011
 20
-57.7818749999999994
 30
0
 11
183.754807999999997
 21
-57.7799720000000008
 31
0
  0
LINE
  5
724
330
1A
100
AcDbEntity
  8
F.Courtyard
  6
CONTINUOUS
100
AcDbLine
 10
183.754807999999997
 20
-57.7799720000000008
 30
0
 11
183.7412779999999941
 21
-57.7664419999999978
 31
0
  0
LINE
  5
725
330
1A
100
AcDbEntity
  8
F.Courtyard
  6
CONTINUOUS
100
AcDbLine
 10
183.7412779999999941
 20
-57.7664419999999978
 30
0
 11
183.7393749999999955
 21
-57.7568750000000009
 31
0
  0
LINE
  5
726
330
1A
100
AcDbEntity
  8
F.Courtyard
  6
CONTINUOUS
100
AcDbLine
 10
183.7393749999999955
 20
-57.7568750000000009
 30
0
 11
183.7393749999999955
 21
-43.2568750000000009
 31
0
  0
LINE
  5
727
330
1A
100
AcDbEntity
  8
F.Courtyard
  6
CONTINUOUS
100
AcDbLine
 10
183.7393749999999955
 20
-43.2568750000000009
 30
0
 11
183.7412779999999941
 21
-43.2473079999999968
 31
0
  0
LINE
  5
728
330
1A
100
AcDbEntity
  8
F.Courtyard
  6
CONTINUOUS
100
AcDbLine
 10
183.7412779999999941
 20
-43.2473079999999968
 30
0
 11
183.754807999999997
 21
-43.2337780000000009
 31
0
  0
LINE
  5
729
330
1A
100
AcDbEntity
  8
F.Courtyard
  6
CONTINUOUS
100
AcDbLine
 10
183.754807999999997
 20
-43.2337780000000009
 30
0
 11
183.7643750000000011
 21
-43.2318749999999952
 31
0
  0
LINE
  5
72A
330
1A
100
AcDbEntity
  8
F.Courtyard
  6
CONTINUOUS
100
AcDbLine
 10
183.7643750000000011
 20
-43.2318749999999952
 30
0
 11
198.2643750000000011
 21
-43.2318749999999952
 31
0
  0
LINE
  5
72B
330
1A
100
AcDbEntity
  8
F.Courtyard
  6
CONTINUOUS
100
AcDbLine
 10
198.2643750000000011
 20
-43.2318749999999952
 30
0
 11
198.2739420000000052
 21
-43.2337780000000009
 31
0
  0
LINE
  5
72C
330
1A
100
AcDbEntity
  8
F.Courtyard
  6
CONTINUOUS
100
AcDbLine
 10
183.7893749999999784
 20
-43.2818749999999994
 30
0
 11
183.7893749999999784
 21
-57.7318749999999952
 31
0
  0
LINE
  5
72D
330
1A
100
AcDbEntity
  8
F.Courtyard
  6
CONTINUOUS
100
AcDbLine
 10
183.7893749999999784
 20
-57.7318749999999952
 30
0
 11
198.2393749999999955
 21
-57.7318749999999952
 31
0
  0
LINE
  5
72E
330
1A
100
AcDbEntity
  8
F.Courtyard
  6
CONTINUOUS
100
AcDbLine
 10
198.2393749999999955
 20
-57.7318749999999952
 30
0
 11
198.2393749999999955
 21
-43.2818749999999994
 31
0
  0
LINE
  5
72F
330
1A
100
AcDbEntity
  8
F.Courtyard
  6
CONTINUOUS
100
AcDbLine
 10
198.2393749999999955
 20
-43.2818749999999994
 30
0
 11
183.7893749999999784
 21
-43.2818749999999994
 31
0
  0
LINE
  5
730
330
1A
100
AcDbEntity
  8
F.Courtyard
  6
CONTINUOUS
100
AcDbLine
 10
217.3239419999999882
 20
-43.2337780000000009
 30
0
 11
217.3374719999999911
 21
-43.2473079999999968
 31
0
  0
LINE
  5
731
330
1A
100
AcDbEntity
  8
F.Courtyard
  6
CONTINUOUS
100
AcDbLine
 10
217.3374719999999911
 20
-43.2473079999999968
 30
0
 11
217.3393749999999898
 21
-43.2568750000000009
 31
0
  0
LINE
  5
732
330
1A
100
AcDbEntity
  8
F.Courtyard
  6
CONTINUOUS
100
AcDbLine
 10
217.3393749999999898
 20
-43.2568750000000009
 30
0
 11
217.3393749999999898
 21
-57.7568750000000009
 31
0
  0
LINE
  5
733
330
1A
100
AcDbEntity
  8
F.Courtyard
  6
CONTINUOUS
100
AcDbLine
 10
217.3393749999999898
 20
-57.7568750000000009
 30
0
 11
217.3374719999999911
 21
-57.7664419999999978
 31
0
  0
LINE
  5
734
330
1A
100
AcDbEntity
  8
F.Courtyard
  6
CONTINUOUS
100
AcDbLine
 10
217.3374719999999911
 20
-57.7664419999999978
 30
0
 11
217.3239419999999882
 21
-57.7799720000000008
 31
0
  0
LINE
  5
735
330
1A
100
AcDbEntity
  8
F.Courtyard
  6
CONTINUOUS
100
AcDbLine
 10
217.3239419999999882
 20
-57.7799720000000008
 30
0
 11
217.3143749999999841
 21
-57.7818749999999994
 31
0
  0
LINE
  5
736
330
1A
100
AcDbEntity
  8
F.Courtyard
  6
CONTINUOUS
100
AcDbLine
 10
217.3143749999999841
 20
-57.7818749999999994
 30
0
 11
202.8143749999999841
 21
-57.7818749999999994
 31
0
  0
LINE
  5
737
330
1A
100
AcDbEntity
  8
F.Courtyard
  6
CONTINUOUS
100
AcDbLine
 10
202.8143749999999841
 20
-57.7818749999999994
 30
0
 11
202.80480799999998
 21
-57.7799720000000008
 31
0
  0
LINE
  5
738
330
1A
100
AcDbEntity
  8
F.Courtyard
  6
CONTINUOUS
100
AcDbLine
 10
202.80480799999998
 20
-57.7799720000000008
 30
0
 11
202.7912779999999771
 21
-57.7664419999999978
 31
0
  0
LINE
  5
739
330
1A
100
AcDbEntity
  8
F.Courtyard
  6
CONTINUOUS
100
AcDbLine
 10
202.7912779999999771
 20
-57.7664419999999978
 30
0
 11
202.7893749999999784
 21
-57.7568750000000009
 31
0
  0
LINE
  5
73A
330
1A
100
AcDbEntity
  8
F.Courtyard
  6
CONTINUOUS
100
AcDbLine
 10
202.7893749999999784
 20
-57.7568750000000009
 30
0
 11
202.7893749999999784
 21
-43.2568750000000009
 31
0
  0
LINE
  5
73B
330
1A
100
AcDbEntity
  8
F.Courtyard
  6
CONTINUOUS
100
AcDbLine
 10
202.7893749999999784
 20
-43.2568750000000009
 30
0
 11
202.7912779999999771
 21
-43.2473079999999968
 31
0
  0
LINE
  5
73C
330
1A
100
AcDbEntity
  8
F.Courtyard
  6
CONTINUOUS
100
AcDbLine
 10
202.7912779999999771
 20
-43.2473079999999968
 30
0
 11
202.80480799999998
 21
-43.2337780000000009
 31
0
  0
LINE
  5
73D
330
1A
100
AcDbEntity
  8
F.Courtyard
  6
CONTINUOUS
100
AcDbLine
 10
202.80480799999998
 20
-43.2337780000000009
 30
0
 11
202.8143749999999841
 21
-43.2318749999999952
 31
0
  0
LINE
  5
73E
330
1A
100
AcDbEntity
  8
F.Courtyard
  6
CONTINUOUS
100
AcDbLine
 10
202.8143749999999841
 20
-43.2318749999999952
 30
0
 11
217.3143749999999841
 21
-43.2318749999999952
 31
0
  0
LINE
  5
73F
330
1A
100
AcDbEntity
  8
F.Courtyard
  6
CONTINUOUS
100
AcDbLine
 10
217.3143749999999841
 20
-43.2318749999999952
 30
0
 11
217.3239419999999882
 21
-43.2337780000000009
 31
0
  0
LINE
  5
740
330
1A
100
AcDbEntity
  8
F.Courtyard
  6
CONTINUOUS
100
AcDbLine
 10
202.8393749999999898
 20
-43.2818749999999994
 30
0
 11
202.8393749999999898
 21
-57.7318749999999952
 31
0
  0
LINE
  5
741
330
1A
100
AcDbEntity
  8
F.Courtyard
  6
CONTINUOUS
100
AcDbLine
 10
202.8393749999999898
 20
-57.7318749999999952
 30
0
 11
217.2893749999999784
 21
-57.7318749999999952
 31
0
  0
LINE
  5
742
330
1A
100
AcDbEntity
  8
F.Courtyard
  6
CONTINUOUS
100
AcDbLine
 10
217.2893749999999784
 20
-57.7318749999999952
 30
0
 11
217.2893749999999784
 21
-43.2818749999999994
 31
0
  0
LINE
  5
743
330
1A
100
AcDbEntity
  8
F.Courtyard
  6
CONTINUOUS
100
AcDbLine
 10
217.2893749999999784
 20
-43.2818749999999994
 30
0
 11
202.8393749999999898
 21
-43.2818749999999994
 31
0
  0
LINE
  5
744
330
1A
100
AcDbEntity
  8
F.Courtyard
  6
CONTINUOUS
100
AcDbLine
 10
245.8989419999999768
 20
-43.2337780000000009
 30
0
 11
245.9124719999999797
 21
-43.2473079999999968
 31
0
  0
LINE
  5
745
330
1A
100
AcDbEntity
  8
F.Courtyard
  6
CONTINUOUS
100
AcDbLine
 10
245.9124719999999797
 20
-43.2473079999999968
 30
0
 11
245.9143749999999784
 21
-43.2568750000000009
 31
0
  0
LINE
  5
746
330
1A
100
AcDbEntity
  8
F.Courtyard
  6
CONTINUOUS
100
AcDbLine
 10
245.9143749999999784
 20
-43.2568750000000009
 30
0
 11
245.9143749999999784
 21
-57.7568750000000009
 31
0
  0
LINE
  5
747
330
1A
100
AcDbEntity
  8
F.Courtyard
  6
CONTINUOUS
100
AcDbLine
 10
245.9143749999999784
 20
-57.7568750000000009
 30
0
 11
245.9124719999999797
 21
-57.7664419999999978
 31
0
  0
LINE
  5
748
330
1A
100
AcDbEntity
  8
F.Courtyard
  6
CONTINUOUS
100
AcDbLine
 10
245.9124719999999797
 20
-57.7664419999999978
 30
0
 11
245.8989419999999768
 21
-57.7799720000000008
 31
0
  0
LINE
  5
749
330
1A
100
AcDbEntity
  8
F.Courtyard
  6
CONTINUOUS
100
AcDbLine
 10
245.8989419999999768
 20
-57.7799720000000008
 30
0
 11
245.8893750000000011
 21
-57.7818749999999994
 31
0
  0
LINE
  5
74A
330
1A
100
AcDbEntity
  8
F.Courtyard
  6
CONTINUOUS
100
AcDbLine
 10
245.8893750000000011
 20
-57.7818749999999994
 30
0
 11
231.3893750000000011
 21
-57.7818749999999994
 31
0
  0
LINE
  5
74B
330
1A
100
AcDbEntity
  8
F.Courtyard
  6
CONTINUOUS
100
AcDbLine
 10
231.3893750000000011
 20
-57.7818749999999994
 30
0
 11
231.379807999999997
 21
-57.7799720000000008
 31
0
  0
LINE
  5
74C
330
1A
100
AcDbEntity
  8
F.Courtyard
  6
CONTINUOUS
100
AcDbLine
 10
231.379807999999997
 20
-57.7799720000000008
 30
0
 11
231.3662779999999941
 21
-57.7664419999999978
 31
0
  0
LINE
  5
74D
330
1A
100
AcDbEntity
  8
F.Courtyard
  6
CONTINUOUS
100
AcDbLine
 10
231.3662779999999941
 20
-57.7664419999999978
 30
0
 11
231.3643749999999955
 21
-57.7568750000000009
 31
0
  0
LINE
  5
74E
330
1A
100
AcDbEntity
  8
F.Courtyard
  6
CONTINUOUS
100
AcDbLine
 10
231.3643749999999955
 20
-57.7568750000000009
 30
0
 11
231.3643749999999955
 21
-43.2568750000000009
 31
0
  0
LINE
  5
74F
330
1A
100
AcDbEntity
  8
F.Courtyard
  6
CONTINUOUS
100
AcDbLine
 10
231.3643749999999955
 20
-43.2568750000000009
 30
0
 11
231.3662779999999941
 21
-43.2473079999999968
 31
0
  0
LINE
  5
750
330
1A
100
AcDbEntity
  8
F.Courtyard
  6
CONTINUOUS
100
AcDbLine
 10
231.3662779999999941
 20
-43.2473079999999968
 30
0
 11
231.379807999999997
 21
-43.2337780000000009
 31
0
  0
LINE
  5
751
330
1A
100
AcDbEntity
  8
F.Courtyard
  6
CONTINUOUS
100
AcDbLine
 10
231.379807999999997
 20
-43.2337780000000009
 30
0
 11
231.3893750000000011
 21
-43.2318749999999952
 31
0
  0
LINE
  5
752
330
1A
100
AcDbEntity
  8
F.Courtyard
  6
CONTINUOUS
100
AcDbLine
 10
231.3893750000000011
 20
-43.2318749999999952
 30
0
 11
245.8893750000000011
 21
-43.2318749999999952
 31
0
  0
LINE
  5
753
330
1A
100
AcDbEntity
  8
F.Courtyard
  6
CONTINUOUS
100
AcDbLine
 10
245.8893750000000011
 20
-43.2318749999999952
 30
0
 11
245.8989419999999768
 21
-43.2337780000000009
 31
0
  0
LINE
  5
754
330
1A
100
AcDbEntity
  8
F.Courtyard
  6
CONTINUOUS
100
AcDbLine
 10
231.4143749999999784
 20
-43.2818749999999994
 30
0
 11
231.4143749999999784
 21
-57.7318749999999952
 31
0
  0
LINE
  5
755
330
1A
100
AcDbEntity
  8
F.Courtyard
  6
CONTINUOUS
100
AcDbLine
 10
231.4143749999999784
 20
-57.7318749999999952
 30
0
 11
245.8643749999999955
 21
-57.7318749999999952
 31
0
  0
LINE
  5
756
330
1A
100
AcDbEntity
  8
F.Courtyard
  6
CONTINUOUS
100
AcDbLine
 10
245.8643749999999955
 20
-57.7318749999999952
 30
0
 11
245.8643749999999955
 21
-43.2818749999999994
 31
0
  0
LINE
  5
757
330
1A
100
AcDbEntity
  8
F.Courtyard
  6
CONTINUOUS
100
AcDbLine
 10
245.8643749999999955
 20
-43.2818749999999994
 30
0
 11
231.4143749999999784
 21
-43.2818749999999994
 31
0
  0
LINE
  5
758
330
1A
100
AcDbEntity
  8
F.Courtyard
  6
CONTINUOUS
100
AcDbLine
 10
264.9489419999999882
 20
-43.2337780000000009
 30
0
 11
264.9624719999999911
 21
-43.2473079999999968
 31
0
  0
LINE
  5
759
330
1A
100
AcDbEntity
  8
F.Courtyard
  6
CONTINUOUS
100
AcDbLine
 10
264.9624719999999911
 20
-43.2473079999999968
 30
0
 11
264.9643749999999613
 21
-43.2568750000000009
 31
0
  0
LINE
  5
75A
330
1A
100
AcDbEntity
  8
F.Courtyard
  6
CONTINUOUS
100
AcDbLine
 10
264.9643749999999613
 20
-43.2568750000000009
 30
0
 11
264.9643749999999613
 21
-57.7568750000000009
 31
0
  0
LINE
  5
75B
330
1A
100
AcDbEntity
  8
F.Courtyard
  6
CONTINUOUS
100
AcDbLine
 10
264.9643749999999613
 20
-57.7568750000000009
 30
0
 11
264.9624719999999911
 21
-57.7664419999999978
 31
0
  0
LINE
  5
75C
330
1A
100
AcDbEntity
  8
F.Courtyard
  6
CONTINUOUS
100
AcDbLine
 10
264.9624719999999911
 20
-57.7664419999999978
 30
0
 11
264.9489419999999882
 21
-57.7799720000000008
 31
0
  0
LINE
  5
75D
330
1A
100
AcDbEntity
  8
F.Courtyard
  6
CONTINUOUS
100
AcDbLine
 10
264.9489419999999882
 20
-57.7799720000000008
 30
0
 11
264.9393749999999841
 21
-57.7818749999999994
 31
0
  0
LINE
  5
75E
330
1A
100
AcDbEntity
  8
F.Courtyard
  6
CONTINUOUS
100
AcDbLine
 10
264.9393749999999841
 20
-57.7818749999999994
 30
0
 11
250.4393749999999841
 21
-57.7818749999999994
 31
0
  0
LINE
  5
75F
330
1A
100
AcDbEntity
  8
F.Courtyard
  6
CONTINUOUS
100
AcDbLine
 10
250.4393749999999841
 20
-57.7818749999999994
 30
0
 11
250.42980799999998
 21
-57.7799720000000008
 31
0
  0
LINE
  5
760
330
1A
100
AcDbEntity
  8
F.Courtyard
  6
CONTINUOUS
100
AcDbLine
 10
250.42980799999998
 20
-57.7799720000000008
 30
0
 11
250.4162779999999771
 21
-57.7664419999999978
 31
0
  0
LINE
  5
761
330
1A
100
AcDbEntity
  8
F.Courtyard
  6
CONTINUOUS
100
AcDbLine
 10
250.4162779999999771
 20
-57.7664419999999978
 30
0
 11
250.4143749999999784
 21
-57.7568750000000009
 31
0
  0
LINE
  5
762
330
1A
100
AcDbEntity
  8
F.Courtyard
  6
CONTINUOUS
100
AcDbLine
 10
250.4143749999999784
 20
-57.7568750000000009
 30
0
 11
250.4143749999999784
 21
-43.2568750000000009
 31
0
  0
LINE
  5
763
330
1A
100
AcDbEntity
  8
F.Courtyard
  6
CONTINUOUS
100
AcDbLine
 10
250.4143749999999784
 20
-43.2568750000000009
 30
0
 11
250.4162779999999771
 21
-43.2473079999999968
 31
0
  0
LINE
  5
764
330
1A
100
AcDbEntity
  8
F.Courtyard
  6
CONTINUOUS
100
AcDbLine
 10
250.4162779999999771
 20
-43.2473079999999968
 30
0
 11
250.42980799999998
 21
-43.2337780000000009
 31
0
  0
LINE
  5
765
330
1A
100
AcDbEntity
  8
F.Courtyard
  6
CONTINUOUS
100
AcDbLine
 10
250.42980799999998
 20
-43.2337780000000009
 30
0
 11
250.4393749999999841
 21
-43.2318749999999952
 31
0
  0
LINE
  5
766
330
1A
100
AcDbEntity
  8
F.Courtyard
  6
CONTINUOUS
100
AcDbLine
 10
250.4393749999999841
 20
-43.2318749999999952
 30
0
 11
264.9393749999999841
 21
-43.2318749999999952
 31
0
  0
LINE
  5
767
330
1A
100
AcDbEntity
  8
F.Courtyard
  6
CONTINUOUS
100
AcDbLine
 10
264.9393749999999841
 20
-43.2318749999999952
 30
0
 11
264.9489419999999882
 21
-43.2337780000000009
 31
0
  0
LINE
  5
768
330
1A
100
AcDbEntity
  8
F.Courtyard
  6
CONTINUOUS
100
AcDbLine
 10
250.4643749999999898
 20
-43.2818749999999994
 30
0
 11
250.4643749999999898
 21
-57.7318749999999952
 31
0
  0
LINE
  5
769
330
1A
100
AcDbEntity
  8
F.Courtyard
  6
CONTINUOUS
100
AcDbLine
 10
250.4643749999999898
 20
-57.7318749999999952
 30
0
 11
264.9143750000000068
 21
-57.7318749999999952
 31
0
  0
LINE
  5
76A
330
1A
100
AcDbEntity
  8
F.Courtyard
  6
CONTINUOUS
100
AcDbLine
 10
264.9143750000000068
 20
-57.7318749999999952
 30
0
 11
264.9143750000000068
 21
-43.2818749999999994
 31
0
  0
LINE
  5
76B
330
1A
100
AcDbEntity
  8
F.Courtyard
  6
CONTINUOUS
100
AcDbLine
 10
264.9143750000000068
 20
-43.2818749999999994
 30
0
 11
250.4643749999999898
 21
-43.2818749999999994
 31
0
  0
LINE
  5
76C
330
1A
100
AcDbEntity
  8
F.Courtyard
  6
CONTINUOUS
100
AcDbLine
 10
283.9989419999999996
 20
-43.2337780000000009
 30
0
 11
284.0124720000000025
 21
-43.2473079999999968
 31
0
  0
LINE
  5
76D
330
1A
100
AcDbEntity
  8
F.Courtyard
  6
CONTINUOUS
100
AcDbLine
 10
284.0124720000000025
 20
-43.2473079999999968
 30
0
 11
284.0143749999999727
 21
-43.2568750000000009
 31
0
  0
LINE
  5
76E
330
1A
100
AcDbEntity
  8
F.Courtyard
  6
CONTINUOUS
100
AcDbLine
 10
284.0143749999999727
 20
-43.2568750000000009
 30
0
 11
284.0143749999999727
 21
-57.7568750000000009
 31
0
  0
LINE
  5
76F
330
1A
100
AcDbEntity
  8
F.Courtyard
  6
CONTINUOUS
100
AcDbLine
 10
284.0143749999999727
 20
-57.7568750000000009
 30
0
 11
284.0124720000000025
 21
-57.7664419999999978
 31
0
  0
LINE
  5
770
330
1A
100
AcDbEntity
  8
F.Courtyard
  6
CONTINUOUS
100
AcDbLine
 10
284.0124720000000025
 20
-57.7664419999999978
 30
0
 11
283.9989419999999996
 21
-57.7799720000000008
 31
0
  0
LINE
  5
771
330
1A
100
AcDbEntity
  8
F.Courtyard
  6
CONTINUOUS
100
AcDbLine
 10
283.9989419999999996
 20
-57.7799720000000008
 30
0
 11
283.9893749999999955
 21
-57.7818749999999994
 31
0
  0
LINE
  5
772
330
1A
100
AcDbEntity
  8
F.Courtyard
  6
CONTINUOUS
100
AcDbLine
 10
283.9893749999999955
 20
-57.7818749999999994
 30
0
 11
269.4893749999999955
 21
-57.7818749999999994
 31
0
  0
LINE
  5
773
330
1A
100
AcDbEntity
  8
F.Courtyard
  6
CONTINUOUS
100
AcDbLine
 10
269.4893749999999955
 20
-57.7818749999999994
 30
0
 11
269.4798079999999914
 21
-57.7799720000000008
 31
0
  0
LINE
  5
774
330
1A
100
AcDbEntity
  8
F.Courtyard
  6
CONTINUOUS
100
AcDbLine
 10
269.4798079999999914
 20
-57.7799720000000008
 30
0
 11
269.4662779999999884
 21
-57.7664419999999978
 31
0
  0
LINE
  5
775
330
1A
100
AcDbEntity
  8
F.Courtyard
  6
CONTINUOUS
100
AcDbLine
 10
269.4662779999999884
 20
-57.7664419999999978
 30
0
 11
269.4643749999999613
 21
-57.7568750000000009
 31
0
  0
LINE
  5
776
330
1A
100
AcDbEntity
  8
F.Courtyard
  6
CONTINUOUS
100
AcDbLine
 10
269.4643749999999613
 20
-57.7568750000000009
 30
0
 11
269.4643749999999613
 21
-43.2568750000000009
 31
0
  0
LINE
  5
777
330
1A
100
AcDbEntity
  8
F.Courtyard
  6
CONTINUOUS
100
AcDbLine
 10
269.4643749999999613
 20
-43.2568750000000009
 30
0
 11
269.4662779999999884
 21
-43.2473079999999968
 31
0
  0
LINE
  5
778
330
1A
100
AcDbEntity
  8
F.Courtyard
  6
CONTINUOUS
100
AcDbLine
 10
269.4662779999999884
 20
-43.2473079999999968
 30
0
 11
269.4798079999999914
 21
-43.2337780000000009
 31
0
  0
LINE
  5
779
330
1A
100
AcDbEntity
  8
F.Courtyard
  6
CONTINUOUS
100
AcDbLine
 10
269.4798079999999914
 20
-43.2337780000000009
 30
0
 11
269.4893749999999955
 21
-43.2318749999999952
 31
0
  0
LINE
  5
77A
330
1A
100
AcDbEntity
  8
F.Courtyard
  6
CONTINUOUS
100
AcDbLine
 10
269.4893749999999955
 20
-43.2318749999999952
 30
0
 11
283.9893749999999955
 21
-43.2318749999999952
 31
0
  0
LINE
  5
77B
330
1A
100
AcDbEntity
  8
F.Courtyard
  6
CONTINUOUS
100
AcDbLine
 10
283.9893749999999955
 20
-43.2318749999999952
 30
0
 11
283.9989419999999996
 21
-43.2337780000000009
 31
0
  0
LINE
  5
77C
330
1A
100
AcDbEntity
  8
F.Courtyard
  6
CONTINUOUS
100
AcDbLine
 10
269.5143749999999727
 20
-43.2818749999999994
 30
0
 11
269.5143749999999727
 21
-57.7318749999999952
 31
0
  0
LINE
  5
77D
330
1A
100
AcDbEntity
  8
F.Courtyard
  6
CONTINUOUS
100
AcDbLine
 10
269.5143749999999727
 20
-57.7318749999999952
 30
0
 11
283.9643749999999613
 21
-57.7318749999999952
 31
0
  0
LINE
  5
77E
330
1A
100
AcDbEntity
  8
F.Courtyard
  6
CONTINUOUS
100
AcDbLine
 10
283.9643749999999613
 20
-57.7318749999999952
 30
0
 11
283.9643749999999613
 21
-43.2818749999999994
 31
0
  0
LINE
  5
77F
330
1A
100
AcDbEntity
  8
F.Courtyard
  6
CONTINUOUS
100
AcDbLine
 10
283.9643749999999613
 20
-43.2818749999999994
 30
0
 11
269.5143749999999727
 21
-43.2818749999999994
 31
0
  0
LINE
  5
780
330
1A
100
AcDbEntity
  8
F.Courtyard
  6
CONTINUOUS
100
AcDbLine
 10
303.0489420000000109
 20
-43.2337780000000009
 30
0
 11
303.0624720000000138
 21
-43.2473079999999968
 31
0
  0
LINE
  5
781
330
1A
100
AcDbEntity
  8
F.Courtyard
  6
CONTINUOUS
100
AcDbLine
 10
303.0624720000000138
 20
-43.2473079999999968
 30
0
 11
303.0643749999999841
 21
-43.2568750000000009
 31
0
  0
LINE
  5
782
330
1A
100
AcDbEntity
  8
F.Courtyard
  6
CONTINUOUS
100
AcDbLine
 10
303.0643749999999841
 20
-43.2568750000000009
 30
0
 11
303.0643749999999841
 21
-57.7568750000000009
 31
0
  0
LINE
  5
783
330
1A
100
AcDbEntity
  8
F.Courtyard
  6
CONTINUOUS
100
AcDbLine
 10
303.0643749999999841
 20
-57.7568750000000009
 30
0
 11
303.0624720000000138
 21
-57.7664419999999978
 31
0
  0
LINE
  5
784
330
1A
100
AcDbEntity
  8
F.Courtyard
  6
CONTINUOUS
100
AcDbLine
 10
303.0624720000000138
 20
-57.7664419999999978
 30
0
 11
303.0489420000000109
 21
-57.7799720000000008
 31
0
  0
LINE
  5
785
330
1A
100
AcDbEntity
  8
F.Courtyard
  6
CONTINUOUS
100
AcDbLine
 10
303.0489420000000109
 20
-57.7799720000000008
 30
0
 11
303.0393750000000068
 21
-57.7818749999999994
 31
0
  0
LINE
  5
786
330
1A
100
AcDbEntity
  8
F.Courtyard
  6
CONTINUOUS
100
AcDbLine
 10
303.0393750000000068
 20
-57.7818749999999994
 30
0
 11
288.5393750000000068
 21
-57.7818749999999994
 31
0
  0
LINE
  5
787
330
1A
100
AcDbEntity
  8
F.Courtyard
  6
CONTINUOUS
100
AcDbLine
 10
288.5393750000000068
 20
-57.7818749999999994
 30
0
 11
288.5298080000000027
 21
-57.7799720000000008
 31
0
  0
LINE
  5
788
330
1A
100
AcDbEntity
  8
F.Courtyard
  6
CONTINUOUS
100
AcDbLine
 10
288.5298080000000027
 20
-57.7799720000000008
 30
0
 11
288.5162779999999998
 21
-57.7664419999999978
 31
0
  0
LINE
  5
789
330
1A
100
AcDbEntity
  8
F.Courtyard
  6
CONTINUOUS
100
AcDbLine
 10
288.5162779999999998
 20
-57.7664419999999978
 30
0
 11
288.5143749999999727
 21
-57.7568750000000009
 31
0
  0
LINE
  5
78A
330
1A
100
AcDbEntity
  8
F.Courtyard
  6
CONTINUOUS
100
AcDbLine
 10
288.5143749999999727
 20
-57.7568750000000009
 30
0
 11
288.5143749999999727
 21
-43.2568750000000009
 31
0
  0
LINE
  5
78B
330
1A
100
AcDbEntity
  8
F.Courtyard
  6
CONTINUOUS
100
AcDbLine
 10
288.5143749999999727
 20
-43.2568750000000009
 30
0
 11
288.5162779999999998
 21
-43.2473079999999968
 31
0
  0
LINE
  5
78C
330
1A
100
AcDbEntity
  8
F.Courtyard
  6
CONTINUOUS
100
AcDbLine
 10
288.5162779999999998
 20
-43.2473079999999968
 30
0
 11
288.5298080000000027
 21
-43.2337780000000009
 31
0
  0
LINE
  5
78D
330
1A
100
AcDbEntity
  8
F.Courtyard
  6
CONTINUOUS
100
AcDbLine
 10
288.5298080000000027
 20
-43.2337780000000009
 30
0
 11
288.5393750000000068
 21
-43.2318749999999952
 31
0
  0
LINE
  5
78E
330
1A
100
AcDbEntity
  8
F.Courtyard
  6
CONTINUOUS
100
AcDbLine
 10
288.5393750000000068
 20
-43.2318749999999952
 30
0
 11
303.0393750000000068
 21
-43.2318749999999952
 31
0
  0
LINE
  5
78F
330
1A
100
AcDbEntity
  8
F.Courtyard
  6
CONTINUOUS
100
AcDbLine
 10
303.0393750000000068
 20
-43.2318749999999952
 30
0
 11
303.0489420000000109
 21
-43.2337780000000009
 31
0
  0
LINE
  5
790
330
1A
100
AcDbEntity
  8
F.Courtyard
  6
CONTINUOUS
100
AcDbLine
 10
288.5643749999999841
 20
-43.2818749999999994
 30
0
 11
288.5643749999999841
 21
-57.7318749999999952
 31
0
  0
LINE
  5
791
330
1A
100
AcDbEntity
  8
F.Courtyard
  6
CONTINUOUS
100
AcDbLine
 10
288.5643749999999841
 20
-57.7318749999999952
 30
0
 11
303.0143749999999727
 21
-57.7318749999999952
 31
0
  0
LINE
  5
792
330
1A
100
AcDbEntity
  8
F.Courtyard
  6
CONTINUOUS
100
AcDbLine
 10
303.0143749999999727
 20
-57.7318749999999952
 30
0
 11
303.0143749999999727
 21
-43.2818749999999994
 31
0
  0
LINE
  5
793
330
1A
100
AcDbEntity
  8
F.Courtyard
  6
CONTINUOUS
100
AcDbLine
 10
303.0143749999999727
 20
-43.2818749999999994
 30
0
 11
288.5643749999999841
 21
-43.2818749999999994
 31
0
  0
LINE
  5
794
330
1A
100
AcDbEntity
  8
F.Courtyard
  6
CONTINUOUS
100
AcDbLine
 10
391.4589419999999791
 20
-43.4462779999999995
 30
0
 11
391.472471999999982
 21
-43.4598079999999953
 31
0
  0
LINE
  5
795
330
1A
100
AcDbEntity
  8
F.Courtyard
  6
CONTINUOUS
100
AcDbLine
 10
391.472471999999982
 20
-43.4598079999999953
 30
0
 11
391.4743750000000091
 21
-43.4693749999999994
 31
0
  0
LINE
  5
796
330
1A
100
AcDbEntity
  8
F.Courtyard
  6
CONTINUOUS
100
AcDbLine
 10
391.4743750000000091
 20
-43.4693749999999994
 30
0
 11
391.4743750000000091
 21
-57.6693749999999952
 31
0
  0
LINE
  5
797
330
1A
100
AcDbEntity
  8
F.Courtyard
  6
CONTINUOUS
100
AcDbLine
 10
391.4743750000000091
 20
-57.6693749999999952
 30
0
 11
391.472471999999982
 21
-57.6789419999999993
 31
0
  0
LINE
  5
798
330
1A
100
AcDbEntity
  8
F.Courtyard
  6
CONTINUOUS
100
AcDbLine
 10
391.472471999999982
 20
-57.6789419999999993
 30
0
 11
391.4589419999999791
 21
-57.6924719999999951
 31
0
  0
LINE
  5
799
330
1A
100
AcDbEntity
  8
F.Courtyard
  6
CONTINUOUS
100
AcDbLine
 10
391.4589419999999791
 20
-57.6924719999999951
 30
0
 11
391.449374999999975
 21
-57.6943750000000009
 31
0
  0
LINE
  5
79A
330
1A
100
AcDbEntity
  8
F.Courtyard
  6
CONTINUOUS
100
AcDbLine
 10
391.449374999999975
 20
-57.6943750000000009
 30
0
 11
373.949374999999975
 21
-57.6943750000000009
 31
0
  0
LINE
  5
79B
330
1A
100
AcDbEntity
  8
F.Courtyard
  6
CONTINUOUS
100
AcDbLine
 10
373.949374999999975
 20
-57.6943750000000009
 30
0
 11
373.9398079999999709
 21
-57.6924719999999951
 31
0
  0
LINE
  5
79C
330
1A
100
AcDbEntity
  8
F.Courtyard
  6
CONTINUOUS
100
AcDbLine
 10
373.9398079999999709
 20
-57.6924719999999951
 30
0
 11
373.926277999999968
 21
-57.6789419999999993
 31
0
  0
LINE
  5
79D
330
1A
100
AcDbEntity
  8
F.Courtyard
  6
CONTINUOUS
100
AcDbLine
 10
373.926277999999968
 20
-57.6789419999999993
 30
0
 11
373.9243749999999977
 21
-57.6693749999999952
 31
0
  0
LINE
  5
79E
330
1A
100
AcDbEntity
  8
F.Courtyard
  6
CONTINUOUS
100
AcDbLine
 10
373.9243749999999977
 20
-57.6693749999999952
 30
0
 11
373.9243749999999977
 21
-43.4693749999999994
 31
0
  0
LINE
  5
79F
330
1A
100
AcDbEntity
  8
F.Courtyard
  6
CONTINUOUS
100
AcDbLine
 10
373.9243749999999977
 20
-43.4693749999999994
 30
0
 11
373.926277999999968
 21
-43.4598079999999953
 31
0
  0
LINE
  5
7A0
330
1A
100
AcDbEntity
  8
F.Courtyard
  6
CONTINUOUS
100
AcDbLine
 10
373.926277999999968
 20
-43.4598079999999953
 30
0
 11
373.9398079999999709
 21
-43.4462779999999995
 31
0
  0
LINE
  5
7A1
330
1A
100
AcDbEntity
  8
F.Courtyard
  6
CONTINUOUS
100
AcDbLine
 10
373.9398079999999709
 20
-43.4462779999999995
 30
0
 11
373.949374999999975
 21
-43.4443750000000009
 31
0
  0
LINE
  5
7A2
330
1A
100
AcDbEntity
  8
F.Courtyard
  6
CONTINUOUS
100
AcDbLine
 10
373.949374999999975
 20
-43.4443750000000009
 30
0
 11
391.449374999999975
 21
-43.4443750000000009
 31
0
  0
LINE
  5
7A3
330
1A
100
AcDbEntity
  8
F.Courtyard
  6
CONTINUOUS
100
AcDbLine
 10
391.449374999999975
 20
-43.4443750000000009
 30
0
 11
391.4589419999999791
 21
-43.4462779999999995
 31
0
  0
LINE
  5
7A4
330
1A
100
AcDbEntity
  8
F.Courtyard
  6
CONTINUOUS
100
AcDbLine
 10
373.9743750000000091
 20
-43.494374999999998
 30
0
 11
373.9743750000000091
 21
-57.6443749999999966
 31
0
  0
LINE
  5
7A5
330
1A
100
AcDbEntity
  8
F.Courtyard
  6
CONTINUOUS
100
AcDbLine
 10
373.9743750000000091
 20
-57.6443749999999966
 30
0
 11
391.4243749999999977
 21
-57.6443749999999966
 31
0
  0
LINE
  5
7A6
330
1A
100
AcDbEntity
  8
F.Courtyard
  6
CONTINUOUS
100
AcDbLine
 10
391.4243749999999977
 20
-57.6443749999999966
 30
0
 11
391.4243749999999977
 21
-43.494374999999998
 31
0
  0
LINE
  5
7A7
330
1A
100
AcDbEntity
  8
F.Courtyard
  6
CONTINUOUS
100
AcDbLine
 10
391.4243749999999977
 20
-43.494374999999998
 30
0
 11
373.9743750000000091
 21
-43.494374999999998
 31
0
  0
LINE
  5
7A8
330
1A
100
AcDbEntity
  8
F.Courtyard
  6
CONTINUOUS
100
AcDbLine
 10
36.6664419999999964
 20
-24.1837780000000002
 30
0
 11
36.6799719999999994
 21
-24.1973079999999996
 31
0
  0
LINE
  5
7A9
330
1A
100
AcDbEntity
  8
F.Courtyard
  6
CONTINUOUS
100
AcDbLine
 10
36.6799719999999994
 20
-24.1973079999999996
 30
0
 11
36.681874999999998
 21
-24.2068750000000001
 31
0
  0
LINE
  5
7AA
330
1A
100
AcDbEntity
  8
F.Courtyard
  6
CONTINUOUS
100
AcDbLine
 10
36.681874999999998
 20
-24.2068750000000001
 30
0
 11
36.681874999999998
 21
-38.7068749999999966
 31
0
  0
LINE
  5
7AB
330
1A
100
AcDbEntity
  8
F.Courtyard
  6
CONTINUOUS
100
AcDbLine
 10
36.681874999999998
 20
-38.7068749999999966
 30
0
 11
36.6799719999999994
 21
-38.7164420000000007
 31
0
  0
LINE
  5
7AC
330
1A
100
AcDbEntity
  8
F.Courtyard
  6
CONTINUOUS
100
AcDbLine
 10
36.6799719999999994
 20
-38.7164420000000007
 30
0
 11
36.6664419999999964
 21
-38.7299719999999965
 31
0
  0
LINE
  5
7AD
330
1A
100
AcDbEntity
  8
F.Courtyard
  6
CONTINUOUS
100
AcDbLine
 10
36.6664419999999964
 20
-38.7299719999999965
 30
0
 11
36.6568749999999994
 21
-38.7318749999999952
 31
0
  0
LINE
  5
7AE
330
1A
100
AcDbEntity
  8
F.Courtyard
  6
CONTINUOUS
100
AcDbLine
 10
36.6568749999999994
 20
-38.7318749999999952
 30
0
 11
22.1568749999999994
 21
-38.7318749999999952
 31
0
  0
LINE
  5
7AF
330
1A
100
AcDbEntity
  8
F.Courtyard
  6
CONTINUOUS
100
AcDbLine
 10
22.1568749999999994
 20
-38.7318749999999952
 30
0
 11
22.1473079999999989
 21
-38.7299719999999965
 31
0
  0
LINE
  5
7B0
330
1A
100
AcDbEntity
  8
F.Courtyard
  6
CONTINUOUS
100
AcDbLine
 10
22.1473079999999989
 20
-38.7299719999999965
 30
0
 11
22.1337779999999995
 21
-38.7164420000000007
 31
0
  0
LINE
  5
7B1
330
1A
100
AcDbEntity
  8
F.Courtyard
  6
CONTINUOUS
100
AcDbLine
 10
22.1337779999999995
 20
-38.7164420000000007
 30
0
 11
22.1318749999999973
 21
-38.7068749999999966
 31
0
  0
LINE
  5
7B2
330
1A
100
AcDbEntity
  8
F.Courtyard
  6
CONTINUOUS
100
AcDbLine
 10
22.1318749999999973
 20
-38.7068749999999966
 30
0
 11
22.1318749999999973
 21
-24.2068750000000001
 31
0
  0
LINE
  5
7B3
330
1A
100
AcDbEntity
  8
F.Courtyard
  6
CONTINUOUS
100
AcDbLine
 10
22.1318749999999973
 20
-24.2068750000000001
 30
0
 11
22.1337779999999995
 21
-24.1973079999999996
 31
0
  0
LINE
  5
7B4
330
1A
100
AcDbEntity
  8
F.Courtyard
  6
CONTINUOUS
100
AcDbLine
 10
22.1337779999999995
 20
-24.1973079999999996
 30
0
 11
22.1473079999999989
 21
-24.1837780000000002
 31
0
  0
LINE
  5
7B5
330
1A
100
AcDbEntity
  8
F.Courtyard
  6
CONTINUOUS
100
AcDbLine
 10
22.1473079999999989
 20
-24.1837780000000002
 30
0
 11
22.1568749999999994
 21
-24.181874999999998
 31
0
  0
LINE
  5
7B6
330
1A
100
AcDbEntity
  8
F.Courtyard
  6
CONTINUOUS
100
AcDbLine
 10
22.1568749999999994
 20
-24.181874999999998
 30
0
 11
36.6568749999999994
 21
-24.181874999999998
 31
0
  0
LINE
  5
7B7
330
1A
100
AcDbEntity
  8
F.Courtyard
  6
CONTINUOUS
100
AcDbLine
 10
36.6568749999999994
 20
-24.181874999999998
 30
0
 11
36.6664419999999964
 21
-24.1837780000000002
 31
0
  0
LINE
  5
7B8
330
1A
100
AcDbEntity
  8
F.Courtyard
  6
CONTINUOUS
100
AcDbLine
 10
22.181874999999998
 20
-24.2318749999999987
 30
0
 11
22.181874999999998
 21
-38.681874999999998
 31
0
  0
LINE
  5
7B9
330
1A
100
AcDbEntity
  8
F.Courtyard
  6
CONTINUOUS
100
AcDbLine
 10
22.181874999999998
 20
-38.681874999999998
 30
0
 11
36.6318750000000009
 21
-38.681874999999998
 31
0
  0
LINE
  5
7BA
330
1A
100
AcDbEntity
  8
F.Courtyard
  6
CONTINUOUS
100
AcDbLine
 10
36.6318750000000009
 20
-38.681874999999998
 30
0
 11
36.6318750000000009
 21
-24.2318749999999987
 31
0
  0
LINE
  5
7BB
330
1A
100
AcDbEntity
  8
F.Courtyard
  6
CONTINUOUS
100
AcDbLine
 10
36.6318750000000009
 20
-24.2318749999999987
 30
0
 11
22.181874999999998
 21
-24.2318749999999987
 31
0
  0
LINE
  5
7BC
330
1A
100
AcDbEntity
  8
F.Courtyard
  6
CONTINUOUS
100
AcDbLine
 10
74.4489420000000024
 20
-24.1837780000000002
 30
0
 11
74.4624719999999911
 21
-24.1973079999999996
 31
0
  0
LINE
  5
7BD
330
1A
100
AcDbEntity
  8
F.Courtyard
  6
CONTINUOUS
100
AcDbLine
 10
74.4624719999999911
 20
-24.1973079999999996
 30
0
 11
74.4643749999999898
 21
-24.2068750000000001
 31
0
  0
LINE
  5
7BE
330
1A
100
AcDbEntity
  8
F.Courtyard
  6
CONTINUOUS
100
AcDbLine
 10
74.4643749999999898
 20
-24.2068750000000001
 30
0
 11
74.4643749999999898
 21
-38.7068749999999966
 31
0
  0
LINE
  5
7BF
330
1A
100
AcDbEntity
  8
F.Courtyard
  6
CONTINUOUS
100
AcDbLine
 10
74.4643749999999898
 20
-38.7068749999999966
 30
0
 11
74.4624719999999911
 21
-38.7164420000000007
 31
0
  0
LINE
  5
7C0
330
1A
100
AcDbEntity
  8
F.Courtyard
  6
CONTINUOUS
100
AcDbLine
 10
74.4624719999999911
 20
-38.7164420000000007
 30
0
 11
74.4489420000000024
 21
-38.7299719999999965
 31
0
  0
LINE
  5
7C1
330
1A
100
AcDbEntity
  8
F.Courtyard
  6
CONTINUOUS
100
AcDbLine
 10
74.4489420000000024
 20
-38.7299719999999965
 30
0
 11
74.4393749999999983
 21
-38.7318749999999952
 31
0
  0
LINE
  5
7C2
330
1A
100
AcDbEntity
  8
F.Courtyard
  6
CONTINUOUS
100
AcDbLine
 10
74.4393749999999983
 20
-38.7318749999999952
 30
0
 11
59.9393749999999983
 21
-38.7318749999999952
 31
0
  0
LINE
  5
7C3
330
1A
100
AcDbEntity
  8
F.Courtyard
  6
CONTINUOUS
100
AcDbLine
 10
59.9393749999999983
 20
-38.7318749999999952
 30
0
 11
59.9298079999999942
 21
-38.7299719999999965
 31
0
  0
LINE
  5
7C4
330
1A
100
AcDbEntity
  8
F.Courtyard
  6
CONTINUOUS
100
AcDbLine
 10
59.9298079999999942
 20
-38.7299719999999965
 30
0
 11
59.9162779999999984
 21
-38.7164420000000007
 31
0
  0
LINE
  5
7C5
330
1A
100
AcDbEntity
  8
F.Courtyard
  6
CONTINUOUS
100
AcDbLine
 10
59.9162779999999984
 20
-38.7164420000000007
 30
0
 11
59.9143749999999997
 21
-38.7068749999999966
 31
0
  0
LINE
  5
7C6
330
1A
100
AcDbEntity
  8
F.Courtyard
  6
CONTINUOUS
100
AcDbLine
 10
59.9143749999999997
 20
-38.7068749999999966
 30
0
 11
59.9143749999999997
 21
-24.2068750000000001
 31
0
  0
LINE
  5
7C7
330
1A
100
AcDbEntity
  8
F.Courtyard
  6
CONTINUOUS
100
AcDbLine
 10
59.9143749999999997
 20
-24.2068750000000001
 30
0
 11
59.9162779999999984
 21
-24.1973079999999996
 31
0
  0
LINE
  5
7C8
330
1A
100
AcDbEntity
  8
F.Courtyard
  6
CONTINUOUS
100
AcDbLine
 10
59.9162779999999984
 20
-24.1973079999999996
 30
0
 11
59.9298079999999942
 21
-24.1837780000000002
 31
0
  0
LINE
  5
7C9
330
1A
100
AcDbEntity
  8
F.Courtyard
  6
CONTINUOUS
100
AcDbLine
 10
59.9298079999999942
 20
-24.1837780000000002
 30
0
 11
59.9393749999999983
 21
-24.181874999999998
 31
0
  0
LINE
  5
7CA
330
1A
100
AcDbEntity
  8
F.Courtyard
  6
CONTINUOUS
100
AcDbLine
 10
59.9393749999999983
 20
-24.181874999999998
 30
0
 11
74.4393749999999983
 21
-24.181874999999998
 31
0
  0
LINE
  5
7CB
330
1A
100
AcDbEntity
  8
F.Courtyard
  6
CONTINUOUS
100
AcDbLine
 10
74.4393749999999983
 20
-24.181874999999998
 30
0
 11
74.4489420000000024
 21
-24.1837780000000002
 31
0
  0
LINE
  5
7CC
330
1A
100
AcDbEntity
  8
F.Courtyard
  6
CONTINUOUS
100
AcDbLine
 10
59.9643749999999969
 20
-24.2318749999999987
 30
0
 11
59.9643749999999969
 21
-38.681874999999998
 31
0
  0
LINE
  5
7CD
330
1A
100
AcDbEntity
  8
F.Courtyard
  6
CONTINUOUS
100
AcDbLine
 10
59.9643749999999969
 20
-38.681874999999998
 30
0
 11
74.4143749999999926
 21
-38.681874999999998
 31
0
  0
LINE
  5
7CE
330
1A
100
AcDbEntity
  8
F.Courtyard
  6
CONTINUOUS
100
AcDbLine
 10
74.4143749999999926
 20
-38.681874999999998
 30
0
 11
74.4143749999999926
 21
-24.2318749999999987
 31
0
  0
LINE
  5
7CF
330
1A
100
AcDbEntity
  8
F.Courtyard
  6
CONTINUOUS
100
AcDbLine
 10
74.4143749999999926
 20
-24.2318749999999987
 30
0
 11
59.9643749999999969
 21
-24.2318749999999987
 31
0
  0
LINE
  5
7D0
330
1A
100
AcDbEntity
  8
F.Courtyard
  6
CONTINUOUS
100
AcDbLine
 10
93.4989419999999996
 20
-24.1837780000000002
 30
0
 11
93.5124720000000025
 21
-24.1973079999999996
 31
0
  0
LINE
  5
7D1
330
1A
100
AcDbEntity
  8
F.Courtyard
  6
CONTINUOUS
100
AcDbLine
 10
93.5124720000000025
 20
-24.1973079999999996
 30
0
 11
93.5143750000000011
 21
-24.2068750000000001
 31
0
  0
LINE
  5
7D2
330
1A
100
AcDbEntity
  8
F.Courtyard
  6
CONTINUOUS
100
AcDbLine
 10
93.5143750000000011
 20
-24.2068750000000001
 30
0
 11
93.5143750000000011
 21
-38.7068749999999966
 31
0
  0
LINE
  5
7D3
330
1A
100
AcDbEntity
  8
F.Courtyard
  6
CONTINUOUS
100
AcDbLine
 10
93.5143750000000011
 20
-38.7068749999999966
 30
0
 11
93.5124720000000025
 21
-38.7164420000000007
 31
0
  0
LINE
  5
7D4
330
1A
100
AcDbEntity
  8
F.Courtyard
  6
CONTINUOUS
100
AcDbLine
 10
93.5124720000000025
 20
-38.7164420000000007
 30
0
 11
93.4989419999999996
 21
-38.7299719999999965
 31
0
  0
LINE
  5
7D5
330
1A
100
AcDbEntity
  8
F.Courtyard
  6
CONTINUOUS
100
AcDbLine
 10
93.4989419999999996
 20
-38.7299719999999965
 30
0
 11
93.4893749999999955
 21
-38.7318749999999952
 31
0
  0
LINE
  5
7D6
330
1A
100
AcDbEntity
  8
F.Courtyard
  6
CONTINUOUS
100
AcDbLine
 10
93.4893749999999955
 20
-38.7318749999999952
 30
0
 11
78.9893749999999955
 21
-38.7318749999999952
 31
0
  0
LINE
  5
7D7
330
1A
100
AcDbEntity
  8
F.Courtyard
  6
CONTINUOUS
100
AcDbLine
 10
78.9893749999999955
 20
-38.7318749999999952
 30
0
 11
78.9798079999999914
 21
-38.7299719999999965
 31
0
  0
LINE
  5
7D8
330
1A
100
AcDbEntity
  8
F.Courtyard
  6
CONTINUOUS
100
AcDbLine
 10
78.9798079999999914
 20
-38.7299719999999965
 30
0
 11
78.9662780000000026
 21
-38.7164420000000007
 31
0
  0
LINE
  5
7D9
330
1A
100
AcDbEntity
  8
F.Courtyard
  6
CONTINUOUS
100
AcDbLine
 10
78.9662780000000026
 20
-38.7164420000000007
 30
0
 11
78.9643749999999898
 21
-38.7068749999999966
 31
0
  0
LINE
  5
7DA
330
1A
100
AcDbEntity
  8
F.Courtyard
  6
CONTINUOUS
100
AcDbLine
 10
78.9643749999999898
 20
-38.7068749999999966
 30
0
 11
78.9643749999999898
 21
-24.2068750000000001
 31
0
  0
LINE
  5
7DB
330
1A
100
AcDbEntity
  8
F.Courtyard
  6
CONTINUOUS
100
AcDbLine
 10
78.9643749999999898
 20
-24.2068750000000001
 30
0
 11
78.9662780000000026
 21
-24.1973079999999996
 31
0
  0
LINE
  5
7DC
330
1A
100
AcDbEntity
  8
F.Courtyard
  6
CONTINUOUS
100
AcDbLine
 10
78.9662780000000026
 20
-24.1973079999999996
 30
0
 11
78.9798079999999914
 21
-24.1837780000000002
 31
0
  0
LINE
  5
7DD
330
1A
100
AcDbEntity
  8
F.Courtyard
  6
CONTINUOUS
100
AcDbLine
 10
78.9798079999999914
 20
-24.1837780000000002
 30
0
 11
78.9893749999999955
 21
-24.181874999999998
 31
0
  0
LINE
  5
7DE
330
1A
100
AcDbEntity
  8
F.Courtyard
  6
CONTINUOUS
100
AcDbLine
 10
78.9893749999999955
 20
-24.181874999999998
 30
0
 11
93.4893749999999955
 21
-24.181874999999998
 31
0
  0
LINE
  5
7DF
330
1A
100
AcDbEntity
  8
F.Courtyard
  6
CONTINUOUS
100
AcDbLine
 10
93.4893749999999955
 20
-24.181874999999998
 30
0
 11
93.4989419999999996
 21
-24.1837780000000002
 31
0
  0
LINE
  5
7E0
330
1A
100
AcDbEntity
  8
F.Courtyard
  6
CONTINUOUS
100
AcDbLine
 10
79.0143750000000011
 20
-24.2318749999999987
 30
0
 11
79.0143750000000011
 21
-38.681874999999998
 31
0
  0
LINE
  5
7E1
330
1A
100
AcDbEntity
  8
F.Courtyard
  6
CONTINUOUS
100
AcDbLine
 10
79.0143750000000011
 20
-38.681874999999998
 30
0
 11
93.4643749999999898
 21
-38.681874999999998
 31
0
  0
LINE
  5
7E2
330
1A
100
AcDbEntity
  8
F.Courtyard
  6
CONTINUOUS
100
AcDbLine
 10
93.4643749999999898
 20
-38.681874999999998
 30
0
 11
93.4643749999999898
 21
-24.2318749999999987
 31
0
  0
LINE
  5
7E3
330
1A
100
AcDbEntity
  8
F.Courtyard
  6
CONTINUOUS
100
AcDbLine
 10
93.4643749999999898
 20
-24.2318749999999987
 30
0
 11
79.0143750000000011
 21
-24.2318749999999987
 31
0
  0
LINE
  5
7E4
330
1A
100
AcDbEntity
  8
F.Courtyard
  6
CONTINUOUS
100
AcDbLine
 10
112.5489419999999967
 20
-24.1837780000000002
 30
0
 11
112.5624719999999996
 21
-24.1973079999999996
 31
0
  0
LINE
  5
7E5
330
1A
100
AcDbEntity
  8
F.Courtyard
  6
CONTINUOUS
100
AcDbLine
 10
112.5624719999999996
 20
-24.1973079999999996
 30
0
 11
112.5643749999999983
 21
-24.2068750000000001
 31
0
  0
LINE
  5
7E6
330
1A
100
AcDbEntity
  8
F.Courtyard
  6
CONTINUOUS
100
AcDbLine
 10
112.5643749999999983
 20
-24.2068750000000001
 30
0
 11
112.5643749999999983
 21
-38.7068749999999966
 31
0
  0
LINE
  5
7E7
330
1A
100
AcDbEntity
  8
F.Courtyard
  6
CONTINUOUS
100
AcDbLine
 10
112.5643749999999983
 20
-38.7068749999999966
 30
0
 11
112.5624719999999996
 21
-38.7164420000000007
 31
0
  0
LINE
  5
7E8
330
1A
100
AcDbEntity
  8
F.Courtyard
  6
CONTINUOUS
100
AcDbLine
 10
112.5624719999999996
 20
-38.7164420000000007
 30
0
 11
112.5489419999999967
 21
-38.7299719999999965
 31
0
  0
LINE
  5
7E9
330
1A
100
AcDbEntity
  8
F.Courtyard
  6
CONTINUOUS
100
AcDbLine
 10
112.5489419999999967
 20
-38.7299719999999965
 30
0
 11
112.5393749999999926
 21
-38.7318749999999952
 31
0
  0
LINE
  5
7EA
330
1A
100
AcDbEntity
  8
F.Courtyard
  6
CONTINUOUS
100
AcDbLine
 10
112.5393749999999926
 20
-38.7318749999999952
 30
0
 11
98.0393749999999926
 21
-38.7318749999999952
 31
0
  0
LINE
  5
7EB
330
1A
100
AcDbEntity
  8
F.Courtyard
  6
CONTINUOUS
100
AcDbLine
 10
98.0393749999999926
 20
-38.7318749999999952
 30
0
 11
98.0298079999999885
 21
-38.7299719999999965
 31
0
  0
LINE
  5
7EC
330
1A
100
AcDbEntity
  8
F.Courtyard
  6
CONTINUOUS
100
AcDbLine
 10
98.0298079999999885
 20
-38.7299719999999965
 30
0
 11
98.0162779999999998
 21
-38.7164420000000007
 31
0
  0
LINE
  5
7ED
330
1A
100
AcDbEntity
  8
F.Courtyard
  6
CONTINUOUS
100
AcDbLine
 10
98.0162779999999998
 20
-38.7164420000000007
 30
0
 11
98.0143750000000011
 21
-38.7068749999999966
 31
0
  0
LINE
  5
7EE
330
1A
100
AcDbEntity
  8
F.Courtyard
  6
CONTINUOUS
100
AcDbLine
 10
98.0143750000000011
 20
-38.7068749999999966
 30
0
 11
98.0143750000000011
 21
-24.2068750000000001
 31
0
  0
LINE
  5
7EF
330
1A
100
AcDbEntity
  8
F.Courtyard
  6
CONTINUOUS
100
AcDbLine
 10
98.0143750000000011
 20
-24.2068750000000001
 30
0
 11
98.0162779999999998
 21
-24.1973079999999996
 31
0
  0
LINE
  5
7F0
330
1A
100
AcDbEntity
  8
F.Courtyard
  6
CONTINUOUS
100
AcDbLine
 10
98.0162779999999998
 20
-24.1973079999999996
 30
0
 11
98.0298079999999885
 21
-24.1837780000000002
 31
0
  0
LINE
  5
7F1
330
1A
100
AcDbEntity
  8
F.Courtyard
  6
CONTINUOUS
100
AcDbLine
 10
98.0298079999999885
 20
-24.1837780000000002
 30
0
 11
98.0393749999999926
 21
-24.181874999999998
 31
0
  0
LINE
  5
7F2
330
1A
100
AcDbEntity
  8
F.Courtyard
  6
CONTINUOUS
100
AcDbLine
 10
98.0393749999999926
 20
-24.181874999999998
 30
0
 11
112.5393749999999926
 21
-24.181874999999998
 31
0
  0
LINE
  5
7F3
330
1A
100
AcDbEntity
  8
F.Courtyard
  6
CONTINUOUS
100
AcDbLine
 10
112.5393749999999926
 20
-24.181874999999998
 30
0
 11
112.5489419999999967
 21
-24.1837780000000002
 31
0
  0
LINE
  5
7F4
330
1A
100
AcDbEntity
  8
F.Courtyard
  6
CONTINUOUS
100
AcDbLine
 10
98.0643749999999983
 20
-24.2318749999999987
 30
0
 11
98.0643749999999983
 21
-38.681874999999998
 31
0
  0
LINE
  5
7F5
330
1A
100
AcDbEntity
  8
F.Courtyard
  6
CONTINUOUS
100
AcDbLine
 10
98.0643749999999983
 20
-38.681874999999998
 30
0
 11
112.5143750000000011
 21
-38.681874999999998
 31
0
  0
LINE
  5
7F6
330
1A
100
AcDbEntity
  8
F.Courtyard
  6
CONTINUOUS
100
AcDbLine
 10
112.5143750000000011
 20
-38.681874999999998
 30
0
 11
112.5143750000000011
 21
-24.2318749999999987
 31
0
  0
LINE
  5
7F7
330
1A
100
AcDbEntity
  8
F.Courtyard
  6
CONTINUOUS
100
AcDbLine
 10
112.5143750000000011
 20
-24.2318749999999987
 30
0
 11
98.0643749999999983
 21
-24.2318749999999987
 31
0
  0
LINE
  5
7F8
330
1A
100
AcDbEntity
  8
F.Courtyard
  6
CONTINUOUS
100
AcDbLine
 10
131.5989419999999939
 20
-24.1837780000000002
 30
0
 11
131.6124719999999968
 21
-24.1973079999999996
 31
0
  0
LINE
  5
7F9
330
1A
100
AcDbEntity
  8
F.Courtyard
  6
CONTINUOUS
100
AcDbLine
 10
131.6124719999999968
 20
-24.1973079999999996
 30
0
 11
131.6143749999999955
 21
-24.2068750000000001
 31
0
  0
LINE
  5
7FA
330
1A
100
AcDbEntity
  8
F.Courtyard
  6
CONTINUOUS
100
AcDbLine
 10
131.6143749999999955
 20
-24.2068750000000001
 30
0
 11
131.6143749999999955
 21
-38.7068749999999966
 31
0
  0
LINE
  5
7FB
330
1A
100
AcDbEntity
  8
F.Courtyard
  6
CONTINUOUS
100
AcDbLine
 10
131.6143749999999955
 20
-38.7068749999999966
 30
0
 11
131.6124719999999968
 21
-38.7164420000000007
 31
0
  0
LINE
  5
7FC
330
1A
100
AcDbEntity
  8
F.Courtyard
  6
CONTINUOUS
100
AcDbLine
 10
131.6124719999999968
 20
-38.7164420000000007
 30
0
 11
131.5989419999999939
 21
-38.7299719999999965
 31
0
  0
LINE
  5
7FD
330
1A
100
AcDbEntity
  8
F.Courtyard
  6
CONTINUOUS
100
AcDbLine
 10
131.5989419999999939
 20
-38.7299719999999965
 30
0
 11
131.5893749999999898
 21
-38.7318749999999952
 31
0
  0
LINE
  5
7FE
330
1A
100
AcDbEntity
  8
F.Courtyard
  6
CONTINUOUS
100
AcDbLine
 10
131.5893749999999898
 20
-38.7318749999999952
 30
0
 11
117.0893749999999898
 21
-38.7318749999999952
 31
0
  0
LINE
  5
7FF
330
1A
100
AcDbEntity
  8
F.Courtyard
  6
CONTINUOUS
100
AcDbLine
 10
117.0893749999999898
 20
-38.7318749999999952
 30
0
 11
117.0798079999999999
 21
-38.7299719999999965
 31
0
  0
LINE
  5
800
330
1A
100
AcDbEntity
  8
F.Courtyard
  6
CONTINUOUS
100
AcDbLine
 10
117.0798079999999999
 20
-38.7299719999999965
 30
0
 11
117.066277999999997
 21
-38.7164420000000007
 31
0
  0
LINE
  5
801
330
1A
100
AcDbEntity
  8
F.Courtyard
  6
CONTINUOUS
100
AcDbLine
 10
117.066277999999997
 20
-38.7164420000000007
 30
0
 11
117.0643749999999983
 21
-38.7068749999999966
 31
0
  0
LINE
  5
802
330
1A
100
AcDbEntity
  8
F.Courtyard
  6
CONTINUOUS
100
AcDbLine
 10
117.0643749999999983
 20
-38.7068749999999966
 30
0
 11
117.0643749999999983
 21
-24.2068750000000001
 31
0
  0
LINE
  5
803
330
1A
100
AcDbEntity
  8
F.Courtyard
  6
CONTINUOUS
100
AcDbLine
 10
117.0643749999999983
 20
-24.2068750000000001
 30
0
 11
117.066277999999997
 21
-24.1973079999999996
 31
0
  0
LINE
  5
804
330
1A
100
AcDbEntity
  8
F.Courtyard
  6
CONTINUOUS
100
AcDbLine
 10
117.066277999999997
 20
-24.1973079999999996
 30
0
 11
117.0798079999999999
 21
-24.1837780000000002
 31
0
  0
LINE
  5
805
330
1A
100
AcDbEntity
  8
F.Courtyard
  6
CONTINUOUS
100
AcDbLine
 10
117.0798079999999999
 20
-24.1837780000000002
 30
0
 11
117.0893749999999898
 21
-24.181874999999998
 31
0
  0
LINE
  5
806
330
1A
100
AcDbEntity
  8
F.Courtyard
  6
CONTINUOUS
100
AcDbLine
 10
117.0893749999999898
 20
-24.181874999999998
 30
0
 11
131.5893749999999898
 21
-24.181874999999998
 31
0
  0
LINE
  5
807
330
1A
100
AcDbEntity
  8
F.Courtyard
  6
CONTINUOUS
100
AcDbLine
 10
131.5893749999999898
 20
-24.181874999999998
 30
0
 11
131.5989419999999939
 21
-24.1837780000000002
 31
0
  0
LINE
  5
808
330
1A
100
AcDbEntity
  8
F.Courtyard
  6
CONTINUOUS
100
AcDbLine
 10
117.1143749999999955
 20
-24.2318749999999987
 30
0
 11
117.1143749999999955
 21
-38.681874999999998
 31
0
  0
LINE
  5
809
330
1A
100
AcDbEntity
  8
F.Courtyard
  6
CONTINUOUS
100
AcDbLine
 10
117.1143749999999955
 20
-38.681874999999998
 30
0
 11
131.5643749999999841
 21
-38.681874999999998
 31
0
  0
LINE
  5
80A
330
1A
100
AcDbEntity
  8
F.Courtyard
  6
CONTINUOUS
100
AcDbLine
 10
131.5643749999999841
 20
-38.681874999999998
 30
0
 11
131.5643749999999841
 21
-24.2318749999999987
 31
0
  0
LINE
  5
80B
330
1A
100
AcDbEntity
  8
F.Courtyard
  6
CONTINUOUS
100
AcDbLine
 10
131.5643749999999841
 20
-24.2318749999999987
 30
0
 11
117.1143749999999955
 21
-24.2318749999999987
 31
0
  0
LINE
  5
80C
330
1A
100
AcDbEntity
  8
F.Courtyard
  6
CONTINUOUS
100
AcDbLine
 10
160.1739419999999825
 20
-24.1837780000000002
 30
0
 11
160.1874719999999854
 21
-24.1973079999999996
 31
0
  0
LINE
  5
80D
330
1A
100
AcDbEntity
  8
F.Courtyard
  6
CONTINUOUS
100
AcDbLine
 10
160.1874719999999854
 20
-24.1973079999999996
 30
0
 11
160.1893749999999841
 21
-24.2068750000000001
 31
0
  0
LINE
  5
80E
330
1A
100
AcDbEntity
  8
F.Courtyard
  6
CONTINUOUS
100
AcDbLine
 10
160.1893749999999841
 20
-24.2068750000000001
 30
0
 11
160.1893749999999841
 21
-38.7068749999999966
 31
0
  0
LINE
  5
80F
330
1A
100
AcDbEntity
  8
F.Courtyard
  6
CONTINUOUS
100
AcDbLine
 10
160.1893749999999841
 20
-38.7068749999999966
 30
0
 11
160.1874719999999854
 21
-38.7164420000000007
 31
0
  0
LINE
  5
810
330
1A
100
AcDbEntity
  8
F.Courtyard
  6
CONTINUOUS
100
AcDbLine
 10
160.1874719999999854
 20
-38.7164420000000007
 30
0
 11
160.1739419999999825
 21
-38.7299719999999965
 31
0
  0
LINE
  5
811
330
1A
100
AcDbEntity
  8
F.Courtyard
  6
CONTINUOUS
100
AcDbLine
 10
160.1739419999999825
 20
-38.7299719999999965
 30
0
 11
160.1643750000000068
 21
-38.7318749999999952
 31
0
  0
LINE
  5
812
330
1A
100
AcDbEntity
  8
F.Courtyard
  6
CONTINUOUS
100
AcDbLine
 10
160.1643750000000068
 20
-38.7318749999999952
 30
0
 11
145.6643750000000068
 21
-38.7318749999999952
 31
0
  0
LINE
  5
813
330
1A
100
AcDbEntity
  8
F.Courtyard
  6
CONTINUOUS
100
AcDbLine
 10
145.6643750000000068
 20
-38.7318749999999952
 30
0
 11
145.6548080000000027
 21
-38.7299719999999965
 31
0
  0
LINE
  5
814
330
1A
100
AcDbEntity
  8
F.Courtyard
  6
CONTINUOUS
100
AcDbLine
 10
145.6548080000000027
 20
-38.7299719999999965
 30
0
 11
145.6412779999999998
 21
-38.7164420000000007
 31
0
  0
LINE
  5
815
330
1A
100
AcDbEntity
  8
F.Courtyard
  6
CONTINUOUS
100
AcDbLine
 10
145.6412779999999998
 20
-38.7164420000000007
 30
0
 11
145.6393750000000011
 21
-38.7068749999999966
 31
0
  0
LINE
  5
816
330
1A
100
AcDbEntity
  8
F.Courtyard
  6
CONTINUOUS
100
AcDbLine
 10
145.6393750000000011
 20
-38.7068749999999966
 30
0
 11
145.6393750000000011
 21
-24.2068750000000001
 31
0
  0
LINE
  5
817
330
1A
100
AcDbEntity
  8
F.Courtyard
  6
CONTINUOUS
100
AcDbLine
 10
145.6393750000000011
 20
-24.2068750000000001
 30
0
 11
145.6412779999999998
 21
-24.1973079999999996
 31
0
  0
LINE
  5
818
330
1A
100
AcDbEntity
  8
F.Courtyard
  6
CONTINUOUS
100
AcDbLine
 10
145.6412779999999998
 20
-24.1973079999999996
 30
0
 11
145.6548080000000027
 21
-24.1837780000000002
 31
0
  0
LINE
  5
819
330
1A
100
AcDbEntity
  8
F.Courtyard
  6
CONTINUOUS
100
AcDbLine
 10
145.6548080000000027
 20
-24.1837780000000002
 30
0
 11
145.6643750000000068
 21
-24.181874999999998
 31
0
  0
LINE
  5
81A
330
1A
100
AcDbEntity
  8
F.Courtyard
  6
CONTINUOUS
100
AcDbLine
 10
145.6643750000000068
 20
-24.181874999999998
 30
0
 11
160.1643750000000068
 21
-24.181874999999998
 31
0
  0
LINE
  5
81B
330
1A
100
AcDbEntity
  8
F.Courtyard
  6
CONTINUOUS
100
AcDbLine
 10
160.1643750000000068
 20
-24.181874999999998
 30
0
 11
160.1739419999999825
 21
-24.1837780000000002
 31
0
  0
LINE
  5
81C
330
1A
100
AcDbEntity
  8
F.Courtyard
  6
CONTINUOUS
100
AcDbLine
 10
145.6893749999999841
 20
-24.2318749999999987
 30
0
 11
145.6893749999999841
 21
-38.681874999999998
 31
0
  0
LINE
  5
81D
330
1A
100
AcDbEntity
  8
F.Courtyard
  6
CONTINUOUS
100
AcDbLine
 10
145.6893749999999841
 20
-38.681874999999998
 30
0
 11
160.1393750000000011
 21
-38.681874999999998
 31
0
  0
LINE
  5
81E
330
1A
100
AcDbEntity
  8
F.Courtyard
  6
CONTINUOUS
100
AcDbLine
 10
160.1393750000000011
 20
-38.681874999999998
 30
0
 11
160.1393750000000011
 21
-24.2318749999999987
 31
0
  0
LINE
  5
81F
330
1A
100
AcDbEntity
  8
F.Courtyard
  6
CONTINUOUS
100
AcDbLine
 10
160.1393750000000011
 20
-24.2318749999999987
 30
0
 11
145.6893749999999841
 21
-24.2318749999999987
 31
0
  0
LINE
  5
820
330
1A
100
AcDbEntity
  8
F.Courtyard
  6
CONTINUOUS
100
AcDbLine
 10
179.2239419999999939
 20
-24.1837780000000002
 30
0
 11
179.2374719999999968
 21
-24.1973079999999996
 31
0
  0
LINE
  5
821
330
1A
100
AcDbEntity
  8
F.Courtyard
  6
CONTINUOUS
100
AcDbLine
 10
179.2374719999999968
 20
-24.1973079999999996
 30
0
 11
179.2393749999999955
 21
-24.2068750000000001
 31
0
  0
LINE
  5
822
330
1A
100
AcDbEntity
  8
F.Courtyard
  6
CONTINUOUS
100
AcDbLine
 10
179.2393749999999955
 20
-24.2068750000000001
 30
0
 11
179.2393749999999955
 21
-38.7068749999999966
 31
0
  0
LINE
  5
823
330
1A
100
AcDbEntity
  8
F.Courtyard
  6
CONTINUOUS
100
AcDbLine
 10
179.2393749999999955
 20
-38.7068749999999966
 30
0
 11
179.2374719999999968
 21
-38.7164420000000007
 31
0
  0
LINE
  5
824
330
1A
100
AcDbEntity
  8
F.Courtyard
  6
CONTINUOUS
100
AcDbLine
 10
179.2374719999999968
 20
-38.7164420000000007
 30
0
 11
179.2239419999999939
 21
-38.7299719999999965
 31
0
  0
LINE
  5
825
330
1A
100
AcDbEntity
  8
F.Courtyard
  6
CONTINUOUS
100
AcDbLine
 10
179.2239419999999939
 20
-38.7299719999999965
 30
0
 11
179.2143749999999898
 21
-38.7318749999999952
 31
0
  0
LINE
  5
826
330
1A
100
AcDbEntity
  8
F.Courtyard
  6
CONTINUOUS
100
AcDbLine
 10
179.2143749999999898
 20
-38.7318749999999952
 30
0
 11
164.7143749999999898
 21
-38.7318749999999952
 31
0
  0
LINE
  5
827
330
1A
100
AcDbEntity
  8
F.Courtyard
  6
CONTINUOUS
100
AcDbLine
 10
164.7143749999999898
 20
-38.7318749999999952
 30
0
 11
164.7048079999999857
 21
-38.7299719999999965
 31
0
  0
LINE
  5
828
330
1A
100
AcDbEntity
  8
F.Courtyard
  6
CONTINUOUS
100
AcDbLine
 10
164.7048079999999857
 20
-38.7299719999999965
 30
0
 11
164.6912779999999827
 21
-38.7164420000000007
 31
0
  0
LINE
  5
829
330
1A
100
AcDbEntity
  8
F.Courtyard
  6
CONTINUOUS
100
AcDbLine
 10
164.6912779999999827
 20
-38.7164420000000007
 30
0
 11
164.6893749999999841
 21
-38.7068749999999966
 31
0
  0
LINE
  5
82A
330
1A
100
AcDbEntity
  8
F.Courtyard
  6
CONTINUOUS
100
AcDbLine
 10
164.6893749999999841
 20
-38.7068749999999966
 30
0
 11
164.6893749999999841
 21
-24.2068750000000001
 31
0
  0
LINE
  5
82B
330
1A
100
AcDbEntity
  8
F.Courtyard
  6
CONTINUOUS
100
AcDbLine
 10
164.6893749999999841
 20
-24.2068750000000001
 30
0
 11
164.6912779999999827
 21
-24.1973079999999996
 31
0
  0
LINE
  5
82C
330
1A
100
AcDbEntity
  8
F.Courtyard
  6
CONTINUOUS
100
AcDbLine
 10
164.6912779999999827
 20
-24.1973079999999996
 30
0
 11
164.7048079999999857
 21
-24.1837780000000002
 31
0
  0
LINE
  5
82D
330
1A
100
AcDbEntity
  8
F.Courtyard
  6
CONTINUOUS
100
AcDbLine
 10
164.7048079999999857
 20
-24.1837780000000002
 30
0
 11
164.7143749999999898
 21
-24.181874999999998
 31
0
  0
LINE
  5
82E
330
1A
100
AcDbEntity
  8
F.Courtyard
  6
CONTINUOUS
100
AcDbLine
 10
164.7143749999999898
 20
-24.181874999999998
 30
0
 11
179.2143749999999898
 21
-24.181874999999998
 31
0
  0
LINE
  5
82F
330
1A
100
AcDbEntity
  8
F.Courtyard
  6
CONTINUOUS
100
AcDbLine
 10
179.2143749999999898
 20
-24.181874999999998
 30
0
 11
179.2239419999999939
 21
-24.1837780000000002
 31
0
  0
LINE
  5
830
330
1A
100
AcDbEntity
  8
F.Courtyard
  6
CONTINUOUS
100
AcDbLine
 10
164.7393749999999955
 20
-24.2318749999999987
 30
0
 11
164.7393749999999955
 21
-38.681874999999998
 31
0
  0
LINE
  5
831
330
1A
100
AcDbEntity
  8
F.Courtyard
  6
CONTINUOUS
100
AcDbLine
 10
164.7393749999999955
 20
-38.681874999999998
 30
0
 11
179.1893749999999841
 21
-38.681874999999998
 31
0
  0
LINE
  5
832
330
1A
100
AcDbEntity
  8
F.Courtyard
  6
CONTINUOUS
100
AcDbLine
 10
179.1893749999999841
 20
-38.681874999999998
 30
0
 11
179.1893749999999841
 21
-24.2318749999999987
 31
0
  0
LINE
  5
833
330
1A
100
AcDbEntity
  8
F.Courtyard
  6
CONTINUOUS
100
AcDbLine
 10
179.1893749999999841
 20
-24.2318749999999987
 30
0
 11
164.7393749999999955
 21
-24.2318749999999987
 31
0
  0
LINE
  5
834
330
1A
100
AcDbEntity
  8
F.Courtyard
  6
CONTINUOUS
100
AcDbLine
 10
198.2739420000000052
 20
-24.1837780000000002
 30
0
 11
198.2874719999999797
 21
-24.1973079999999996
 31
0
  0
LINE
  5
835
330
1A
100
AcDbEntity
  8
F.Courtyard
  6
CONTINUOUS
100
AcDbLine
 10
198.2874719999999797
 20
-24.1973079999999996
 30
0
 11
198.2893749999999784
 21
-24.2068750000000001
 31
0
  0
LINE
  5
836
330
1A
100
AcDbEntity
  8
F.Courtyard
  6
CONTINUOUS
100
AcDbLine
 10
198.2893749999999784
 20
-24.2068750000000001
 30
0
 11
198.2893749999999784
 21
-38.7068749999999966
 31
0
  0
LINE
  5
837
330
1A
100
AcDbEntity
  8
F.Courtyard
  6
CONTINUOUS
100
AcDbLine
 10
198.2893749999999784
 20
-38.7068749999999966
 30
0
 11
198.2874719999999797
 21
-38.7164420000000007
 31
0
  0
LINE
  5
838
330
1A
100
AcDbEntity
  8
F.Courtyard
  6
CONTINUOUS
100
AcDbLine
 10
198.2874719999999797
 20
-38.7164420000000007
 30
0
 11
198.2739420000000052
 21
-38.7299719999999965
 31
0
  0
LINE
  5
839
330
1A
100
AcDbEntity
  8
F.Courtyard
  6
CONTINUOUS
100
AcDbLine
 10
198.2739420000000052
 20
-38.7299719999999965
 30
0
 11
198.2643750000000011
 21
-38.7318749999999952
 31
0
  0
LINE
  5
83A
330
1A
100
AcDbEntity
  8
F.Courtyard
  6
CONTINUOUS
100
AcDbLine
 10
198.2643750000000011
 20
-38.7318749999999952
 30
0
 11
183.7643750000000011
 21
-38.7318749999999952
 31
0
  0
LINE
  5
83B
330
1A
100
AcDbEntity
  8
F.Courtyard
  6
CONTINUOUS
100
AcDbLine
 10
183.7643750000000011
 20
-38.7318749999999952
 30
0
 11
183.754807999999997
 21
-38.7299719999999965
 31
0
  0
LINE
  5
83C
330
1A
100
AcDbEntity
  8
F.Courtyard
  6
CONTINUOUS
100
AcDbLine
 10
183.754807999999997
 20
-38.7299719999999965
 30
0
 11
183.7412779999999941
 21
-38.7164420000000007
 31
0
  0
LINE
  5
83D
330
1A
100
AcDbEntity
  8
F.Courtyard
  6
CONTINUOUS
100
AcDbLine
 10
183.7412779999999941
 20
-38.7164420000000007
 30
0
 11
183.7393749999999955
 21
-38.7068749999999966
 31
0
  0
LINE
  5
83E
330
1A
100
AcDbEntity
  8
F.Courtyard
  6
CONTINUOUS
100
AcDbLine
 10
183.7393749999999955
 20
-38.7068749999999966
 30
0
 11
183.7393749999999955
 21
-24.2068750000000001
 31
0
  0
LINE
  5
83F
330
1A
100
AcDbEntity
  8
F.Courtyard
  6
CONTINUOUS
100
AcDbLine
 10
183.7393749999999955
 20
-24.2068750000000001
 30
0
 11
183.7412779999999941
 21
-24.1973079999999996
 31
0
  0
LINE
  5
840
330
1A
100
AcDbEntity
  8
F.Courtyard
  6
CONTINUOUS
100
AcDbLine
 10
183.7412779999999941
 20
-24.1973079999999996
 30
0
 11
183.754807999999997
 21
-24.1837780000000002
 31
0
  0
LINE
  5
841
330
1A
100
AcDbEntity
  8
F.Courtyard
  6
CONTINUOUS
100
AcDbLine
 10
183.754807999999997
 20
-24.1837780000000002
 30
0
 11
183.7643750000000011
 21
-24.181874999999998
 31
0
  0
LINE
  5
842
330
1A
100
AcDbEntity
  8
F.Courtyard
  6
CONTINUOUS
100
AcDbLine
 10
183.7643750000000011
 20
-24.181874999999998
 30
0
 11
198.2643750000000011
 21
-24.181874999999998
 31
0
  0
LINE
  5
843
330
1A
100
AcDbEntity
  8
F.Courtyard
  6
CONTINUOUS
100
AcDbLine
 10
198.2643750000000011
 20
-24.181874999999998
 30
0
 11
198.2739420000000052
 21
-24.1837780000000002
 31
0
  0
LINE
  5
844
330
1A
100
AcDbEntity
  8
F.Courtyard
  6
CONTINUOUS
100
AcDbLine
 10
183.7893749999999784
 20
-24.2318749999999987
 30
0
 11
183.7893749999999784
 21
-38.681874999999998
 31
0
  0
LINE
  5
845
330
1A
100
AcDbEntity
  8
F.Courtyard
  6
CONTINUOUS
100
AcDbLine
 10
183.7893749999999784
 20
-38.681874999999998
 30
0
 11
198.2393749999999955
 21
-38.681874999999998
 31
0
  0
LINE
  5
846
330
1A
100
AcDbEntity
  8
F.Courtyard
  6
CONTINUOUS
100
AcDbLine
 10
198.2393749999999955
 20
-38.681874999999998
 30
0
 11
198.2393749999999955
 21
-24.2318749999999987
 31
0
  0
LINE
  5
847
330
1A
100
AcDbEntity
  8
F.Courtyard
  6
CONTINUOUS
100
AcDbLine
 10
198.2393749999999955
 20
-24.2318749999999987
 30
0
 11
183.7893749999999784
 21
-24.2318749999999987
 31
0
  0
LINE
  5
848
330
1A
100
AcDbEntity
  8
F.Courtyard
  6
CONTINUOUS
100
AcDbLine
 10
217.3239419999999882
 20
-24.1837780000000002
 30
0
 11
217.3374719999999911
 21
-24.1973079999999996
 31
0
  0
LINE
  5
849
330
1A
100
AcDbEntity
  8
F.Courtyard
  6
CONTINUOUS
100
AcDbLine
 10
217.3374719999999911
 20
-24.1973079999999996
 30
0
 11
217.3393749999999898
 21
-24.2068750000000001
 31
0
  0
LINE
  5
84A
330
1A
100
AcDbEntity
  8
F.Courtyard
  6
CONTINUOUS
100
AcDbLine
 10
217.3393749999999898
 20
-24.2068750000000001
 30
0
 11
217.3393749999999898
 21
-38.7068749999999966
 31
0
  0
LINE
  5
84B
330
1A
100
AcDbEntity
  8
F.Courtyard
  6
CONTINUOUS
100
AcDbLine
 10
217.3393749999999898
 20
-38.7068749999999966
 30
0
 11
217.3374719999999911
 21
-38.7164420000000007
 31
0
  0
LINE
  5
84C
330
1A
100
AcDbEntity
  8
F.Courtyard
  6
CONTINUOUS
100
AcDbLine
 10
217.3374719999999911
 20
-38.7164420000000007
 30
0
 11
217.3239419999999882
 21
-38.7299719999999965
 31
0
  0
LINE
  5
84D
330
1A
100
AcDbEntity
  8
F.Courtyard
  6
CONTINUOUS
100
AcDbLine
 10
217.3239419999999882
 20
-38.7299719999999965
 30
0
 11
217.3143749999999841
 21
-38.7318749999999952
 31
0
  0
LINE
  5
84E
330
1A
100
AcDbEntity
  8
F.Courtyard
  6
CONTINUOUS
100
AcDbLine
 10
217.3143749999999841
 20
-38.7318749999999952
 30
0
 11
202.8143749999999841
 21
-38.7318749999999952
 31
0
  0
LINE
  5
84F
330
1A
100
AcDbEntity
  8
F.Courtyard
  6
CONTINUOUS
100
AcDbLine
 10
202.8143749999999841
 20
-38.7318749999999952
 30
0
 11
202.80480799999998
 21
-38.7299719999999965
 31
0
  0
LINE
  5
850
330
1A
100
AcDbEntity
  8
F.Courtyard
  6
CONTINUOUS
100
AcDbLine
 10
202.80480799999998
 20
-38.7299719999999965
 30
0
 11
202.7912779999999771
 21
-38.7164420000000007
 31
0
  0
LINE
  5
851
330
1A
100
AcDbEntity
  8
F.Courtyard
  6
CONTINUOUS
100
AcDbLine
 10
202.7912779999999771
 20
-38.7164420000000007
 30
0
 11
202.7893749999999784
 21
-38.7068749999999966
 31
0
  0
LINE
  5
852
330
1A
100
AcDbEntity
  8
F.Courtyard
  6
CONTINUOUS
100
AcDbLine
 10
202.7893749999999784
 20
-38.7068749999999966
 30
0
 11
202.7893749999999784
 21
-24.2068750000000001
 31
0
  0
LINE
  5
853
330
1A
100
AcDbEntity
  8
F.Courtyard
  6
CONTINUOUS
100
AcDbLine
 10
202.7893749999999784
 20
-24.2068750000000001
 30
0
 11
202.7912779999999771
 21
-24.1973079999999996
 31
0
  0
LINE
  5
854
330
1A
100
AcDbEntity
  8
F.Courtyard
  6
CONTINUOUS
100
AcDbLine
 10
202.7912779999999771
 20
-24.1973079999999996
 30
0
 11
202.80480799999998
 21
-24.1837780000000002
 31
0
  0
LINE
  5
855
330
1A
100
AcDbEntity
  8
F.Courtyard
  6
CONTINUOUS
100
AcDbLine
 10
202.80480799999998
 20
-24.1837780000000002
 30
0
 11
202.8143749999999841
 21
-24.181874999999998
 31
0
  0
LINE
  5
856
330
1A
100
AcDbEntity
  8
F.Courtyard
  6
CONTINUOUS
100
AcDbLine
 10
202.8143749999999841
 20
-24.181874999999998
 30
0
 11
217.3143749999999841
 21
-24.181874999999998
 31
0
  0
LINE
  5
857
330
1A
100
AcDbEntity
  8
F.Courtyard
  6
CONTINUOUS
100
AcDbLine
 10
217.3143749999999841
 20
-24.181874999999998
 30
0
 11
217.3239419999999882
 21
-24.1837780000000002
 31
0
  0
LINE
  5
858
330
1A
100
AcDbEntity
  8
F.Courtyard
  6
CONTINUOUS
100
AcDbLine
 10
202.8393749999999898
 20
-24.2318749999999987
 30
0
 11
202.8393749999999898
 21
-38.681874999999998
 31
0
  0
LINE
  5
859
330
1A
100
AcDbEntity
  8
F.Courtyard
  6
CONTINUOUS
100
AcDbLine
 10
202.8393749999999898
 20
-38.681874999999998
 30
0
 11
217.2893749999999784
 21
-38.681874999999998
 31
0
  0
LINE
  5
85A
330
1A
100
AcDbEntity
  8
F.Courtyard
  6
CONTINUOUS
100
AcDbLine
 10
217.2893749999999784
 20
-38.681874999999998
 30
0
 11
217.2893749999999784
 21
-24.2318749999999987
 31
0
  0
LINE
  5
85B
330
1A
100
AcDbEntity
  8
F.Courtyard
  6
CONTINUOUS
100
AcDbLine
 10
217.2893749999999784
 20
-24.2318749999999987
 30
0
 11
202.8393749999999898
 21
-24.2318749999999987
 31
0
  0
LINE
  5
85C
330
1A
100
AcDbEntity
  8
F.Courtyard
  6
CONTINUOUS
100
AcDbLine
 10
245.8989419999999768
 20
-24.1837780000000002
 30
0
 11
245.9124719999999797
 21
-24.1973079999999996
 31
0
  0
LINE
  5
85D
330
1A
100
AcDbEntity
  8
F.Courtyard
  6
CONTINUOUS
100
AcDbLine
 10
245.9124719999999797
 20
-24.1973079999999996
 30
0
 11
245.9143749999999784
 21
-24.2068750000000001
 31
0
  0
LINE
  5
85E
330
1A
100
AcDbEntity
  8
F.Courtyard
  6
CONTINUOUS
100
AcDbLine
 10
245.9143749999999784
 20
-24.2068750000000001
 30
0
 11
245.9143749999999784
 21
-38.7068749999999966
 31
0
  0
LINE
  5
85F
330
1A
100
AcDbEntity
  8
F.Courtyard
  6
CONTINUOUS
100
AcDbLine
 10
245.9143749999999784
 20
-38.7068749999999966
 30
0
 11
245.9124719999999797
 21
-38.7164420000000007
 31
0
  0
LINE
  5
860
330
1A
100
AcDbEntity
  8
F.Courtyard
  6
CONTINUOUS
100
AcDbLine
 10
245.9124719999999797
 20
-38.7164420000000007
 30
0
 11
245.8989419999999768
 21
-38.7299719999999965
 31
0
  0
LINE
  5
861
330
1A
100
AcDbEntity
  8
F.Courtyard
  6
CONTINUOUS
100
AcDbLine
 10
245.8989419999999768
 20
-38.7299719999999965
 30
0
 11
245.8893750000000011
 21
-38.7318749999999952
 31
0
  0
LINE
  5
862
330
1A
100
AcDbEntity
  8
F.Courtyard
  6
CONTINUOUS
100
AcDbLine
 10
245.8893750000000011
 20
-38.7318749999999952
 30
0
 11
231.3893750000000011
 21
-38.7318749999999952
 31
0
  0
LINE
  5
863
330
1A
100
AcDbEntity
  8
F.Courtyard
  6
CONTINUOUS
100
AcDbLine
 10
231.3893750000000011
 20
-38.7318749999999952
 30
0
 11
231.379807999999997
 21
-38.7299719999999965
 31
0
  0
LINE
  5
864
330
1A
100
AcDbEntity
  8
F.Courtyard
  6
CONTINUOUS
100
AcDbLine
 10
231.379807999999997
 20
-38.7299719999999965
 30
0
 11
231.3662779999999941
 21
-38.7164420000000007
 31
0
  0
LINE
  5
865
330
1A
100
AcDbEntity
  8
F.Courtyard
  6
CONTINUOUS
100
AcDbLine
 10
231.3662779999999941
 20
-38.7164420000000007
 30
0
 11
231.3643749999999955
 21
-38.7068749999999966
 31
0
  0
LINE
  5
866
330
1A
100
AcDbEntity
  8
F.Courtyard
  6
CONTINUOUS
100
AcDbLine
 10
231.3643749999999955
 20
-38.7068749999999966
 30
0
 11
231.3643749999999955
 21
-24.2068750000000001
 31
0
  0
LINE
  5
867
330
1A
100
AcDbEntity
  8
F.Courtyard
  6
CONTINUOUS
100
AcDbLine
 10
231.3643749999999955
 20
-24.2068750000000001
 30
0
 11
231.3662779999999941
 21
-24.1973079999999996
 31
0
  0
LINE
  5
868
330
1A
100
AcDbEntity
  8
F.Courtyard
  6
CONTINUOUS
100
AcDbLine
 10
231.3662779999999941
 20
-24.1973079999999996
 30
0
 11
231.379807999999997
 21
-24.1837780000000002
 31
0
  0
LINE
  5
869
330
1A
100
AcDbEntity
  8
F.Courtyard
  6
CONTINUOUS
100
AcDbLine
 10
231.379807999999997
 20
-24.1837780000000002
 30
0
 11
231.3893750000000011
 21
-24.181874999999998
 31
0
  0
LINE
  5
86A
330
1A
100
AcDbEntity
  8
F.Courtyard
  6
CONTINUOUS
100
AcDbLine
 10
231.3893750000000011
 20
-24.181874999999998
 30
0
 11
245.8893750000000011
 21
-24.181874999999998
 31
0
  0
LINE
  5
86B
330
1A
100
AcDbEntity
  8
F.Courtyard
  6
CONTINUOUS
100
AcDbLine
 10
245.8893750000000011
 20
-24.181874999999998
 30
0
 11
245.8989419999999768
 21
-24.1837780000000002
 31
0
  0
LINE
  5
86C
330
1A
100
AcDbEntity
  8
F.Courtyard
  6
CONTINUOUS
100
AcDbLine
 10
231.4143749999999784
 20
-24.2318749999999987
 30
0
 11
231.4143749999999784
 21
-38.681874999999998
 31
0
  0
LINE
  5
86D
330
1A
100
AcDbEntity
  8
F.Courtyard
  6
CONTINUOUS
100
AcDbLine
 10
231.4143749999999784
 20
-38.681874999999998
 30
0
 11
245.8643749999999955
 21
-38.681874999999998
 31
0
  0
LINE
  5
86E
330
1A
100
AcDbEntity
  8
F.Courtyard
  6
CONTINUOUS
100
AcDbLine
 10
245.8643749999999955
 20
-38.681874999999998
 30
0
 11
245.8643749999999955
 21
-24.2318749999999987
 31
0
  0
LINE
  5
86F
330
1A
100
AcDbEntity
  8
F.Courtyard
  6
CONTINUOUS
100
AcDbLine
 10
245.8643749999999955
 20
-24.2318749999999987
 30
0
 11
231.4143749999999784
 21
-24.2318749999999987
 31
0
  0
LINE
  5
870
330
1A
100
AcDbEntity
  8
F.Courtyard
  6
CONTINUOUS
100
AcDbLine
 10
264.9489419999999882
 20
-24.1837780000000002
 30
0
 11
264.9624719999999911
 21
-24.1973079999999996
 31
0
  0
LINE
  5
871
330
1A
100
AcDbEntity
  8
F.Courtyard
  6
CONTINUOUS
100
AcDbLine
 10
264.9624719999999911
 20
-24.1973079999999996
 30
0
 11
264.9643749999999613
 21
-24.2068750000000001
 31
0
  0
LINE
  5
872
330
1A
100
AcDbEntity
  8
F.Courtyard
  6
CONTINUOUS
100
AcDbLine
 10
264.9643749999999613
 20
-24.2068750000000001
 30
0
 11
264.9643749999999613
 21
-38.7068749999999966
 31
0
  0
LINE
  5
873
330
1A
100
AcDbEntity
  8
F.Courtyard
  6
CONTINUOUS
100
AcDbLine
 10
264.9643749999999613
 20
-38.7068749999999966
 30
0
 11
264.9624719999999911
 21
-38.7164420000000007
 31
0
  0
LINE
  5
874
330
1A
100
AcDbEntity
  8
F.Courtyard
  6
CONTINUOUS
100
AcDbLine
 10
264.9624719999999911
 20
-38.7164420000000007
 30
0
 11
264.9489419999999882
 21
-38.7299719999999965
 31
0
  0
LINE
  5
875
330
1A
100
AcDbEntity
  8
F.Courtyard
  6
CONTINUOUS
100
AcDbLine
 10
264.9489419999999882
 20
-38.7299719999999965
 30
0
 11
264.9393749999999841
 21
-38.7318749999999952
 31
0
  0
LINE
  5
876
330
1A
100
AcDbEntity
  8
F.Courtyard
  6
CONTINUOUS
100
AcDbLine
 10
264.9393749999999841
 20
-38.7318749999999952
 30
0
 11
250.4393749999999841
 21
-38.7318749999999952
 31
0
  0
LINE
  5
877
330
1A
100
AcDbEntity
  8
F.Courtyard
  6
CONTINUOUS
100
AcDbLine
 10
250.4393749999999841
 20
-38.7318749999999952
 30
0
 11
250.42980799999998
 21
-38.7299719999999965
 31
0
  0
LINE
  5
878
330
1A
100
AcDbEntity
  8
F.Courtyard
  6
CONTINUOUS
100
AcDbLine
 10
250.42980799999998
 20
-38.7299719999999965
 30
0
 11
250.4162779999999771
 21
-38.7164420000000007
 31
0
  0
LINE
  5
879
330
1A
100
AcDbEntity
  8
F.Courtyard
  6
CONTINUOUS
100
AcDbLine
 10
250.4162779999999771
 20
-38.7164420000000007
 30
0
 11
250.4143749999999784
 21
-38.7068749999999966
 31
0
  0
LINE
  5
87A
330
1A
100
AcDbEntity
  8
F.Courtyard
  6
CONTINUOUS
100
AcDbLine
 10
250.4143749999999784
 20
-38.7068749999999966
 30
0
 11
250.4143749999999784
 21
-24.2068750000000001
 31
0
  0
LINE
  5
87B
330
1A
100
AcDbEntity
  8
F.Courtyard
  6
CONTINUOUS
100
AcDbLine
 10
250.4143749999999784
 20
-24.2068750000000001
 30
0
 11
250.4162779999999771
 21
-24.1973079999999996
 31
0
  0
LINE
  5
87C
330
1A
100
AcDbEntity
  8
F.Courtyard
  6
CONTINUOUS
100
AcDbLine
 10
250.4162779999999771
 20
-24.1973079999999996
 30
0
 11
250.42980799999998
 21
-24.1837780000000002
 31
0
  0
LINE
  5
87D
330
1A
100
AcDbEntity
  8
F.Courtyard
  6
CONTINUOUS
100
AcDbLine
 10
250.42980799999998
 20
-24.1837780000000002
 30
0
 11
250.4393749999999841
 21
-24.181874999999998
 31
0
  0
LINE
  5
87E
330
1A
100
AcDbEntity
  8
F.Courtyard
  6
CONTINUOUS
100
AcDbLine
 10
250.4393749999999841
 20
-24.181874999999998
 30
0
 11
264.9393749999999841
 21
-24.181874999999998
 31
0
  0
LINE
  5
87F
330
1A
100
AcDbEntity
  8
F.Courtyard
  6
CONTINUOUS
100
AcDbLine
 10
264.9393749999999841
 20
-24.181874999999998
 30
0
 11
264.9489419999999882
 21
-24.1837780000000002
 31
0
  0
LINE
  5
880
330
1A
100
AcDbEntity
  8
F.Courtyard
  6
CONTINUOUS
100
AcDbLine
 10
250.4643749999999898
 20
-24.2318749999999987
 30
0
 11
250.4643749999999898
 21
-38.681874999999998
 31
0
  0
LINE
  5
881
330
1A
100
AcDbEntity
  8
F.Courtyard
  6
CONTINUOUS
100
AcDbLine
 10
250.4643749999999898
 20
-38.681874999999998
 30
0
 11
264.9143750000000068
 21
-38.681874999999998
 31
0
  0
LINE
  5
882
330
1A
100
AcDbEntity
  8
F.Courtyard
  6
CONTINUOUS
100
AcDbLine
 10
264.9143750000000068
 20
-38.681874999999998
 30
0
 11
264.9143750000000068
 21
-24.2318749999999987
 31
0
  0
LINE
  5
883
330
1A
100
AcDbEntity
  8
F.Courtyard
  6
CONTINUOUS
100
AcDbLine
 10
264.9143750000000068
 20
-24.2318749999999987
 30
0
 11
250.4643749999999898
 21
-24.2318749999999987
 31
0
  0
LINE
  5
884
330
1A
100
AcDbEntity
  8
F.Courtyard
  6
CONTINUOUS
100
AcDbLine
 10
283.9989419999999996
 20
-24.1837780000000002
 30
0
 11
284.0124720000000025
 21
-24.1973079999999996
 31
0
  0
LINE
  5
885
330
1A
100
AcDbEntity
  8
F.Courtyard
  6
CONTINUOUS
100
AcDbLine
 10
284.0124720000000025
 20
-24.1973079999999996
 30
0
 11
284.0143749999999727
 21
-24.2068750000000001
 31
0
  0
LINE
  5
886
330
1A
100
AcDbEntity
  8
F.Courtyard
  6
CONTINUOUS
100
AcDbLine
 10
284.0143749999999727
 20
-24.2068750000000001
 30
0
 11
284.0143749999999727
 21
-38.7068749999999966
 31
0
  0
LINE
  5
887
330
1A
100
AcDbEntity
  8
F.Courtyard
  6
CONTINUOUS
100
AcDbLine
 10
284.0143749999999727
 20
-38.7068749999999966
 30
0
 11
284.0124720000000025
 21
-38.7164420000000007
 31
0
  0
LINE
  5
888
330
1A
100
AcDbEntity
  8
F.Courtyard
  6
CONTINUOUS
100
AcDbLine
 10
284.0124720000000025
 20
-38.7164420000000007
 30
0
 11
283.9989419999999996
 21
-38.7299719999999965
 31
0
  0
LINE
  5
889
330
1A
100
AcDbEntity
  8
F.Courtyard
  6
CONTINUOUS
100
AcDbLine
 10
283.9989419999999996
 20
-38.7299719999999965
 30
0
 11
283.9893749999999955
 21
-38.7318749999999952
 31
0
  0
LINE
  5
88A
330
1A
100
AcDbEntity
  8
F.Courtyard
  6
CONTINUOUS
100
AcDbLine
 10
283.9893749999999955
 20
-38.7318749999999952
 30
0
 11
269.4893749999999955
 21
-38.7318749999999952
 31
0
  0
LINE
  5
88B
330
1A
100
AcDbEntity
  8
F.Courtyard
  6
CONTINUOUS
100
AcDbLine
 10
269.4893749999999955
 20
-38.7318749999999952
 30
0
 11
269.4798079999999914
 21
-38.7299719999999965
 31
0
  0
LINE
  5
88C
330
1A
100
AcDbEntity
  8
F.Courtyard
  6
CONTINUOUS
100
AcDbLine
 10
269.4798079999999914
 20
-38.7299719999999965
 30
0
 11
269.4662779999999884
 21
-38.7164420000000007
 31
0
  0
LINE
  5
88D
330
1A
100
AcDbEntity
  8
F.Courtyard
  6
CONTINUOUS
100
AcDbLine
 10
269.4662779999999884
 20
-38.7164420000000007
 30
0
 11
269.4643749999999613
 21
-38.7068749999999966
 31
0
  0
LINE
  5
88E
330
1A
100
AcDbEntity
  8
F.Courtyard
  6
CONTINUOUS
100
AcDbLine
 10
269.4643749999999613
 20
-38.7068749999999966
 30
0
 11
269.4643749999999613
 21
-24.2068750000000001
 31
0
  0
LINE
  5
88F
330
1A
100
AcDbEntity
  8
F.Courtyard
  6
CONTINUOUS
100
AcDbLine
 10
269.4643749999999613
 20
-24.2068750000000001
 30
0
 11
269.4662779999999884
 21
-24.1973079999999996
 31
0
  0
LINE
  5
890
330
1A
100
AcDbEntity
  8
F.Courtyard
  6
CONTINUOUS
100
AcDbLine
 10
269.4662779999999884
 20
-24.1973079999999996
 30
0
 11
269.4798079999999914
 21
-24.1837780000000002
 31
0
  0
LINE
  5
891
330
1A
100
AcDbEntity
  8
F.Courtyard
  6
CONTINUOUS
100
AcDbLine
 10
269.4798079999999914
 20
-24.1837780000000002
 30
0
 11
269.4893749999999955
 21
-24.181874999999998
 31
0
  0
LINE
  5
892
330
1A
100
AcDbEntity
  8
F.Courtyard
  6
CONTINUOUS
100
AcDbLine
 10
269.4893749999999955
 20
-24.181874999999998
 30
0
 11
283.9893749999999955
 21
-24.181874999999998
 31
0
  0
LINE
  5
893
330
1A
100
AcDbEntity
  8
F.Courtyard
  6
CONTINUOUS
100
AcDbLine
 10
283.9893749999999955
 20
-24.181874999999998
 30
0
 11
283.9989419999999996
 21
-24.1837780000000002
 31
0
  0
LINE
  5
894
330
1A
100
AcDbEntity
  8
F.Courtyard
  6
CONTINUOUS
100
AcDbLine
 10
269.5143749999999727
 20
-24.2318749999999987
 30
0
 11
269.5143749999999727
 21
-38.681874999999998
 31
0
  0
LINE
  5
895
330
1A
100
AcDbEntity
  8
F.Courtyard
  6
CONTINUOUS
100
AcDbLine
 10
269.5143749999999727
 20
-38.681874999999998
 30
0
 11
283.9643749999999613
 21
-38.681874999999998
 31
0
  0
LINE
  5
896
330
1A
100
AcDbEntity
  8
F.Courtyard
  6
CONTINUOUS
100
AcDbLine
 10
283.9643749999999613
 20
-38.681874999999998
 30
0
 11
283.9643749999999613
 21
-24.2318749999999987
 31
0
  0
LINE
  5
897
330
1A
100
AcDbEntity
  8
F.Courtyard
  6
CONTINUOUS
100
AcDbLine
 10
283.9643749999999613
 20
-24.2318749999999987
 30
0
 11
269.5143749999999727
 21
-24.2318749999999987
 31
0
  0
LINE
  5
898
330
1A
100
AcDbEntity
  8
F.Courtyard
  6
CONTINUOUS
100
AcDbLine
 10
303.0489420000000109
 20
-24.1837780000000002
 30
0
 11
303.0624720000000138
 21
-24.1973079999999996
 31
0
  0
LINE
  5
899
330
1A
100
AcDbEntity
  8
F.Courtyard
  6
CONTINUOUS
100
AcDbLine
 10
303.0624720000000138
 20
-24.1973079999999996
 30
0
 11
303.0643749999999841
 21
-24.2068750000000001
 31
0
  0
LINE
  5
89A
330
1A
100
AcDbEntity
  8
F.Courtyard
  6
CONTINUOUS
100
AcDbLine
 10
303.0643749999999841
 20
-24.2068750000000001
 30
0
 11
303.0643749999999841
 21
-38.7068749999999966
 31
0
  0
LINE
  5
89B
330
1A
100
AcDbEntity
  8
F.Courtyard
  6
CONTINUOUS
100
AcDbLine
 10
303.0643749999999841
 20
-38.7068749999999966
 30
0
 11
303.0624720000000138
 21
-38.7164420000000007
 31
0
  0
LINE
  5
89C
330
1A
100
AcDbEntity
  8
F.Courtyard
  6
CONTINUOUS
100
AcDbLine
 10
303.0624720000000138
 20
-38.7164420000000007
 30
0
 11
303.0489420000000109
 21
-38.7299719999999965
 31
0
  0
LINE
  5
89D
330
1A
100
AcDbEntity
  8
F.Courtyard
  6
CONTINUOUS
100
AcDbLine
 10
303.0489420000000109
 20
-38.7299719999999965
 30
0
 11
303.0393750000000068
 21
-38.7318749999999952
 31
0
  0
LINE
  5
89E
330
1A
100
AcDbEntity
  8
F.Courtyard
  6
CONTINUOUS
100
AcDbLine
 10
303.0393750000000068
 20
-38.7318749999999952
 30
0
 11
288.5393750000000068
 21
-38.7318749999999952
 31
0
  0
LINE
  5
89F
330
1A
100
AcDbEntity
  8
F.Courtyard
  6
CONTINUOUS
100
AcDbLine
 10
288.5393750000000068
 20
-38.7318749999999952
 30
0
 11
288.5298080000000027
 21
-38.7299719999999965
 31
0
  0
LINE
  5
8A0
330
1A
100
AcDbEntity
  8
F.Courtyard
  6
CONTINUOUS
100
AcDbLine
 10
288.5298080000000027
 20
-38.7299719999999965
 30
0
 11
288.5162779999999998
 21
-38.7164420000000007
 31
0
  0
LINE
  5
8A1
330
1A
100
AcDbEntity
  8
F.Courtyard
  6
CONTINUOUS
100
AcDbLine
 10
288.5162779999999998
 20
-38.7164420000000007
 30
0
 11
288.5143749999999727
 21
-38.7068749999999966
 31
0
  0
LINE
  5
8A2
330
1A
100
AcDbEntity
  8
F.Courtyard
  6
CONTINUOUS
100
AcDbLine
 10
288.5143749999999727
 20
-38.7068749999999966
 30
0
 11
288.5143749999999727
 21
-24.2068750000000001
 31
0
  0
LINE
  5
8A3
330
1A
100
AcDbEntity
  8
F.Courtyard
  6
CONTINUOUS
100
AcDbLine
 10
288.5143749999999727
 20
-24.2068750000000001
 30
0
 11
288.5162779999999998
 21
-24.1973079999999996
 31
0
  0
LINE
  5
8A4
330
1A
100
AcDbEntity
  8
F.Courtyard
  6
CONTINUOUS
100
AcDbLine
 10
288.5162779999999998
 20
-24.1973079999999996
 30
0
 11
288.5298080000000027
 21
-24.1837780000000002
 31
0
  0
LINE
  5
8A5
330
1A
100
AcDbEntity
  8
F.Courtyard
  6
CONTINUOUS
100
AcDbLine
 10
288.5298080000000027
 20
-24.1837780000000002
 30
0
 11
288.5393750000000068
 21
-24.181874999999998
 31
0
  0
LINE
  5
8A6
330
1A
100
AcDbEntity
  8
F.Courtyard
  6
CONTINUOUS
100
AcDbLine
 10
288.5393750000000068
 20
-24.181874999999998
 30
0
 11
303.0393750000000068
 21
-24.181874999999998
 31
0
  0
LINE
  5
8A7
330
1A
100
AcDbEntity
  8
F.Courtyard
  6
CONTINUOUS
100
AcDbLine
 10
303.0393750000000068
 20
-24.181874999999998
 30
0
 11
303.0489420000000109
 21
-24.1837780000000002
 31
0
  0
LINE
  5
8A8
330
1A
100
AcDbEntity
  8
F.Courtyard
  6
CONTINUOUS
100
AcDbLine
 10
288.5643749999999841
 20
-24.2318749999999987
 30
0
 11
288.5643749999999841
 21
-38.681874999999998
 31
0
  0
LINE
  5
8A9
330
1A
100
AcDbEntity
  8
F.Courtyard
  6
CONTINUOUS
100
AcDbLine
 10
288.5643749999999841
 20
-38.681874999999998
 30
0
 11
303.0143749999999727
 21
-38.681874999999998
 31
0
  0
LINE
  5
8AA
330
1A
100
AcDbEntity
  8
F.Courtyard
  6
CONTINUOUS
100
AcDbLine
 10
303.0143749999999727
 20
-38.681874999999998
 30
0
 11
303.0143749999999727
 21
-24.2318749999999987
 31
0
  0
LINE
  5
8AB
330
1A
100
AcDbEntity
  8
F.Courtyard
  6
CONTINUOUS
100
AcDbLine
 10
303.0143749999999727
 20
-24.2318749999999987
 30
0
 11
288.5643749999999841
 21
-24.2318749999999987
 31
0
  0
LINE
  5
8AC
330
1A
100
AcDbEntity
  8
F.Courtyard
  6
CONTINUOUS
100
AcDbLine
 10
391.4589419999999791
 20
-24.3962779999999988
 30
0
 11
391.472471999999982
 21
-24.4098079999999982
 31
0
  0
LINE
  5
8AD
330
1A
100
AcDbEntity
  8
F.Courtyard
  6
CONTINUOUS
100
AcDbLine
 10
391.472471999999982
 20
-24.4098079999999982
 30
0
 11
391.4743750000000091
 21
-24.4193749999999987
 31
0
  0
LINE
  5
8AE
330
1A
100
AcDbEntity
  8
F.Courtyard
  6
CONTINUOUS
100
AcDbLine
 10
391.4743750000000091
 20
-24.4193749999999987
 30
0
 11
391.4743750000000091
 21
-38.619374999999998
 31
0
  0
LINE
  5
8AF
330
1A
100
AcDbEntity
  8
F.Courtyard
  6
CONTINUOUS
100
AcDbLine
 10
391.4743750000000091
 20
-38.619374999999998
 30
0
 11
391.472471999999982
 21
-38.628941999999995
 31
0
  0
LINE
  5
8B0
330
1A
100
AcDbEntity
  8
F.Courtyard
  6
CONTINUOUS
100
AcDbLine
 10
391.472471999999982
 20
-38.628941999999995
 30
0
 11
391.4589419999999791
 21
-38.6424719999999979
 31
0
  0
LINE
  5
8B1
330
1A
100
AcDbEntity
  8
F.Courtyard
  6
CONTINUOUS
100
AcDbLine
 10
391.4589419999999791
 20
-38.6424719999999979
 30
0
 11
391.449374999999975
 21
-38.6443749999999966
 31
0
  0
LINE
  5
8B2
330
1A
100
AcDbEntity
  8
F.Courtyard
  6
CONTINUOUS
100
AcDbLine
 10
391.449374999999975
 20
-38.6443749999999966
 30
0
 11
373.949374999999975
 21
-38.6443749999999966
 31
0
  0
LINE
  5
8B3
330
1A
100
AcDbEntity
  8
F.Courtyard
  6
CONTINUOUS
100
AcDbLine
 10
373.949374999999975
 20
-38.6443749999999966
 30
0
 11
373.9398079999999709
 21
-38.6424719999999979
 31
0
  0
LINE
  5
8B4
330
1A
100
AcDbEntity
  8
F.Courtyard
  6
CONTINUOUS
100
AcDbLine
 10
373.9398079999999709
 20
-38.6424719999999979
 30
0
 11
373.926277999999968
 21
-38.628941999999995
 31
0
  0
LINE
  5
8B5
330
1A
100
AcDbEntity
  8
F.Courtyard
  6
CONTINUOUS
100
AcDbLine
 10
373.926277999999968
 20
-38.628941999999995
 30
0
 11
373.9243749999999977
 21
-38.619374999999998
 31
0
  0
LINE
  5
8B6
330
1A
100
AcDbEntity
  8
F.Courtyard
  6
CONTINUOUS
100
AcDbLine
 10
373.9243749999999977
 20
-38.619374999999998
 30
0
 11
373.9243749999999977
 21
-24.4193749999999987
 31
0
  0
LINE
  5
8B7
330
1A
100
AcDbEntity
  8
F.Courtyard
  6
CONTINUOUS
100
AcDbLine
 10
373.9243749999999977
 20
-24.4193749999999987
 30
0
 11
373.926277999999968
 21
-24.4098079999999982
 31
0
  0
LINE
  5
8B8
330
1A
100
AcDbEntity
  8
F.Courtyard
  6
CONTINUOUS
100
AcDbLine
 10
373.926277999999968
 20
-24.4098079999999982
 30
0
 11
373.9398079999999709
 21
-24.3962779999999988
 31
0
  0
LINE
  5
8B9
330
1A
100
AcDbEntity
  8
F.Courtyard
  6
CONTINUOUS
100
AcDbLine
 10
373.9398079999999709
 20
-24.3962779999999988
 30
0
 11
373.949374999999975
 21
-24.3943750000000001
 31
0
  0
LINE
  5
8BA
330
1A
100
AcDbEntity
  8
F.Courtyard
  6
CONTINUOUS
100
AcDbLine
 10
373.949374999999975
 20
-24.3943750000000001
 30
0
 11
391.449374999999975
 21
-24.3943750000000001
 31
0
  0
LINE
  5
8BB
330
1A
100
AcDbEntity
  8
F.Courtyard
  6
CONTINUOUS
100
AcDbLine
 10
391.449374999999975
 20
-24.3943750000000001
 30
0
 11
391.4589419999999791
 21
-24.3962779999999988
 31
0
  0
LINE
  5
8BC
330
1A
100
AcDbEntity
  8
F.Courtyard
  6
CONTINUOUS
100
AcDbLine
 10
373.9743750000000091
 20
-24.4443749999999973
 30
0
 11
373.9743750000000091
 21
-38.5943749999999994
 31
0
  0
LINE
  5
8BD
330
1A
100
AcDbEntity
  8
F.Courtyard
  6
CONTINUOUS
100
AcDbLine
 10
373.9743750000000091
 20
-38.5943749999999994
 30
0
 11
391.4243749999999977
 21
-38.5943749999999994
 31
0
  0
LINE
  5
8BE
330
1A
100
AcDbEntity
  8
F.Courtyard
  6
CONTINUOUS
100
AcDbLine
 10
391.4243749999999977
 20
-38.5943749999999994
 30
0
 11
391.4243749999999977
 21
-24.4443749999999973
 31
0
  0
LINE
  5
8BF
330
1A
100
AcDbEntity
  8
F.Courtyard
  6
CONTINUOUS
100
AcDbLine
 10
391.4243749999999977
 20
-24.4443749999999973
 30
0
 11
373.9743750000000091
 21
-24.4443749999999973
 31
0
  0
LINE
  5
8C0
330
1A
100
AcDbEntity
  8
F.Courtyard
  6
CONTINUOUS
100
AcDbLine
 10
364.9120669999999791
 20
-24.1350279999999984
 30
0
 11
364.925596999999982
 21
-24.1485579999999977
 31
0
  0
LINE
  5
8C1
330
1A
100
AcDbEntity
  8
F.Courtyard
  6
CONTINUOUS
100
AcDbLine
 10
364.925596999999982
 20
-24.1485579999999977
 30
0
 11
364.9275000000000091
 21
-24.1581249999999983
 31
0
  0
LINE
  5
8C2
330
1A
100
AcDbEntity
  8
F.Courtyard
  6
CONTINUOUS
100
AcDbLine
 10
364.9275000000000091
 20
-24.1581249999999983
 30
0
 11
364.9275000000000091
 21
-36.6581249999999983
 31
0
  0
LINE
  5
8C3
330
1A
100
AcDbEntity
  8
F.Courtyard
  6
CONTINUOUS
100
AcDbLine
 10
364.9275000000000091
 20
-36.6581249999999983
 30
0
 11
364.925596999999982
 21
-36.6676919999999953
 31
0
  0
LINE
  5
8C4
330
1A
100
AcDbEntity
  8
F.Courtyard
  6
CONTINUOUS
100
AcDbLine
 10
364.925596999999982
 20
-36.6676919999999953
 30
0
 11
364.9120669999999791
 21
-36.6812219999999982
 31
0
  0
LINE
  5
8C5
330
1A
100
AcDbEntity
  8
F.Courtyard
  6
CONTINUOUS
100
AcDbLine
 10
364.9120669999999791
 20
-36.6812219999999982
 30
0
 11
364.902499999999975
 21
-36.6831249999999969
 31
0
  0
LINE
  5
8C6
330
1A
100
AcDbEntity
  8
F.Courtyard
  6
CONTINUOUS
100
AcDbLine
 10
364.902499999999975
 20
-36.6831249999999969
 30
0
 11
326.402499999999975
 21
-36.6831249999999969
 31
0
  0
LINE
  5
8C7
330
1A
100
AcDbEntity
  8
F.Courtyard
  6
CONTINUOUS
100
AcDbLine
 10
326.402499999999975
 20
-36.6831249999999969
 30
0
 11
326.3929329999999709
 21
-36.6812219999999982
 31
0
  0
LINE
  5
8C8
330
1A
100
AcDbEntity
  8
F.Courtyard
  6
CONTINUOUS
100
AcDbLine
 10
326.3929329999999709
 20
-36.6812219999999982
 30
0
 11
326.379402999999968
 21
-36.6676919999999953
 31
0
  0
LINE
  5
8C9
330
1A
100
AcDbEntity
  8
F.Courtyard
  6
CONTINUOUS
100
AcDbLine
 10
326.379402999999968
 20
-36.6676919999999953
 30
0
 11
326.3774999999999977
 21
-36.6581249999999983
 31
0
  0
LINE
  5
8CA
330
1A
100
AcDbEntity
  8
F.Courtyard
  6
CONTINUOUS
100
AcDbLine
 10
326.3774999999999977
 20
-36.6581249999999983
 30
0
 11
326.3774999999999977
 21
-24.1581249999999983
 31
0
  0
LINE
  5
8CB
330
1A
100
AcDbEntity
  8
F.Courtyard
  6
CONTINUOUS
100
AcDbLine
 10
326.3774999999999977
 20
-24.1581249999999983
 30
0
 11
326.379402999999968
 21
-24.1485579999999977
 31
0
  0
LINE
  5
8CC
330
1A
100
AcDbEntity
  8
F.Courtyard
  6
CONTINUOUS
100
AcDbLine
 10
326.379402999999968
 20
-24.1485579999999977
 30
0
 11
326.3929329999999709
 21
-24.1350279999999984
 31
0
  0
LINE
  5
8CD
330
1A
100
AcDbEntity
  8
F.Courtyard
  6
CONTINUOUS
100
AcDbLine
 10
326.3929329999999709
 20
-24.1350279999999984
 30
0
 11
326.402499999999975
 21
-24.1331249999999997
 31
0
  0
LINE
  5
8CE
330
1A
100
AcDbEntity
  8
F.Courtyard
  6
CONTINUOUS
100
AcDbLine
 10
326.402499999999975
 20
-24.1331249999999997
 30
0
 11
364.902499999999975
 21
-24.1331249999999997
 31
0
  0
LINE
  5
8CF
330
1A
100
AcDbEntity
  8
F.Courtyard
  6
CONTINUOUS
100
AcDbLine
 10
364.902499999999975
 20
-24.1331249999999997
 30
0
 11
364.9120669999999791
 21
-24.1350279999999984
 31
0
  0
LINE
  5
8D0
330
1A
100
AcDbEntity
  8
F.Courtyard
  6
CONTINUOUS
100
AcDbLine
 10
326.4275000000000091
 20
-24.1831250000000004
 30
0
 11
326.4275000000000091
 21
-36.6331249999999997
 31
0
  0
LINE
  5
8D1
330
1A
100
AcDbEntity
  8
F.Courtyard
  6
CONTINUOUS
100
AcDbLine
 10
326.4275000000000091
 20
-36.6331249999999997
 30
0
 11
364.8774999999999977
 21
-36.6331249999999997
 31
0
  0
LINE
  5
8D2
330
1A
100
AcDbEntity
  8
F.Courtyard
  6
CONTINUOUS
100
AcDbLine
 10
364.8774999999999977
 20
-36.6331249999999997
 30
0
 11
364.8774999999999977
 21
-24.1831250000000004
 31
0
  0
LINE
  5
8D3
330
1A
100
AcDbEntity
  8
F.Courtyard
  6
CONTINUOUS
100
AcDbLine
 10
364.8774999999999977
 20
-24.1831250000000004
 30
0
 11
326.4275000000000091
 21
-24.1831250000000004
 31
0
  0
LINE
  5
8D4
330
1A
100
AcDbEntity
  8
F.Courtyard
  6
CONTINUOUS
100
AcDbLine
 10
399.0751919999999586
 20
-31.8394029999999972
 30
0
 11
399.0887219999999616
 21
-31.8529330000000002
 31
0
  0
LINE
  5
8D5
330
1A
100
AcDbEntity
  8
F.Courtyard
  6
CONTINUOUS
100
AcDbLine
 10
399.0887219999999616
 20
-31.8529330000000002
 30
0
 11
399.0906249999999886
 21
-31.8624999999999972
 31
0
  0
LINE
  5
8D6
330
1A
100
AcDbEntity
  8
F.Courtyard
  6
CONTINUOUS
100
AcDbLine
 10
399.0906249999999886
 20
-31.8624999999999972
 30
0
 11
399.0906249999999886
 21
-35.2224999999999966
 31
0
  0
LINE
  5
8D7
330
1A
100
AcDbEntity
  8
F.Courtyard
  6
CONTINUOUS
100
AcDbLine
 10
399.0906249999999886
 20
-35.2224999999999966
 30
0
 11
399.0887219999999616
 21
-35.2320670000000007
 31
0
  0
LINE
  5
8D8
330
1A
100
AcDbEntity
  8
F.Courtyard
  6
CONTINUOUS
100
AcDbLine
 10
399.0887219999999616
 20
-35.2320670000000007
 30
0
 11
399.0751919999999586
 21
-35.2455969999999965
 31
0
  0
LINE
  5
8D9
330
1A
100
AcDbEntity
  8
F.Courtyard
  6
CONTINUOUS
100
AcDbLine
 10
399.0751919999999586
 20
-35.2455969999999965
 30
0
 11
399.0656249999999545
 21
-35.2474999999999952
 31
0
  0
LINE
  5
8DA
330
1A
100
AcDbEntity
  8
F.Courtyard
  6
CONTINUOUS
100
AcDbLine
 10
399.0656249999999545
 20
-35.2474999999999952
 30
0
 11
397.1656249999999773
 21
-35.2474999999999952
 31
0
  0
LINE
  5
8DB
330
1A
100
AcDbEntity
  8
F.Courtyard
  6
CONTINUOUS
100
AcDbLine
 10
397.1656249999999773
 20
-35.2474999999999952
 30
0
 11
397.1560579999999732
 21
-35.2455969999999965
 31
0
  0
LINE
  5
8DC
330
1A
100
AcDbEntity
  8
F.Courtyard
  6
CONTINUOUS
100
AcDbLine
 10
397.1560579999999732
 20
-35.2455969999999965
 30
0
 11
397.1425279999999702
 21
-35.2320670000000007
 31
0
  0
LINE
  5
8DD
330
1A
100
AcDbEntity
  8
F.Courtyard
  6
CONTINUOUS
100
AcDbLine
 10
397.1425279999999702
 20
-35.2320670000000007
 30
0
 11
397.140625
 21
-35.2224999999999966
 31
0
  0
LINE
  5
8DE
330
1A
100
AcDbEntity
  8
F.Courtyard
  6
CONTINUOUS
100
AcDbLine
 10
397.140625
 20
-35.2224999999999966
 30
0
 11
397.140625
 21
-31.8624999999999972
 31
0
  0
LINE
  5
8DF
330
1A
100
AcDbEntity
  8
F.Courtyard
  6
CONTINUOUS
100
AcDbLine
 10
397.140625
 20
-31.8624999999999972
 30
0
 11
397.1425279999999702
 21
-31.8529330000000002
 31
0
  0
LINE
  5
8E0
330
1A
100
AcDbEntity
  8
F.Courtyard
  6
CONTINUOUS
100
AcDbLine
 10
397.1425279999999702
 20
-31.8529330000000002
 30
0
 11
397.1560579999999732
 21
-31.8394029999999972
 31
0
  0
LINE
  5
8E1
330
1A
100
AcDbEntity
  8
F.Courtyard
  6
CONTINUOUS
100
AcDbLine
 10
397.1560579999999732
 20
-31.8394029999999972
 30
0
 11
397.1656249999999773
 21
-31.8374999999999986
 31
0
  0
LINE
  5
8E2
330
1A
100
AcDbEntity
  8
F.Courtyard
  6
CONTINUOUS
100
AcDbLine
 10
397.1656249999999773
 20
-31.8374999999999986
 30
0
 11
399.0656249999999545
 21
-31.8374999999999986
 31
0
  0
LINE
  5
8E3
330
1A
100
AcDbEntity
  8
F.Courtyard
  6
CONTINUOUS
100
AcDbLine
 10
399.0656249999999545
 20
-31.8374999999999986
 30
0
 11
399.0751919999999586
 21
-31.8394029999999972
 31
0
  0
LINE
  5
8E4
330
1A
100
AcDbEntity
  8
F.Courtyard
  6
CONTINUOUS
100
AcDbLine
 10
397.1906249999999545
 20
-31.8874999999999993
 30
0
 11
397.1906249999999545
 21
-35.197499999999998
 31
0
  0
LINE
  5
8E5
330
1A
100
AcDbEntity
  8
F.Courtyard
  6
CONTINUOUS
100
AcDbLine
 10
397.1906249999999545
 20
-35.197499999999998
 30
0
 11
399.0406249999999773
 21
-35.197499999999998
 31
0
  0
LINE
  5
8E6
330
1A
100
AcDbEntity
  8
F.Courtyard
  6
CONTINUOUS
100
AcDbLine
 10
399.0406249999999773
 20
-35.197499999999998
 30
0
 11
399.0406249999999773
 21
-31.8874999999999993
 31
0
  0
LINE
  5
8E7
330
1A
100
AcDbEntity
  8
F.Courtyard
  6
CONTINUOUS
100
AcDbLine
 10
399.0406249999999773
 20
-31.8874999999999993
 30
0
 11
397.1906249999999545
 21
-31.8874999999999993
 31
0
  0
LINE
  5
8E8
330
1A
100
AcDbEntity
  8
F.Courtyard
  6
CONTINUOUS
100
AcDbLine
 10
399.0751919999999586
 20
-27.0894029999999972
 30
0
 11
399.0887219999999616
 21
-27.1029330000000002
 31
0
  0
LINE
  5
8E9
330
1A
100
AcDbEntity
  8
F.Courtyard
  6
CONTINUOUS
100
AcDbLine
 10
399.0887219999999616
 20
-27.1029330000000002
 30
0
 11
399.0906249999999886
 21
-27.1124999999999972
 31
0
  0
LINE
  5
8EA
330
1A
100
AcDbEntity
  8
F.Courtyard
  6
CONTINUOUS
100
AcDbLine
 10
399.0906249999999886
 20
-27.1124999999999972
 30
0
 11
399.0906249999999886
 21
-30.4725000000000001
 31
0
  0
LINE
  5
8EB
330
1A
100
AcDbEntity
  8
F.Courtyard
  6
CONTINUOUS
100
AcDbLine
 10
399.0906249999999886
 20
-30.4725000000000001
 30
0
 11
399.0887219999999616
 21
-30.4820669999999971
 31
0
  0
LINE
  5
8EC
330
1A
100
AcDbEntity
  8
F.Courtyard
  6
CONTINUOUS
100
AcDbLine
 10
399.0887219999999616
 20
-30.4820669999999971
 30
0
 11
399.0751919999999586
 21
-30.4955970000000001
 31
0
  0
LINE
  5
8ED
330
1A
100
AcDbEntity
  8
F.Courtyard
  6
CONTINUOUS
100
AcDbLine
 10
399.0751919999999586
 20
-30.4955970000000001
 30
0
 11
399.0656249999999545
 21
-30.4974999999999987
 31
0
  0
LINE
  5
8EE
330
1A
100
AcDbEntity
  8
F.Courtyard
  6
CONTINUOUS
100
AcDbLine
 10
399.0656249999999545
 20
-30.4974999999999987
 30
0
 11
397.1656249999999773
 21
-30.4974999999999987
 31
0
  0
LINE
  5
8EF
330
1A
100
AcDbEntity
  8
F.Courtyard
  6
CONTINUOUS
100
AcDbLine
 10
397.1656249999999773
 20
-30.4974999999999987
 30
0
 11
397.1560579999999732
 21
-30.4955970000000001
 31
0
  0
LINE
  5
8F0
330
1A
100
AcDbEntity
  8
F.Courtyard
  6
CONTINUOUS
100
AcDbLine
 10
397.1560579999999732
 20
-30.4955970000000001
 30
0
 11
397.1425279999999702
 21
-30.4820669999999971
 31
0
  0
LINE
  5
8F1
330
1A
100
AcDbEntity
  8
F.Courtyard
  6
CONTINUOUS
100
AcDbLine
 10
397.1425279999999702
 20
-30.4820669999999971
 30
0
 11
397.140625
 21
-30.4725000000000001
 31
0
  0
LINE
  5
8F2
330
1A
100
AcDbEntity
  8
F.Courtyard
  6
CONTINUOUS
100
AcDbLine
 10
397.140625
 20
-30.4725000000000001
 30
0
 11
397.140625
 21
-27.1124999999999972
 31
0
  0
LINE
  5
8F3
330
1A
100
AcDbEntity
  8
F.Courtyard
  6
CONTINUOUS
100
AcDbLine
 10
397.140625
 20
-27.1124999999999972
 30
0
 11
397.1425279999999702
 21
-27.1029330000000002
 31
0
  0
LINE
  5
8F4
330
1A
100
AcDbEntity
  8
F.Courtyard
  6
CONTINUOUS
100
AcDbLine
 10
397.1425279999999702
 20
-27.1029330000000002
 30
0
 11
397.1560579999999732
 21
-27.0894029999999972
 31
0
  0
LINE
  5
8F5
330
1A
100
AcDbEntity
  8
F.Courtyard
  6
CONTINUOUS
100
AcDbLine
 10
397.1560579999999732
 20
-27.0894029999999972
 30
0
 11
397.1656249999999773
 21
-27.0874999999999986
 31
0
  0
LINE
  5
8F6
330
1A
100
AcDbEntity
  8
F.Courtyard
  6
CONTINUOUS
100
AcDbLine
 10
397.1656249999999773
 20
-27.0874999999999986
 30
0
 11
399.0656249999999545
 21
-27.0874999999999986
 31
0
  0
LINE
  5
8F7
330
1A
100
AcDbEntity
  8
F.Courtyard
  6
CONTINUOUS
100
AcDbLine
 10
399.0656249999999545
 20
-27.0874999999999986
 30
0
 11
399.0751919999999586
 21
-27.0894029999999972
 31
0
  0
LINE
  5
8F8
330
1A
100
AcDbEntity
  8
F.Courtyard
  6
CONTINUOUS
100
AcDbLine
 10
397.1906249999999545
 20
-27.1374999999999993
 30
0
 11
397.1906249999999545
 21
-30.447499999999998
 31
0
  0
LINE
  5
8F9
330
1A
100
AcDbEntity
  8
F.Courtyard
  6
CONTINUOUS
100
AcDbLine
 10
397.1906249999999545
 20
-30.447499999999998
 30
0
 11
399.0406249999999773
 21
-30.447499999999998
 31
0
  0
LINE
  5
8FA
330
1A
100
AcDbEntity
  8
F.Courtyard
  6
CONTINUOUS
100
AcDbLine
 10
399.0406249999999773
 20
-30.447499999999998
 30
0
 11
399.0406249999999773
 21
-27.1374999999999993
 31
0
  0
LINE
  5
8FB
330
1A
100
AcDbEntity
  8
F.Courtyard
  6
CONTINUOUS
100
AcDbLine
 10
399.0406249999999773
 20
-27.1374999999999993
 30
0
 11
397.1906249999999545
 21
-27.1374999999999993
 31
0
  0
LINE
  5
8FC
330
1A
100
AcDbEntity
  8
F.Courtyard
  6
CONTINUOUS
100
AcDbLine
 10
426.5551919999999768
 20
-25.9094029999999975
 30
0
 11
426.5687219999999797
 21
-25.9229330000000004
 31
0
  0
LINE
  5
8FD
330
1A
100
AcDbEntity
  8
F.Courtyard
  6
CONTINUOUS
100
AcDbLine
 10
426.5687219999999797
 20
-25.9229330000000004
 30
0
 11
426.5706250000000068
 21
-25.9324999999999974
 31
0
  0
LINE
  5
8FE
330
1A
100
AcDbEntity
  8
F.Courtyard
  6
CONTINUOUS
100
AcDbLine
 10
426.5706250000000068
 20
-25.9324999999999974
 30
0
 11
426.5706250000000068
 21
-27.8924999999999983
 31
0
  0
LINE
  5
8FF
330
1A
100
AcDbEntity
  8
F.Courtyard
  6
CONTINUOUS
100
AcDbLine
 10
426.5706250000000068
 20
-27.8924999999999983
 30
0
 11
426.5687219999999797
 21
-27.9020669999999988
 31
0
  0
LINE
  5
900
330
1A
100
AcDbEntity
  8
F.Courtyard
  6
CONTINUOUS
100
AcDbLine
 10
426.5687219999999797
 20
-27.9020669999999988
 30
0
 11
426.5551919999999768
 21
-27.9155969999999982
 31
0
  0
LINE
  5
901
330
1A
100
AcDbEntity
  8
F.Courtyard
  6
CONTINUOUS
100
AcDbLine
 10
426.5551919999999768
 20
-27.9155969999999982
 30
0
 11
426.5456249999999727
 21
-27.9175000000000004
 31
0
  0
LINE
  5
902
330
1A
100
AcDbEntity
  8
F.Courtyard
  6
CONTINUOUS
100
AcDbLine
 10
426.5456249999999727
 20
-27.9175000000000004
 30
0
 11
423.1456249999999955
 21
-27.9175000000000004
 31
0
  0
LINE
  5
903
330
1A
100
AcDbEntity
  8
F.Courtyard
  6
CONTINUOUS
100
AcDbLine
 10
423.1456249999999955
 20
-27.9175000000000004
 30
0
 11
423.1360579999999914
 21
-27.9155969999999982
 31
0
  0
LINE
  5
904
330
1A
100
AcDbEntity
  8
F.Courtyard
  6
CONTINUOUS
100
AcDbLine
 10
423.1360579999999914
 20
-27.9155969999999982
 30
0
 11
423.1225279999999884
 21
-27.9020669999999988
 31
0
  0
LINE
  5
905
330
1A
100
AcDbEntity
  8
F.Courtyard
  6
CONTINUOUS
100
AcDbLine
 10
423.1225279999999884
 20
-27.9020669999999988
 30
0
 11
423.1206249999999613
 21
-27.8924999999999983
 31
0
  0
LINE
  5
906
330
1A
100
AcDbEntity
  8
F.Courtyard
  6
CONTINUOUS
100
AcDbLine
 10
423.1206249999999613
 20
-27.8924999999999983
 30
0
 11
423.1206249999999613
 21
-25.9324999999999974
 31
0
  0
LINE
  5
907
330
1A
100
AcDbEntity
  8
F.Courtyard
  6
CONTINUOUS
100
AcDbLine
 10
423.1206249999999613
 20
-25.9324999999999974
 30
0
 11
423.1225279999999884
 21
-25.9229330000000004
 31
0
  0
LINE
  5
908
330
1A
100
AcDbEntity
  8
F.Courtyard
  6
CONTINUOUS
100
AcDbLine
 10
423.1225279999999884
 20
-25.9229330000000004
 30
0
 11
423.1360579999999914
 21
-25.9094029999999975
 31
0
  0
LINE
  5
909
330
1A
100
AcDbEntity
  8
F.Courtyard
  6
CONTINUOUS
100
AcDbLine
 10
423.1360579999999914
 20
-25.9094029999999975
 30
0
 11
423.1456249999999955
 21
-25.9074999999999989
 31
0
  0
LINE
  5
90A
330
1A
100
AcDbEntity
  8
F.Courtyard
  6
CONTINUOUS
100
AcDbLine
 10
423.1456249999999955
 20
-25.9074999999999989
 30
0
 11
426.5456249999999727
 21
-25.9074999999999989
 31
0
  0
LINE
  5
90B
330
1A
100
AcDbEntity
  8
F.Courtyard
  6
CONTINUOUS
100
AcDbLine
 10
426.5456249999999727
 20
-25.9074999999999989
 30
0
 11
426.5551919999999768
 21
-25.9094029999999975
 31
0
  0
LINE
  5
90C
330
1A
100
AcDbEntity
  8
F.Courtyard
  6
CONTINUOUS
100
AcDbLine
 10
423.1706249999999727
 20
-25.9574999999999996
 30
0
 11
423.1706249999999727
 21
-27.8674999999999997
 31
0
  0
LINE
  5
90D
330
1A
100
AcDbEntity
  8
F.Courtyard
  6
CONTINUOUS
100
AcDbLine
 10
423.1706249999999727
 20
-27.8674999999999997
 30
0
 11
426.5206249999999955
 21
-27.8674999999999997
 31
0
  0
LINE
  5
90E
330
1A
100
AcDbEntity
  8
F.Courtyard
  6
CONTINUOUS
100
AcDbLine
 10
426.5206249999999955
 20
-27.8674999999999997
 30
0
 11
426.5206249999999955
 21
-25.9574999999999996
 31
0
  0
LINE
  5
90F
330
1A
100
AcDbEntity
  8
F.Courtyard
  6
CONTINUOUS
100
AcDbLine
 10
426.5206249999999955
 20
-25.9574999999999996
 30
0
 11
423.1706249999999727
 21
-25.9574999999999996
 31
0
  0
LINE
  5
910
330
1A
100
AcDbEntity
  8
F.Courtyard
  6
CONTINUOUS
100
AcDbLine
 10
426.5551919999999768
 20
-22.3375279999999989
 30
0
 11
426.5687219999999797
 21
-22.3510579999999983
 31
0
  0
LINE
  5
911
330
1A
100
AcDbEntity
  8
F.Courtyard
  6
CONTINUOUS
100
AcDbLine
 10
426.5687219999999797
 20
-22.3510579999999983
 30
0
 11
426.5706250000000068
 21
-22.3606249999999989
 31
0
  0
LINE
  5
912
330
1A
100
AcDbEntity
  8
F.Courtyard
  6
CONTINUOUS
100
AcDbLine
 10
426.5706250000000068
 20
-22.3606249999999989
 30
0
 11
426.5706250000000068
 21
-24.3206249999999997
 31
0
  0
LINE
  5
913
330
1A
100
AcDbEntity
  8
F.Courtyard
  6
CONTINUOUS
100
AcDbLine
 10
426.5706250000000068
 20
-24.3206249999999997
 30
0
 11
426.5687219999999797
 21
-24.3301920000000003
 31
0
  0
LINE
  5
914
330
1A
100
AcDbEntity
  8
F.Courtyard
  6
CONTINUOUS
100
AcDbLine
 10
426.5687219999999797
 20
-24.3301920000000003
 30
0
 11
426.5551919999999768
 21
-24.3437219999999996
 31
0
  0
LINE
  5
915
330
1A
100
AcDbEntity
  8
F.Courtyard
  6
CONTINUOUS
100
AcDbLine
 10
426.5551919999999768
 20
-24.3437219999999996
 30
0
 11
426.5456249999999727
 21
-24.3456249999999983
 31
0
  0
LINE
  5
916
330
1A
100
AcDbEntity
  8
F.Courtyard
  6
CONTINUOUS
100
AcDbLine
 10
426.5456249999999727
 20
-24.3456249999999983
 30
0
 11
423.1456249999999955
 21
-24.3456249999999983
 31
0
  0
LINE
  5
917
330
1A
100
AcDbEntity
  8
F.Courtyard
  6
CONTINUOUS
100
AcDbLine
 10
423.1456249999999955
 20
-24.3456249999999983
 30
0
 11
423.1360579999999914
 21
-24.3437219999999996
 31
0
  0
LINE
  5
918
330
1A
100
AcDbEntity
  8
F.Courtyard
  6
CONTINUOUS
100
AcDbLine
 10
423.1360579999999914
 20
-24.3437219999999996
 30
0
 11
423.1225279999999884
 21
-24.3301920000000003
 31
0
  0
LINE
  5
919
330
1A
100
AcDbEntity
  8
F.Courtyard
  6
CONTINUOUS
100
AcDbLine
 10
423.1225279999999884
 20
-24.3301920000000003
 30
0
 11
423.1206249999999613
 21
-24.3206249999999997
 31
0
  0
LINE
  5
91A
330
1A
100
AcDbEntity
  8
F.Courtyard
  6
CONTINUOUS
100
AcDbLine
 10
423.1206249999999613
 20
-24.3206249999999997
 30
0
 11
423.1206249999999613
 21
-22.3606249999999989
 31
0
  0
LINE
  5
91B
330
1A
100
AcDbEntity
  8
F.Courtyard
  6
CONTINUOUS
100
AcDbLine
 10
423.1206249999999613
 20
-22.3606249999999989
 30
0
 11
423.1225279999999884
 21
-22.3510579999999983
 31
0
  0
LINE
  5
91C
330
1A
100
AcDbEntity
  8
F.Courtyard
  6
CONTINUOUS
100
AcDbLine
 10
423.1225279999999884
 20
-22.3510579999999983
 30
0
 11
423.1360579999999914
 21
-22.3375279999999989
 31
0
  0
LINE
  5
91D
330
1A
100
AcDbEntity
  8
F.Courtyard
  6
CONTINUOUS
100
AcDbLine
 10
423.1360579999999914
 20
-22.3375279999999989
 30
0
 11
423.1456249999999955
 21
-22.3356250000000003
 31
0
  0
LINE
  5
91E
330
1A
100
AcDbEntity
  8
F.Courtyard
  6
CONTINUOUS
100
AcDbLine
 10
423.1456249999999955
 20
-22.3356250000000003
 30
0
 11
426.5456249999999727
 21
-22.3356250000000003
 31
0
  0
LINE
  5
91F
330
1A
100
AcDbEntity
  8
F.Courtyard
  6
CONTINUOUS
100
AcDbLine
 10
426.5456249999999727
 20
-22.3356250000000003
 30
0
 11
426.5551919999999768
 21
-22.3375279999999989
 31
0
  0
LINE
  5
920
330
1A
100
AcDbEntity
  8
F.Courtyard
  6
CONTINUOUS
100
AcDbLine
 10
423.1706249999999727
 20
-22.3856249999999974
 30
0
 11
423.1706249999999727
 21
-24.2956249999999976
 31
0
  0
LINE
  5
921
330
1A
100
AcDbEntity
  8
F.Courtyard
  6
CONTINUOUS
100
AcDbLine
 10
423.1706249999999727
 20
-24.2956249999999976
 30
0
 11
426.5206249999999955
 21
-24.2956249999999976
 31
0
  0
LINE
  5
922
330
1A
100
AcDbEntity
  8
F.Courtyard
  6
CONTINUOUS
100
AcDbLine
 10
426.5206249999999955
 20
-24.2956249999999976
 30
0
 11
426.5206249999999955
 21
-22.3856249999999974
 31
0
  0
LINE
  5
923
330
1A
100
AcDbEntity
  8
F.Courtyard
  6
CONTINUOUS
100
AcDbLine
 10
426.5206249999999955
 20
-22.3856249999999974
 30
0
 11
423.1706249999999727
 21
-22.3856249999999974
 31
0
  0
LINE
  5
924
330
1A
100
AcDbEntity
  8
F.Courtyard
  6
CONTINUOUS
100
AcDbLine
 10
424.8770669999999541
 20
-18.8262779999999985
 30
0
 11
424.890596999999957
 21
-18.8398079999999979
 31
0
  0
LINE
  5
925
330
1A
100
AcDbEntity
  8
F.Courtyard
  6
CONTINUOUS
100
AcDbLine
 10
424.890596999999957
 20
-18.8398079999999979
 30
0
 11
424.8924999999999841
 21
-18.8493749999999984
 31
0
  0
LINE
  5
926
330
1A
100
AcDbEntity
  8
F.Courtyard
  6
CONTINUOUS
100
AcDbLine
 10
424.8924999999999841
 20
-18.8493749999999984
 30
0
 11
424.8924999999999841
 21
-22.2493750000000006
 31
0
  0
LINE
  5
927
330
1A
100
AcDbEntity
  8
F.Courtyard
  6
CONTINUOUS
100
AcDbLine
 10
424.8924999999999841
 20
-22.2493750000000006
 30
0
 11
424.890596999999957
 21
-22.2589419999999976
 31
0
  0
LINE
  5
928
330
1A
100
AcDbEntity
  8
F.Courtyard
  6
CONTINUOUS
100
AcDbLine
 10
424.890596999999957
 20
-22.2589419999999976
 30
0
 11
424.8770669999999541
 21
-22.2724720000000005
 31
0
  0
LINE
  5
929
330
1A
100
AcDbEntity
  8
F.Courtyard
  6
CONTINUOUS
100
AcDbLine
 10
424.8770669999999541
 20
-22.2724720000000005
 30
0
 11
424.8675000000000068
 21
-22.2743749999999991
 31
0
  0
LINE
  5
92A
330
1A
100
AcDbEntity
  8
F.Courtyard
  6
CONTINUOUS
100
AcDbLine
 10
424.8675000000000068
 20
-22.2743749999999991
 30
0
 11
422.9074999999999704
 21
-22.2743749999999991
 31
0
  0
LINE
  5
92B
330
1A
100
AcDbEntity
  8
F.Courtyard
  6
CONTINUOUS
100
AcDbLine
 10
422.9074999999999704
 20
-22.2743749999999991
 30
0
 11
422.8979329999999663
 21
-22.2724720000000005
 31
0
  0
LINE
  5
92C
330
1A
100
AcDbEntity
  8
F.Courtyard
  6
CONTINUOUS
100
AcDbLine
 10
422.8979329999999663
 20
-22.2724720000000005
 30
0
 11
422.8844029999999634
 21
-22.2589419999999976
 31
0
  0
LINE
  5
92D
330
1A
100
AcDbEntity
  8
F.Courtyard
  6
CONTINUOUS
100
AcDbLine
 10
422.8844029999999634
 20
-22.2589419999999976
 30
0
 11
422.8824999999999932
 21
-22.2493750000000006
 31
0
  0
LINE
  5
92E
330
1A
100
AcDbEntity
  8
F.Courtyard
  6
CONTINUOUS
100
AcDbLine
 10
422.8824999999999932
 20
-22.2493750000000006
 30
0
 11
422.8824999999999932
 21
-18.8493749999999984
 31
0
  0
LINE
  5
92F
330
1A
100
AcDbEntity
  8
F.Courtyard
  6
CONTINUOUS
100
AcDbLine
 10
422.8824999999999932
 20
-18.8493749999999984
 30
0
 11
422.8844029999999634
 21
-18.8398079999999979
 31
0
  0
LINE
  5
930
330
1A
100
AcDbEntity
  8
F.Courtyard
  6
CONTINUOUS
100
AcDbLine
 10
422.8844029999999634
 20
-18.8398079999999979
 30
0
 11
422.8979329999999663
 21
-18.8262779999999985
 31
0
  0
LINE
  5
931
330
1A
100
AcDbEntity
  8
F.Courtyard
  6
CONTINUOUS
100
AcDbLine
 10
422.8979329999999663
 20
-18.8262779999999985
 30
0
 11
422.9074999999999704
 21
-18.8243749999999999
 31
0
  0
LINE
  5
932
330
1A
100
AcDbEntity
  8
F.Courtyard
  6
CONTINUOUS
100
AcDbLine
 10
422.9074999999999704
 20
-18.8243749999999999
 30
0
 11
424.8675000000000068
 21
-18.8243749999999999
 31
0
  0
LINE
  5
933
330
1A
100
AcDbEntity
  8
F.Courtyard
  6
CONTINUOUS
100
AcDbLine
 10
424.8675000000000068
 20
-18.8243749999999999
 30
0
 11
424.8770669999999541
 21
-18.8262779999999985
 31
0
  0
LINE
  5
934
330
1A
100
AcDbEntity
  8
F.Courtyard
  6
CONTINUOUS
100
AcDbLine
 10
422.9325000000000045
 20
-18.8743750000000006
 30
0
 11
422.9325000000000045
 21
-22.2243749999999984
 31
0
  0
LINE
  5
935
330
1A
100
AcDbEntity
  8
F.Courtyard
  6
CONTINUOUS
100
AcDbLine
 10
422.9325000000000045
 20
-22.2243749999999984
 30
0
 11
424.8424999999999727
 21
-22.2243749999999984
 31
0
  0
LINE
  5
936
330
1A
100
AcDbEntity
  8
F.Courtyard
  6
CONTINUOUS
100
AcDbLine
 10
424.8424999999999727
 20
-22.2243749999999984
 30
0
 11
424.8424999999999727
 21
-18.8743750000000006
 31
0
  0
LINE
  5
937
330
1A
100
AcDbEntity
  8
F.Courtyard
  6
CONTINUOUS
100
AcDbLine
 10
424.8424999999999727
 20
-18.8743750000000006
 30
0
 11
422.9325000000000045
 21
-18.8743750000000006
 31
0
  0
ENDSEC
  0
SECTION
  2
OBJECTS
  0
DICTIONARY
  5
20
330
0
100
AcDbDictionary
281
1
  3
ACAD_GROUP
350
938
  3
ACAD_LAYOUT
350
21
  3
ACAD_PLOTSTYLENAME
350
11
  0
DICTIONARY
  5
938
330
20
100
AcDbDictionary
281
1
  0
ACDBDICTIONARYWDFLT
  5
11
330
20
100
AcDbDictionary
281
1
  3
Normal
350
10
100
AcDbDictionaryWithDefault
340
10
  0
ACDBPLACEHOLDER
  5
10
330
11
  0
DICTIONARY
  5
21
330
20
100
AcDbDictionary
281
1
  3
Model
350
1D
  3
Layout1
350
1E
  3
Layout2
350
1F
  0
LAYOUT
  5
1D
330
21
100
AcDbPlotSettings
  1

  2
none_device
  4
A3
  6

 40
0.0
 41
0.0
 42
0.0
 43
0.0
 44
420.0
 45
297.0
 46
0.0
 47
0.0
 48
0.0
 49
0.0
140
0.0
141
0.0
142
1.0
143
1.0
 70
1024
 72
1
 73
0
 74
5
  7

 75
16
 76
0
 77
2
 78
300
147
1.0
148
0.0
149
0.0
100
AcDbLayout
  1
Model
 70
1
 71
0
 10
0.0
 20
0.0
 11
420.0
 21
297.0
 12
0.0
 22
0.0
 32
0.0
 14
1e+20
 24
1e+20
 34
1e+20
 15
-1e+20
 25
-1e+20
 35
-1e+20
146
0.0
 13
0.0
 23
0.0
 33
0.0
 16
1.0
 26
0.0
 36
0.0
 17
0.0
 27
1.0
 37
0.0
 76
0
330
1A
  0
LAYOUT
  5
1E
330
21
100
AcDbPlotSettings
  1

  2
none_device
  4
A3
  6

 40
0.0
 41
0.0
 42
0.0
 43
0.0
 44
420.0
 45
297.0
 46
0.0
 47
0.0
 48
0.0
 49
0.0
140
0.0
141
0.0
142
1.0
143
1.0
 70
0
 72
1
 73
0
 74
5
  7

 75
16
 76
0
 77
2
 78
300
147
1.0
148
0.0
149
0.0
100
AcDbLayout
  1
Layout1
 70
1
 71
1
 10
0.0
 20
0.0
 11
420.0
 21
297.0
 12
0.0
 22
0.0
 32
0.0
 14
1e+20
 24
1e+20
 34
1e+20
 15
-1e+20
 25
-1e+20
 35
-1e+20
146
0.0
 13
0.0
 23
0.0
 33
0.0
 16
1.0
 26
0.0
 36
0.0
 17
0.0
 27
1.0
 37
0.0
 76
0
330
1B
  0
LAYOUT
  5
1F
330
21
100
AcDbPlotSettings
  1

  2
none_device
  4
A3
  6

 40
0.0
 41
0.0
 42
0.0
 43
0.0
 44
420.0
 45
297.0
 46
0.0
 47
0.0
 48
0.0
 49
0.0
140
0.0
141
0.0
142
1.0
143
1.0
 70
0
 72
1
 73
0
 74
5
  7

 75
16
 76
0
 77
2
 78
300
147
1.0
148
0.0
149
0.0
100
AcDbLayout
  1
Layout2
 70
1
 71
2
 10
0.0
 20
0.0
 11
420.0
 21
297.0
 12
0.0
 22
0.0
 32
0.0
 14
1e+20
 24
1e+20
 34
1e+20
 15
-1e+20
 25
-1e+20
 35
-1e+20
146
0.0
 13
0.0
 23
0.0
 33
0.0
 16
1.0
 26
0.0
 36
0.0
 17
0.0
 27
1.0
 37
0.0
 76
0
330
1C
  0
ENDSEC
  0
EOF
